LastName,FullName_x,team,FullTeam,position,GP,G,A,PPP,SHP,GWG,SOG,+/-,PIM,FOW,HIT,W,GAA,SV%,SO,name_key,BLK,historical_G,historical_A,historical_+/-,historical_PIM,historical_PPP,historical_SHP,historical_SOG,historical_FOW,historical_HIT,historical_BLK,historical_W,historical_GAA,historical_SV%,historical_SO,low_sample,projection_available,eligible_positions,scheduled_games,playoff_games,rival_week_games,z_G,z_A,z_+/-,z_PIM,z_PPP,z_SHP,z_SOG,z_FOW,z_HIT,z_BLK,z_W,z_GAA,z_SV%,z_SO,skater_value,goalie_value,FullName_y,fantasy_team,manager,rank
Kiersted,Matt Kiersted,MIN,Minnesota Wild,D,3.0,0.0,28.0,0.0,28.0,0.0,112.0,28.0,0.0,0.0,0.0,,,,,mattkiersted,,0.0,28.0,28.0,0.0,0.0,28.0,112.0,0.0,0.0,,,,,,False,False,['D'],2,0.0,0.0,-0.9736178256750143,0.421335968430337,1.2258899445268687,-1.0375131283472458,-0.6194488057366755,15.420371512068211,-0.09191333893250665,-0.544774682906941,-1.3095156283325264,0.0,,,,,12.490814015094507,,,,,1
Pageau,Jean-Gabriel Pageau,NYI,New York Islanders,C,28.0,18.0,24.0,0.0,12.0,2.0,90.0,-3.0,6.0,771.0,120.0,,,,,jeangabrielpageau,,18.0,24.0,-3.0,6.0,0.0,12.0,90.0,771.0,120.0,,,,,,False,False,"['C', 'RW']",3,0.0,0.0,0.47751441734002037,0.19626536174073933,0.010848343015800342,-0.878426388484563,-0.6194488057366755,6.41328642111572,-0.44044797479531245,3.153136455427235,0.2895508319857218,0.0,,,,,8.602278661608686,,Jean-Gabriel Pageau,KYYYYLE….,jeremy elgressy,2
Armia,Joel Armia,LAK,Los Angeles Kings,R,34.0,19.764705882352942,17.294117647058822,2.4705882352941178,9.882352941176471,0.0,108.70588235294119,12.352941176470589,49.411764705882355,19.764705882352942,69.17647058823529,,,,,joelarmia,,19.764705882352942,17.294117647058822,12.352941176470589,49.411764705882355,2.4705882352941178,9.882352941176471,108.70588235294119,19.764705882352942,69.17647058823529,,,,,,False,False,[],3,0.0,0.0,0.6197822843022788,-0.1810588906506451,0.6126051893049632,0.2726129646395539,-0.39611004422240803,5.22117221790142,-0.14410034323281962,-0.4499781510933846,-0.38770084532553634,0.0,,,,,5.167224381623422,,,,,3
Terry,Troy Terry,ANA,Anaheim Ducks,R,36.0,23.333333333333336,58.33333333333333,16.333333333333332,9.333333333333332,1.0,205.33333333333334,28.0,18.666666666666664,4.666666666666666,0.0,,,,,troyterry,,23.333333333333336,58.33333333333333,28.0,18.666666666666664,16.333333333333332,9.333333333333332,205.33333333333334,4.666666666666666,0.0,,,,,,False,False,['RW'],2,0.0,0.0,0.9074795263815123,2.128121402493119,1.2258899445268687,-0.5425766043300104,0.8570685620520924,4.912105572623638,1.3867184495763665,-0.5223921684509624,-1.3095156283325264,0.0,,,,,9.042899056540097,,Troy Terry,The Makar Of The Devil,Lev,4
Dickinson,Jason Dickinson,CHI,Chicago Blackhawks,C,22.0,11.454545454545453,11.454545454545453,0.0,7.636363636363637,0.0,114.54545454545453,-26.727272727272727,30.545454545454547,645.2727272727273,84.0,,,,,jasondickinson,,11.454545454545453,11.454545454545453,-26.727272727272727,30.545454545454547,0.0,7.636363636363637,114.54545454545453,645.2727272727273,84.0,,,,,,False,False,['C'],3,0.0,0.0,-0.05017003466544689,-0.5096379046948171,-0.9191395103401785,-0.2276169981372242,-0.6194488057366755,3.956808669037768,-0.05158701742771941,2.5501166341424613,-0.19016910610975268,0.0,,,,,3.9391559260684157,,,,,5
Reinhart,Sam Reinhart,FLA,Florida Panthers,C,35.0,45.599999999999994,38.4,28.8,7.2,5.0,220.8,-19.2,9.6,74.39999999999999,74.39999999999999,,,,,samreinhart,,45.599999999999994,38.4,-19.2,9.6,28.8,7.2,220.8,74.39999999999999,74.39999999999999,,,,,,False,False,"['C', 'RW']",2,0.0,0.0,2.7025838566297398,1.006519545823291,-0.6241088809996611,-0.7829743445669534,1.984043042772499,3.7111608938299727,1.6317488602435513,-0.18793345243733964,-0.3180944229352127,0.0,,,,,9.122945098359887,,Sam Reinhart,The Makar Of The Devil,Lev,6
Lundell,Anton Lundell,FLA,Florida Panthers,C,35.0,26.4,38.4,19.2,7.2,2.0,184.8,-12.0,43.199999999999996,799.2,98.4,,,,,antonlundell,,26.4,38.4,-12.0,43.199999999999996,19.2,7.2,184.8,799.2,98.4,,,,,,False,False,['C'],2,0.0,0.0,1.1547094640803697,1.006519545823291,-0.3419056703261227,0.10791139866407036,1.1162124266027742,3.7111608938299727,1.0614194561044146,3.2883907927826486,0.0017188691284371715,0.0,,,,,11.106137176689856,,Anton Lundell,The Makar Of The Devil,Lev,7
Coleman,Blake Coleman,CGY,Calgary Flames,L,36.0,23.333333333333336,16.333333333333332,0.0,7.0,2.0,193.66666666666666,28.0,58.33333333333333,21.0,196.0,,,,,blakecoleman,,23.333333333333336,16.333333333333332,28.0,58.33333333333333,0.0,7.0,193.66666666666666,21.0,196.0,,,,,,False,False,"['C', 'LW', 'RW']",2,0.0,0.0,0.9074795263815123,-0.23511996774765628,1.2258899445268687,0.5091635092066148,-0.6194488057366755,3.5985723301930665,1.2018894760127572,-0.44405336785503735,1.3022929235206122,0.0,,,,,7.446665568502063,,Blake Coleman,The Makar Of The Devil,Lev,8
Carlsson,Leo Carlsson,ANA,Anaheim Ducks,C,36.0,39.666666666666664,56.0,25.666666666666668,7.0,3.0,207.66666666666669,23.333333333333336,58.33333333333333,646.3333333333334,11.666666666666668,,,,,leocarlsson,,39.666666666666664,56.0,23.333333333333336,58.33333333333333,25.666666666666668,7.0,207.66666666666669,646.3333333333334,11.666666666666668,,,,,,False,False,['C'],2,0.0,0.0,2.2242476728210807,1.9968302152575208,1.042980456127353,0.5091635092066148,1.7007927722171028,3.5985723301930665,1.4236842442890885,2.555203569246093,-1.1540508335793633,0.0,,,,,13.897423935778559,,Leo Carlsson,Better Safe Than Sorokin,Harley Pesner,9
Gaunce,Brendan Gaunce,CBJ,Columbus Blue Jackets,C,12.0,7.0,21.0,0.0,7.0,0.0,77.0,0.0,70.0,217.0,238.0,,,,,brendangaunce,,7.0,21.0,0.0,70.0,0.0,7.0,77.0,217.0,238.0,,,,,,False,False,['C'],2,0.0,0.0,-0.4092886200580564,0.027462406723541066,0.12843301412977468,0.8184988367173871,-0.6194488057366755,3.5985723301930665,-0.646400259623334,0.4960122392960631,1.8619661846319993,0.0,,,,,5.255807326273766,,,,,10
Farabee,Joel Farabee,CGY,Calgary Flames,L,36.0,21.0,21.0,7.0,7.0,0.0,158.66666666666666,-7.0,21.0,30.333333333333332,67.66666666666667,,,,,joelfarabee,,21.0,21.0,-7.0,21.0,7.0,7.0,158.66666666666666,30.333333333333332,67.66666666666667,,,,,,False,False,[],2,0.0,0.0,0.7193697911758594,0.027462406723541066,-0.14593121846949877,-0.480709538827856,0.013344351887082202,3.5985723301930665,0.6474025553219297,-0.39928833894308025,-0.40781981876418083,0.0,,,,,3.572402520296863,,,,,11
Hallander,Filip Hallander,PIT,Pittsburgh Penguins,C,13.0,6.461538461538462,19.384615384615387,0.0,6.461538461538462,1.0,142.15384615384616,25.846153846153847,12.923076923076923,0.0,19.384615384615387,,,,,filiphallander,,6.461538461538462,19.384615384615387,25.846153846153847,12.923076923076923,0.0,6.461538461538462,142.15384615384616,0.0,19.384615384615387,,,,,,False,False,['C'],2,0.0,0.0,-0.4526985589516685,-0.06343149213187325,1.141470180650169,-0.6948647655660829,-0.6194488057366755,3.29544927424755,0.38579846966266784,-0.544774682906941,-1.0512048924349633,0.0,,,,,1.3962947268321828,,,,,12
Karlsson,William Karlsson,VGK,Vegas Golden Knights,C,14.0,24.0,18.0,6.0,6.0,1.0,180.0,-6.0,24.0,546.0,18.0,,,,,williamkarlsson,,24.0,18.0,-6.0,24.0,6.0,6.0,180.0,546.0,18.0,,,,,,False,False,['C'],2,0.0,0.0,0.9612251650116985,-0.1413405482936572,-0.106736328098174,-0.4011661688965146,-0.07705467063059747,3.0356295120085357,0.9853755355525294,2.0739795084425534,-1.0696556592847892,0.0,,,,,5.260256345811584,,,,,13
Miller,K'Andre Miller,CAR,Carolina Hurricanes,D,28.0,6.0,33.0,9.0,6.0,0.0,153.0,6.0,78.0,0.0,122.99999999999999,,,,,kandremiller,,6.0,33.0,6.0,78.0,9.0,6.0,153.0,0.0,122.99999999999999,,,,,,False,False,['D'],2,0.0,0.0,-0.48990707800333605,0.7026742267923342,0.36360235635772337,1.0306144898676308,0.19414239692244153,3.0356295120085357,0.5576284824481769,-0.544774682906941,0.32952749349367777,0.0,,,,,5.179137196980243,,K'Andre Miller,The Makar Of The Devil,Lev,14
Barron,Morgan Barron,WPG,Winnipeg Jets,C,29.0,20.27586206896552,14.482758620689657,0.0,5.793103448275862,2.0,127.44827586206895,17.379310344827587,52.13793103448276,408.41379310344826,194.06896551724137,,,,,morganbarron,,20.27586206896552,14.482758620689657,17.379310344827587,52.13793103448276,0.0,5.793103448275862,127.44827586206895,408.41379310344826,194.06896551724137,,,,,,False,False,['C'],1,0.0,0.0,0.6609909078361743,-0.3392474610724413,0.8096131778245227,0.3448957835629636,-0.6194488057366755,2.9191585841082883,0.15282571571723766,1.4140812374128398,1.276560819561468,0.0,,,,,6.6194299592143775,,,,,15
Poehling,Ryan Poehling,ANA,Anaheim Ducks,C,29.0,5.793103448275862,31.86206896551724,0.0,5.793103448275862,0.0,81.10344827586208,0.0,11.586206896551724,431.58620689655174,34.758620689655174,,,,,ryanpoehling,,5.793103448275862,31.86206896551724,0.0,11.586206896551724,0.0,5.793103448275862,81.10344827586208,431.58620689655174,34.758620689655174,,,,,,False,False,['C'],2,0.0,0.0,-0.5065867589575319,0.6386455197168449,0.12843301412977468,-0.730311147922755,-0.6194488057366755,2.9191585841082883,-0.5813914482319955,1.5252219988494233,-0.8463377570679304,0.0,,,,,1.9273831988874432,,,,,16
Foligno,Nick Foligno,CHI,Chicago Blackhawks,L,15.0,0.0,33.6,5.6,5.6,0.0,89.6,11.2,89.6,476.0,229.6,,,,,nickfoligno,,0.0,33.6,11.2,89.6,5.6,5.6,89.6,476.0,229.6,,,,,,False,False,[],3,0.0,0.0,-0.9736178256750143,0.7364348177957738,0.5674157862886122,1.3381821869354842,-0.11321427963766936,2.8104523847347234,-0.44678496817463625,1.7382417916028745,1.7500315324097218,0.0,,,,,7.407141426279869,,,,,17
Rakell,Rickard Rakell,PIT,Pittsburgh Penguins,R,15.0,22.4,44.8,28.0,5.6,0.0,218.4,-11.2,11.2,5.6,123.19999999999999,,,,,rickardrakell,,22.4,44.8,-11.2,11.2,28.0,5.6,218.4,5.6,123.19999999999999,,,,,,False,False,"['C', 'LW', 'RW']",2,0.0,0.0,0.8322356322992509,1.366632516526647,-0.3105497580290628,-0.7405512139369046,1.9117238247583552,2.8104523847347234,1.5937268999676086,-0.5179156655597668,0.3321926042608749,0.0,,,,,7.277947225021726,,Rickard Rakell,Filip Use the Forceberg,Philip,18
Helleson,Drew Helleson,ANA,Anaheim Ducks,D,33.0,5.090909090909091,17.81818181818182,0.0,5.090909090909091,0.0,68.72727272727273,-15.272727272727273,20.363636363636363,0.0,89.0909090909091,,,,,drewhelleson,,5.090909090909091,17.81818181818182,-15.272727272727273,20.363636363636363,0.0,5.090909090909091,68.72727272727273,0.0,89.0909090909091,,,,,,False,False,['D'],2,0.0,0.0,-0.5631965852263177,-0.15157103041591152,-0.4701798569959129,-0.4975823748738981,-0.6194488057366755,2.5238633136589623,-0.7774608045138931,-0.544774682906941,-0.12232992294473606,0.0,,,,,-1.2226807499553234,,,,,19
Moore,Trevor Moore,LAK,Los Angeles Kings,L,33.0,10.181818181818182,20.363636363636363,0.0,5.090909090909091,0.0,160.36363636363637,2.5454545454545454,15.272727272727273,5.090909090909091,38.18181818181818,,,,,trevormoore,,10.181818181818182,20.363636363636363,2.5454545454545454,15.272727272727273,0.0,5.090909090909091,160.36363636363637,5.090909090909091,38.18181818181818,,,,,,False,False,[],3,0.0,0.0,-0.15277534477762097,-0.008344280704349491,0.22820182598405592,-0.632565063242235,-0.6194488057366755,2.5238633136589623,0.674286769658455,-0.5203573944095098,-0.800721754594902,0.0,,,,,0.6921392658361804,,,,,20
Crevier,Louis Crevier,CHI,Chicago Blackhawks,D,34.0,7.411764705882353,22.235294117647058,0.0,4.9411764705882355,1.0,123.52941176470588,9.882352941176471,86.47058823529412,0.0,118.58823529411765,,,,,louiscrevier,,7.411764705882353,22.235294117647058,9.882352941176471,86.47058823529412,0.0,4.9411764705882355,123.52941176470588,0.0,118.58823529411765,,,,,,False,False,['D'],3,0.0,0.0,-0.3760927844335294,0.09696950584826972,0.5157707542699255,1.2552075343796536,-0.6194488057366755,2.439572410401386,0.09074117611858946,-0.544774682906941,0.27073828539374245,0.0,,,,,3.1286833933344207,,,,,21
Jarvis,Seth Jarvis,CAR,Carolina Hurricanes,C,34.0,46.94117647058824,24.705882352941178,7.411764705882353,4.9411764705882355,4.0,271.7647058823529,0.0,14.823529411764707,49.411764705882355,106.23529411764706,,,,,sethjarvis,,46.94117647058824,24.705882352941178,0.0,14.823529411764707,7.411764705882353,4.9411764705882355,271.7647058823529,49.411764705882355,106.23529411764706,,,,,,False,False,"['C', 'LW', 'RW']",2,0.0,0.0,2.810707435521057,0.2359837040977272,0.12843301412977468,-0.6444753004512059,0.050567478806126796,2.439572410401386,2.4391563696326815,-0.3077833533730501,0.1061285027139227,0.0,,,,,7.25829026147842,,Seth Jarvis,Better Safe Than Sorokin,Harley Pesner,22
Laughton,Scott Laughton,TOR,Toronto Maple Leafs,C,17.0,19.764705882352942,4.9411764705882355,0.0,4.9411764705882355,1.0,113.64705882352942,0.0,29.647058823529413,573.1764705882352,158.11764705882354,,,,,scottlaughton,,19.764705882352942,4.9411764705882355,0.0,29.647058823529413,0.0,4.9411764705882355,113.64705882352942,573.1764705882352,158.11764705882354,,,,,,False,False,['C'],3,0.0,0.0,0.6197822843022788,-0.876129881897932,0.12843301412977468,-0.251437472555166,-0.6194488057366755,2.439572410401386,-0.06581983678234993,2.204324739686193,0.7974895899691654,0.0,,,,,4.3767660415166745,,,,,23
Power,Owen Power,BUF,Buffalo Sabres,D,34.0,7.411764705882353,17.294117647058822,0.0,4.9411764705882355,0.0,123.52941176470588,-14.823529411764707,9.882352941176471,0.0,42.0,,,,,owenpower,,7.411764705882353,17.294117647058822,-14.823529411764707,9.882352941176471,0.0,4.9411764705882355,123.52941176470588,0.0,42.0,,,,,,False,False,['D'],2,0.0,0.0,-0.3760927844335294,-0.1810588906506451,-0.4525735960804515,-0.7754879097498859,-0.6194488057366755,2.439572410401386,0.09074117611858946,-0.544774682906941,-0.7498423672211395,0.0,,,,,-1.1689654502592925,,,,,24
Laferriere,Alex Laferriere,LAK,Los Angeles Kings,R,34.0,17.294117647058822,19.764705882352942,2.4705882352941178,4.9411764705882355,1.0,177.88235294117646,4.9411764705882355,14.823529411764707,138.35294117647058,227.29411764705884,,,,,alexlaferriere,,17.294117647058822,19.764705882352942,4.9411764705882355,14.823529411764707,2.4705882352941178,4.9411764705882355,177.88235294117646,138.35294117647058,227.29411764705884,,,,,,False,False,[],3,0.0,0.0,0.42060727055511693,-0.042044692401187585,0.3221018841998501,-0.6444753004512059,-0.39611004422240803,2.439572410401386,0.9518267470737566,0.11880103978795341,1.7193043729761557,0.0,,,,,4.8895836879194166,,,,,25
Walman,Jake Walman,EDM,Edmonton Oilers,D,17.0,14.823529411764707,34.588235294117645,4.9411764705882355,4.9411764705882355,1.0,113.64705882352942,-14.823529411764707,39.529411764705884,0.0,34.588235294117645,,,,,jakewalman,,14.823529411764707,34.588235294117645,-14.823529411764707,39.529411764705884,4.9411764705882355,4.9411764705882355,113.64705882352942,0.0,34.588235294117645,,,,,,False,False,['D'],2,0.0,0.0,0.22143225680795547,0.7920404970955566,-0.4525735960804515,0.010587746042193966,-0.17277128270814063,2.439572410401386,-0.06581983678234993,-0.544774682906941,-0.8486082368290314,0.0,,,,,1.3790852750401772,,,,,26
Connor,Kyle Connor,WPG,Winnipeg Jets,L,35.0,40.8,62.400000000000006,24.0,4.8,1.0,285.59999999999997,14.4,19.2,0.0,24.0,,,,,kyleconnor,,40.8,62.400000000000006,14.4,19.2,24.0,4.8,285.59999999999997,0.0,24.0,,,,,,False,False,['LW'],1,0.0,0.0,2.3156152584923975,2.3569431859608776,0.6928394354768516,-0.5284355607866609,1.5501277346876365,2.3600981301870987,2.6583417876939963,-0.544774682906941,-0.9897023362688768,0.0,,,,,9.871052952536377,,Kyle Connor,KYYYYLE….,jeremy elgressy,27
McLeod,Ryan McLeod,BUF,Buffalo Sabres,C,35.0,14.4,31.200000000000003,7.2,4.8,1.0,100.8,7.2,4.8,583.2,21.599999999999998,,,,,ryanmcleod,,14.4,31.200000000000003,7.2,4.8,7.2,4.8,100.8,583.2,21.599999999999998,,,,,,False,False,['C'],2,0.0,0.0,0.18728796873701345,0.6013924537820153,0.41063622480331313,-0.9102437364570997,0.03142415639061815,2.3600981301870987,-0.2693491535535715,2.2524001236773543,-1.021683665475242,0.0,,,,,3.6419625020915,,,,,28
Graf,Collin Graf,SJS,San Jose Sharks,R,35.0,21.599999999999998,24.0,0.0,4.8,1.0,96.0,4.8,4.8,7.2,81.6,,,,,collingraf,,21.599999999999998,24.0,4.8,4.8,0.0,4.8,96.0,7.2,81.6,,,,,,False,False,[],2,0.0,0.0,0.7677408659430272,0.19626536174073933,0.3165684879121336,-0.9102437364570997,-0.6194488057366755,2.3600981301870987,-0.34539307410545633,-0.5102416606034311,-0.22215043531611772,0.0,,,,,1.0331951335642184,,,,,29
Holmstrom,Simon Holmstrom,NYI,New York Islanders,R,35.0,14.4,19.2,2.4,4.8,1.0,84.0,-9.6,24.0,4.8,14.4,,,,,simonholmstrom,,14.4,19.2,-9.6,24.0,2.4,4.8,84.0,4.8,14.4,,,,,,False,False,[],3,0.0,0.0,0.18728796873701345,-0.07381936628677793,-0.2478379334349432,-0.4011661688965146,-0.4024911516942443,2.3600981301870987,-0.5355028754851686,-0.5217526680379345,-1.1176276530943365,0.0,,,,,-0.7528117180058074,,,,,30
Stone,Mark Stone,VGK,Vegas Golden Knights,R,18.0,32.666666666666664,93.33333333333334,60.666666666666664,4.666666666666666,1.0,219.33333333333334,23.333333333333336,0.0,4.666666666666666,42.0,,,,,markstone,,32.666666666666664,93.33333333333334,23.333333333333336,0.0,60.666666666666664,4.666666666666666,219.33333333333334,4.666666666666666,42.0,,,,,,False,False,['RW'],2,0.0,0.0,1.6599184672041225,4.0974892110271,1.042980456127353,-1.0375131283472458,4.864758560335891,2.2850390877624944,1.6085132178526975,-0.5223921684509624,-0.7498423672211395,0.0,,,,,13.24895133629031,,Mark Stone,Better Safe Than Sorokin,Harley Pesner,31
Kapanen,Oliver Kapanen,MTL,Montréal Canadiens,C,36.0,25.666666666666668,18.666666666666664,2.333333333333333,4.666666666666666,1.0,144.66666666666669,0.0,23.333333333333336,343.0,35.0,,,,,oliverkapanen,,25.666666666666668,18.666666666666664,0.0,23.333333333333336,2.333333333333333,4.666666666666666,144.66666666666669,343.0,35.0,,,,,,False,False,['C'],2,0.0,0.0,1.0955892615871647,-0.10382878051205771,0.12843301412977468,-0.4188424733257015,-0.40851775319542294,2.2850390877624944,0.4256077870455992,1.1003401296074848,-0.8431212440730373,0.0,,,,,3.2606990290262985,,,,,32
Mercer,Dawson Mercer,NJD,New Jersey Devils,C,36.0,23.333333333333336,30.333333333333332,14.0,4.666666666666666,1.0,170.33333333333331,21.0,28.0,179.66666666666666,44.333333333333336,,,,,dawsonmercer,,23.333333333333336,30.333333333333332,21.0,28.0,14.0,4.666666666666666,170.33333333333331,179.66666666666666,44.333333333333336,,,,,,False,False,['C'],2,0.0,0.0,0.9074795263815123,0.5526271556659356,0.9515257119275952,-0.2951083423213927,0.6461375095108398,2.2850390877624944,0.8322315288855388,0.3169521236482344,-0.7187494082705069,0.0,,,,,5.4781348931902505,,,,,33
Anderson,Josh Anderson,MTL,Montréal Canadiens,R,36.0,18.666666666666664,9.333333333333332,0.0,4.666666666666666,0.0,105.0,-14.0,72.33333333333334,35.0,163.33333333333334,,,,,joshanderson,,18.666666666666664,9.333333333333332,-14.0,72.33333333333334,0.0,4.666666666666666,105.0,35.0,163.33333333333334,,,,,,False,False,[],2,0.0,0.0,0.5312600559702066,-0.6289935294544522,-0.42029545106877225,0.8803659022195418,-0.6194488057366755,2.2850390877624944,-0.20281072307067213,-0.37690582448710164,0.8669914982117559,0.0,,,,,2.3152022103463255,,,,,34
Dellandrea,Ty Dellandrea,SJS,San Jose Sharks,C,36.0,4.666666666666666,21.0,0.0,4.666666666666666,0.0,95.66666666666666,-23.333333333333336,28.0,534.3333333333333,245.0,,,,,tydellandrea,,4.666666666666666,21.0,-23.333333333333336,28.0,0.0,4.666666666666666,95.66666666666666,534.3333333333333,245.0,,,,,,False,False,['C'],2,0.0,0.0,-0.5973983552637091,0.027462406723541066,-0.7861144278678036,-0.2951083423213927,-0.6194488057366755,2.2850390877624944,-0.35067390192155956,2.0180232223026064,1.955245061483897,0.0,,,,,3.6370259451613984,,,,,35
Faksa,Radek Faksa,DAL,Dallas Stars,C,36.0,2.333333333333333,32.666666666666664,0.0,4.666666666666666,0.0,44.333333333333336,18.666666666666664,28.0,373.33333333333337,102.66666666666667,,,,,radekfaksa,,2.333333333333333,32.666666666666664,18.666666666666664,28.0,0.0,4.666666666666666,44.333333333333336,373.33333333333337,102.66666666666667,,,,,,False,False,['C'],2,0.0,0.0,-0.7855080904693615,0.6839183429015342,0.8600709677278372,-0.2951083423213927,-0.6194488057366755,2.2850390877624944,-1.1639213856014397,1.2458264735713458,0.058574565495308206,0.0,,,,,2.2694428133296505,,,,,36
Backlund,Mikael Backlund,CGY,Calgary Flames,C,36.0,21.0,28.0,0.0,4.666666666666666,1.0,186.66666666666669,32.666666666666664,18.666666666666664,798.0,37.33333333333333,,,,,mikaelbacklund,,21.0,28.0,32.666666666666664,18.666666666666664,0.0,4.666666666666666,186.66666666666669,798.0,37.33333333333333,,,,,,False,False,['C'],2,0.0,0.0,0.7193697911758594,0.421335968430337,1.4087994329263842,-0.5425766043300104,-0.6194488057366755,2.2850390877624944,1.0909920918745921,3.2826352890653965,-0.8120282851224048,0.0,,,,,7.2341179660459725,,,,,37
LaCombe,Jackson LaCombe,ANA,Anaheim Ducks,D,36.0,14.0,35.0,14.0,4.666666666666666,0.0,189.0,4.666666666666666,18.666666666666664,0.0,70.0,,,,,jacksonlacombe,,14.0,35.0,4.666666666666666,18.666666666666664,14.0,4.666666666666666,189.0,0.0,70.0,,,,,,False,False,['D'],2,0.0,0.0,0.15504058555890154,0.8152095301371329,0.3113425025292903,-0.5425766043300104,0.6461375095108398,2.2850390877624944,1.1279578865873137,-0.544774682906941,-0.3767268598135483,0.0,,,,,3.876648955035473,,Jackson LaCombe,Oy Matvey,Henry,38
Nurse,Darnell Nurse,EDM,Edmonton Oilers,D,37.0,13.621621621621623,18.16216216216216,0.0,4.54054054054054,0.0,177.08108108108107,-11.351351351351353,106.7027027027027,0.0,113.51351351351352,,,,,darnellnurse,,13.621621621621623,18.16216216216216,-11.351351351351353,106.7027027027027,0.0,4.54054054054054,177.08108108108107,0.0,113.51351351351352,,,,,,False,False,['D'],2,0.0,0.0,0.12453630417420122,-0.13221606423867355,-0.316481957652831,1.791651056237762,-0.6194488057366755,2.2140372908743555,0.9391326108925993,-0.544774682906941,0.20311480710365434,0.0,,,,,3.6595505587474517,,Darnell Nurse,Hagel Cream Cheese & Larks,Ilan Weintraub,39
Boldy,Matt Boldy,MIN,Minnesota Wild,L,37.0,49.94594594594595,47.67567567567568,31.783783783783786,4.54054054054054,2.0,279.2432432432432,27.243243243243246,45.40540540540541,54.48648648648649,56.75675675675676,,,,,mattboldy,,49.94594594594595,47.67567567567568,27.243243243243246,45.40540540540541,31.783783783783786,4.54054054054054,279.2432432432432,54.48648648648649,56.75675675675676,,,,,,False,False,"['LW', 'RW']",2,0.0,0.0,3.052947317105443,1.5284400337683581,1.1962289464080282,0.16638652466765133,2.253774180230657,2.2140372908743555,2.557634973990149,-0.28344370331281266,-0.553200410614436,0.0,,,,,12.132805153117394,,Matt Boldy,Slaffing From The Throne,Rob,40
Cernak,Erik Cernak,TBL,Tampa Bay Lightning,D,19.0,0.0,17.684210526315788,0.0,4.421052631578947,0.0,57.473684210526315,0.0,92.8421052631579,0.0,176.8421052631579,,,,,erikcernak,,0.0,17.684210526315788,0.0,92.8421052631579,0.0,4.421052631578947,57.473684210526315,0.0,176.8421052631579,,,,,,False,False,['D'],3,0.0,0.0,-0.9736178256750143,-0.1591092804007308,0.12843301412977468,1.424144846370057,-0.6194488057366755,2.1467724306645395,-0.9557455943245325,-0.544774682906941,1.0470033658206814,0.0,,,,,1.4936574679411585,,,,,41
Chabot,Thomas Chabot,OTT,Ottawa Senators,D,20.0,8.4,42.0,21.0,4.2,0.0,109.2,29.4,42.0,0.0,54.6,,,,,thomaschabot,,8.4,42.0,29.4,42.0,21.0,4.2,109.2,0.0,54.6,,,,,,False,False,['D'],2,0.0,0.0,-0.29642277893466473,1.2090830918439288,1.2807627910467232,0.07609405069153391,1.2789306671345977,2.02233243927638,-0.1362722925877728,-0.544774682906941,-0.5819403888877235,0.0,,,,,4.307792896676062,,,,,42
Steeves,Alex Steeves,BOS,Boston Bruins,C,20.0,29.4,8.4,0.0,4.2,0.0,117.6,12.6,79.8,4.2,327.59999999999997,,,,,alexsteeves,,29.4,8.4,12.6,79.8,0.0,4.2,117.6,4.2,327.59999999999997,,,,,,False,False,['C'],2,0.0,0.0,1.396564837916209,-0.6815100043486916,0.6222886328084669,1.0783405118264355,-0.6194488057366755,2.02233243927638,-0.003195431621974355,-0.5246304198965602,3.0559358083362906,0.0,,,,,6.3466775685598815,,,,,43
Toropchenko,Alexey Toropchenko,STL,St. Louis Blues,R,21.0,4.0,4.0,0.0,4.0,0.0,72.0,-24.0,68.0,4.0,168.0,,,,,alexeytoropchenko,,4.0,4.0,-24.0,68.0,0.0,4.0,72.0,4.0,168.0,,,,,,False,False,[],2,0.0,0.0,-0.6511439938938954,-0.929087671707249,-0.81224435478202,0.7654699234298261,-0.6194488057366755,1.909743875639474,-0.7256126768648808,-0.5255896705161022,0.9291774161130211,0.0,,,,,-0.6587359583185015,,,,,44
Beecher,John Beecher,CGY,Calgary Flames,C,21.0,4.0,8.0,0.0,4.0,0.0,80.0,-24.0,8.0,132.0,60.0,,,,,johnbeecher,,4.0,8.0,-24.0,8.0,0.0,4.0,80.0,132.0,60.0,,,,,,False,False,['C'],2,0.0,0.0,-0.6511439938938954,-0.7040170650176514,-0.81224435478202,-0.8253974751970021,-0.6194488057366755,1.909743875639474,-0.598872809278406,0.0883307259907389,-0.5099823981734023,0.0,,,,,-2.7230323004488395,,,,,45
Jenner,Boone Jenner,CBJ,Columbus Blue Jackets,C,21.0,20.0,36.0,8.0,4.0,1.0,184.00000000000003,-20.0,52.0,224.0,176.0,,,,,boonejenner,,20.0,36.0,-20.0,52.0,8.0,4.0,184.00000000000003,224.0,176.0,,,,,,False,False,"['C', 'LW']",2,0.0,0.0,0.6387513332305798,0.8714771818095324,-0.6554647932967209,0.3412386171293386,0.10374337440476186,1.909743875639474,1.0487454693457674,0.529586010980031,1.0357818468009043,0.0,,,,,5.823602916043669,,Boone Jenner,Slaffing From The Throne,Rob,46
Reilly,Mike Reilly,CAR,Carolina Hurricanes,D,22.0,3.8181818181818183,15.272727272727273,0.0,3.8181818181818183,0.0,137.45454545454547,26.727272727272727,30.545454545454547,0.0,30.545454545454547,,,,,mikereilly,,3.8181818181818183,15.272727272727273,26.727272727272727,30.545454545454547,0.0,3.8181818181818183,137.45454545454547,0.0,30.545454545454547,,,,,,False,False,['D'],2,0.0,0.0,-0.6658018953384918,-0.29479778012747376,1.176005538599728,-0.2276169981372242,-0.6194488057366755,1.8073906359695595,0.311349876115368,-0.544774682906941,-0.9024805293424268,0.0,,,,,0.0398253590954224,,,,,47
Benson,Zach Benson,BUF,Buffalo Sabres,L,22.0,11.454545454545453,49.63636363636364,19.09090909090909,3.8181818181818183,2.0,156.54545454545453,15.272727272727273,38.18181818181818,11.454545454545453,38.18181818181818,,,,,zachbenson,,11.454545454545453,49.63636363636364,15.272727272727273,38.18181818181818,19.09090909090909,3.8181818181818183,156.54545454545453,11.454545454545453,38.18181818181818,,,,,,False,False,['LW'],2,0.0,0.0,-0.05017003466544689,1.6387633409786155,0.7270458852554623,-0.02514296558471885,1.1063507150553908,1.8073906359695595,0.6137972874012735,-0.48983578378772086,-0.800721754594902,0.0,,,,,4.527477326027513,,Zach Benson,Hagel Cream Cheese & Larks,Ilan Weintraub,48
Kuznetsov,Yan Kuznetsov,CGY,Calgary Flames,D,22.0,7.636363636363637,15.272727272727273,0.0,3.8181818181818183,1.0,72.54545454545455,-7.636363636363637,7.636363636363637,0.0,141.27272727272728,,,,,yankuznetsov,,7.636363636363637,15.272727272727273,-7.636363636363637,7.636363636363637,0.0,3.8181818181818183,72.54545454545455,0.0,141.27272727272728,,,,,,False,False,['D'],2,0.0,0.0,-0.3579859650019693,-0.29479778012747376,-0.1708734214330691,-0.8350390957947404,-0.6194488057366755,1.8073906359695595,-0.716971322256712,-0.544774682906941,0.5730217044966841,0.0,,,,,-1.1594787327913376,,,,,49
Schwartz,Jaden Schwartz,SEA,Seattle Kraken,L,23.0,29.217391304347824,25.56521739130435,10.956521739130434,3.652173913043478,2.0,175.30434782608694,21.913043478260867,29.217391304347824,43.826086956521735,87.65217391304347,,,,,jadenschwartz,,29.217391304347824,25.56521739130435,21.913043478260867,29.217391304347824,10.956521739130434,3.652173913043478,175.30434782608694,43.826086956521735,87.65217391304347,,,,,,False,False,[],3,0.0,0.0,1.3818432064653314,0.28433646870623425,0.9873123509622829,-0.2628298733637469,0.3710100496744234,1.713937678010072,0.910984743708294,-0.33457367758122913,-0.14150186601311046,0.0,,,,,4.910519080568551,,,,,50
Palmieri,Kyle Palmieri,NYI,New York Islanders,C,25.0,20.16,40.32,16.8,3.36,1.0,238.56,-6.72,26.88,6.72,63.84,,,,,kylepalmieri,,20.16,40.32,-6.72,26.88,16.8,3.36,238.56,6.72,63.84,,,,,,False,False,['C'],3,0.0,0.0,0.6516502865018245,1.114553437034298,-0.13495664916552783,-0.32480453376242685,0.899254772560343,1.5494604720013743,1.9131113662855252,-0.5125438620903319,-0.45881227144321834,0.0,,,,,4.696913017921861,,,,,51
Doughty,Drew Doughty,LAK,Los Angeles Kings,D,27.0,6.222222222222221,24.888888888888886,3.1111111111111107,3.1111111111111107,0.0,112.0,31.11111111111111,31.11111111111111,0.0,40.44444444444444,,,,,drewdoughty,,6.222222222222221,24.888888888888886,31.11111111111111,31.11111111111111,3.1111111111111107,3.1111111111111107,112.0,0.0,40.44444444444444,,,,,,False,False,['D'],3,0.0,0.0,-0.4719918651266073,0.2462810521162053,1.347829603459879,-0.21261892165185345,-0.33820740234833874,1.4093502594754466,-0.09191333893250665,-0.544774682906941,-0.7705710065215613,0.0,,,,,0.5733836975637222,,,,,52
Pinto,Shane Pinto,OTT,Ottawa Senators,C,27.0,37.33333333333333,18.666666666666664,3.1111111111111107,3.1111111111111107,1.0,202.22222222222223,12.444444444444443,49.77777777777777,504.0,105.77777777777779,,,,,shanepinto,,37.33333333333333,18.666666666666664,12.444444444444443,49.77777777777777,3.1111111111111107,3.1111111111111107,202.22222222222223,504.0,105.77777777777779,,,,,,False,False,['C'],2,0.0,0.0,2.0361379376154276,-0.10382878051205771,0.6161916498618163,0.28231760236538184,-0.33820740234833874,1.4093502594754466,1.3374307232927374,1.872536878338746,0.10003184409615172,0.0,,,,,7.21196071218531,,Shane Pinto,Better Safe Than Sorokin,Harley Pesner,53
Bäck,Oskar Back,DAL,Dallas Stars,C,27.0,9.333333333333332,12.444444444444443,0.0,3.1111111111111107,1.0,52.88888888888889,18.666666666666664,18.666666666666664,24.888888888888886,34.22222222222222,,,,,oskarback,,9.333333333333332,12.444444444444443,18.666666666666664,18.666666666666664,0.0,3.1111111111111107,52.88888888888889,24.888888888888886,34.22222222222222,,,,,,False,False,['C'],2,0.0,0.0,-0.22117888485240383,-0.45393861314032075,0.8600709677278372,-0.5425766043300104,-0.6194488057366755,1.4093502594754466,-1.0283801383214595,-0.4254012724750552,-0.8534855637232481,0.0,,,,,-1.8749886553758897,,,,,54
Fox,Adam Fox,NYR,New York Rangers,D,27.0,9.333333333333332,71.55555555555556,24.888888888888886,3.1111111111111107,1.0,158.66666666666666,12.444444444444443,31.11111111111111,0.0,46.66666666666667,,,,,adamfox,,9.333333333333332,71.55555555555556,12.444444444444443,31.11111111111111,24.888888888888886,3.1111111111111107,158.66666666666666,0.0,46.66666666666667,,,,,,False,False,['D'],2,0.0,0.0,-0.22117888485240383,2.8721047968281783,0.6161916498618163,-0.21261892165185345,1.6304824213700182,1.4093502594754466,0.6474025553219297,-0.544774682906941,-0.6876564493198742,0.0,,,,,5.509302744126316,,Adam Fox,Hintz 57,Ryan,55
Luostarinen,Eetu Luostarinen,FLA,Florida Panthers,C,27.0,9.333333333333332,31.11111111111111,3.1111111111111107,3.1111111111111107,0.0,133.77777777777777,-3.1111111111111107,31.11111111111111,31.11111111111111,177.33333333333334,,,,,eetuluostarinen,,9.333333333333332,31.11111111111111,-3.1111111111111107,31.11111111111111,3.1111111111111107,3.1111111111111107,133.77777777777777,31.11111111111111,177.33333333333334,,,,,,False,False,['C'],2,0.0,0.0,-0.22117888485240383,0.5963908847444686,0.006493355196764271,-0.21261892165185345,-0.33820740234833874,1.4093502594754466,0.253100745052897,-0.3955579198670838,1.0535492519155516,0.0,,,,,2.151321367665448,,,,,56
Wood,Miles Wood,CBJ,Columbus Blue Jackets,L,28.0,24.0,12.0,0.0,3.0,1.0,141.0,-15.0,42.0,3.0,105.0,,,,,mileswood,,24.0,12.0,-15.0,42.0,0.0,3.0,141.0,3.0,105.0,,,,,,False,False,[],2,0.0,0.0,0.9612251650116985,-0.4789464583280537,-0.45949034144009704,0.07609405069153391,-0.6194488057366755,1.3468010574549434,0.36751868106846464,-0.5303859236138119,0.08966752444594074,0.0,,,,,0.7530349495539431,,,,,57
Eller,Lars Eller,OTT,Ottawa Senators,C,28.0,6.0,12.0,0.0,3.0,0.0,72.0,-18.0,18.0,474.00000000000006,63.0,,,,,larseller,,6.0,12.0,-18.0,18.0,0.0,3.0,72.0,474.00000000000006,63.0,,,,,,False,False,['C'],2,0.0,0.0,-0.48990707800333605,-0.4789464583280537,-0.5770750125540713,-0.5602529087591974,-0.6194488057366755,1.3468010574549434,-0.7256126768648808,1.7286492854074553,-0.4700057366654461,0.0,,,,,-0.8457983340492624,,,,,58
Lorentz,Steven Lorentz,TOR,Toronto Maple Leafs,C,28.0,9.0,18.0,0.0,3.0,0.0,78.0,-3.0,30.0,90.0,189.0,,,,,stevenlorentz,,9.0,18.0,-3.0,30.0,0.0,3.0,78.0,90.0,189.0,,,,,,False,False,['C'],3,0.0,0.0,-0.24805170416749697,-0.1413405482936572,0.010848343015800342,-0.24207942903383176,-0.6194488057366755,1.3468010574549434,-0.6305577761750247,-0.11311190411306833,1.2090140466687145,0.0,,,,,0.5720732796197037,,,,,59
Pettersson,Elias Pettersson,VAN,Vancouver Canucks,C,28.0,24.0,42.0,24.0,3.0,0.0,162.0,-24.0,30.0,894.0,84.0,,,,,eliaspettersson,,24.0,42.0,-24.0,30.0,24.0,3.0,162.0,894.0,84.0,,,,,,False,False,"['C', 'LW']",2,0.0,0.0,0.9612251650116985,1.2090830918439288,-0.81224435478202,-0.24207942903383176,1.5501277346876365,1.3468010574549434,0.7002108334829611,3.7430755864455274,-0.19016910610975268,0.0,,,,,8.266030579001091,,Elias Pettersson,The Makar Of The Devil,Lev,60
Nugent-Hopkins,Ryan Nugent-Hopkins,EDM,Edmonton Oilers,C,28.0,30.0,60.0,48.0,3.0,1.0,138.0,-24.0,18.0,195.00000000000003,36.0,,,,,ryannugenthopkins,,30.0,60.0,-24.0,18.0,48.0,3.0,138.0,195.00000000000003,36.0,,,,,,False,False,"['C', 'LW']",2,0.0,0.0,1.444935912683377,2.2219008219471186,-0.81224435478202,-0.5602529087591974,3.7197042751119485,1.3468010574549434,0.3199912307235366,0.3904946711464499,-0.8297956902370519,0.0,,,,,7.241535015289104,,Ryan Nugent-Hopkins,Slaffing From The Throne,Rob,61
Brown,Connor Brown,NJD,New Jersey Devils,R,29.0,26.06896551724138,17.379310344827587,0.0,2.896551724137931,1.0,121.65517241379311,2.896551724137931,17.379310344827587,11.586206896551724,31.86206896551724,,,,,connorbrown,,26.06896551724138,17.379310344827587,2.896551724137931,17.379310344827587,0.0,2.896551724137931,121.65517241379311,11.586206896551724,31.86206896551724,,,,,,False,False,[],2,0.0,0.0,1.1280219745536566,-0.17626529760756024,0.24196304141223265,-0.5767101577105094,-0.6194488057366755,1.2885655935048195,0.06104857022358378,-0.4892043021886493,-0.8849359130066468,0.0,,,,,-0.02696529655574864,,,,,62
Garland,Conor Garland,VAN,Vancouver Canucks,R,29.0,20.27586206896552,34.758620689655174,23.17241379310345,2.896551724137931,1.0,205.65517241379308,-17.379310344827587,37.6551724137931,14.482758620689657,49.241379310344826,,,,,conorgarland,,20.27586206896552,34.758620689655174,-17.379310344827587,37.6551724137931,23.17241379310345,2.896551724137931,205.65517241379308,14.482758620689657,49.241379310344826,,,,,,False,False,[],2,0.0,0.0,0.6609909078361743,0.8016276831817263,-0.5527471495649733,-0.039106691967650216,1.475314750535074,1.2885655935048195,1.391817179881569,-0.47531170700907643,-0.6533469773743488,0.0,,,,,3.897803589023315,,,,,63
Cooley,Logan Cooley,UTA,Utah Mammoth,C,29.0,40.55172413793104,26.06896551724138,11.586206896551724,2.896551724137931,1.0,170.8965517241379,17.379310344827587,63.72413793103448,385.2413793103448,98.48275862068965,,,,,logancooley,,40.55172413793104,26.06896551724138,17.379310344827587,63.72413793103448,11.586206896551724,2.896551724137931,170.8965517241379,385.2413793103448,98.48275862068965,,,,,,False,False,['C'],1,0.0,0.0,2.295599641347363,0.31268119278708306,0.8096131778245227,0.6520977639874543,0.4279329723991993,1.2885655935048195,0.8411543069196439,1.3029404759762566,0.002821673583828939,0.0,,,,,7.9334067983301715,,Logan Cooley,The Makar Of The Devil,Lev,64
Danault,Phillip Danault,MTL,Montréal Canadiens,C,30.0,0.0,14.0,0.0,2.8,0.0,117.6,8.4,16.8,613.1999999999999,61.599999999999994,,,,,phillipdanault,,0.0,14.0,8.4,16.8,0.0,2.8,117.6,613.1999999999999,61.599999999999994,,,,,,False,False,['C'],2,0.0,0.0,-0.9736178256750143,-0.3664111549832549,0.45767009324890284,-0.592070256731734,-0.6194488057366755,1.2342124938180372,-0.003195431621974355,2.3962877166086445,-0.48866151203582575,0.0,,,,,1.0447653168911055,,,,,65
Marchenko,Kirill Marchenko,CBJ,Columbus Blue Jackets,R,31.0,27.096774193548388,43.354838709677416,27.096774193548388,2.7096774193548385,2.0,249.29032258064515,8.129032258064516,37.935483870967744,0.0,73.16129032258064,,,,,kirillmarchenko,,27.096774193548388,43.354838709677416,8.129032258064516,37.935483870967744,27.096774193548388,2.7096774193548385,249.29032258064515,0.0,73.16129032258064,,,,,,False,False,['RW'],2,0.0,0.0,1.2108823251003067,1.285316684432341,0.4470495423095761,-0.03167438598963828,1.8300730947423867,1.1833660457239505,2.0831063241644165,-0.544774682906941,-0.3346009154288203,0.0,,,,,7.128744032147576,,Kirill Marchenko,Filip Use the Forceberg,Philip,66
Cirelli,Anthony Cirelli,TBL,Tampa Bay Lightning,C,31.0,24.38709677419355,27.096774193548388,8.129032258064516,2.7096774193548385,2.0,154.4516129032258,46.064516129032256,21.677419354838708,642.1935483870968,54.193548387096776,,,,,anthonycirelli,,24.38709677419355,27.096774193548388,46.064516129032256,21.677419354838708,8.129032258064516,2.7096774193548385,154.4516129032258,642.1935483870968,54.193548387096776,,,,,,False,False,['C'],3,0.0,0.0,0.9924323100227749,0.3705135733713956,1.9339266738153162,-0.4627481327143273,0.1154077644070431,1.1833660457239505,0.5806256358408838,2.5353481128738538,-0.5873565817371885,0.0,,,,,6.661515401603702,,Anthony Cirelli,Better Safe Than Sorokin,Harley Pesner,67
Joseph,Mathieu Joseph,STL,St. Louis Blues,R,31.0,5.419354838709677,16.258064516129032,0.0,2.7096774193548385,1.0,73.16129032258064,0.0,10.838709677419354,8.129032258064516,184.25806451612902,,,,,mathieujoseph,,5.419354838709677,16.258064516129032,0.0,10.838709677419354,0.0,2.7096774193548385,73.16129032258064,8.129032258064516,184.25806451612902,,,,,,False,False,[],2,0.0,0.0,-0.5367177955199501,-0.23935516733590137,0.12843301412977468,-0.7501306305307867,-0.6194488057366755,1.1833660457239505,-0.7072149541507152,-0.505785786757817,1.1458251300916222,0.0,,,,,-0.9010289500864985,,,,,68
Horvat,Bo Horvat,NYI,New York Islanders,C,32.0,49.875,31.5,28.875,2.625,3.0,291.375,13.125,68.25,879.375,49.875,,,,,bohorvat,,49.875,31.5,13.125,68.25,28.875,2.625,291.375,879.375,49.875,,,,,,False,False,['C'],3,0.0,0.0,3.047227764345811,0.618272749283735,0.6428659502534125,0.7720985375907713,1.9908229694613249,1.1356975006357444,2.7498321296079835,3.672930384891523,-0.6449036307627545,0.0,,,,,13.984844355307551,,Bo Horvat,Hagel Cream Cheese & Larks,Ilan Weintraub,69
Roy,Nicolas Roy,TOR,Toronto Maple Leafs,C,32.0,7.875,21.0,2.625,2.625,0.0,94.5,7.875,15.75,538.125,91.875,,,,,nicolasroy,,7.875,21.0,7.875,15.75,2.625,2.625,94.5,538.125,91.875,,,,,,False,False,['C'],3,0.0,0.0,-0.33874746935593664,0.027462406723541066,0.43709277580395733,-0.6199104362077035,-0.38215137162776636,1.1356975006357444,-0.36915679927792033,2.0362090152980894,-0.08523036965136765,0.0,,,,,1.8412652523406376,,,,,70
Hagel,Brandon Hagel,TBL,Tampa Bay Lightning,L,32.0,47.25,34.125,10.5,2.625,4.0,249.375,47.25,52.5,42.0,65.625,,,,,brandonhagel,,47.25,34.125,47.25,52.5,10.5,2.625,249.375,42.0,65.625,,,,,,False,False,"['LW', 'RW']",3,0.0,0.0,2.8356043122394516,0.7659753349237834,1.9803915841748707,0.35449584545122886,0.32974093069896104,1.1356975006357444,2.084447824778991,-0.3433320528031337,-0.4350261578459844,0.0,,,,,8.707995122253914,,Brandon Hagel,Hagel Cream Cheese & Larks,Ilan Weintraub,71
Thomas,Robert Thomas,STL,St. Louis Blues,C,33.0,22.909090909090907,45.81818181818181,20.363636363636363,2.5454545454545454,0.0,134.9090909090909,5.090909090909091,20.363636363636363,768.7272727272727,17.81818181818182,,,,,robertthomas,,22.909090909090907,45.81818181818181,5.090909090909091,20.363636363636363,20.363636363636363,2.5454545454545454,134.9090909090909,768.7272727272727,17.81818181818182,,,,,,False,False,['C'],2,0.0,0.0,0.8732777563441205,1.4239232164112718,0.32797063783833724,-0.4975823748738981,1.2214040164415287,1.0909179582801567,0.2710235546105803,3.1422358802051673,-1.0720784872549685,0.0,,,,,6.781092158002297,,Robert Thomas,Hagel Cream Cheese & Larks,Ilan Weintraub,72
Nazar,Frank Nazar,CHI,Chicago Blackhawks,C,33.0,15.272727272727273,38.18181818181818,15.272727272727273,2.5454545454545454,1.0,168.0,-17.81818181818182,50.909090909090914,453.09090909090907,50.909090909090914,,,,,franknazar,,15.272727272727273,38.18181818181818,-17.81818181818182,50.909090909090914,15.272727272727273,2.5454545454545454,168.0,453.09090909090907,50.909090909090914,,,,,,False,False,['C'],3,0.0,0.0,0.25764589567107576,0.9942429672765856,-0.5699486688501942,0.31231375533612366,0.7611908108969777,1.0909179582801567,0.7952657341728172,1.628363993364434,-0.6311237966823605,0.0,,,,,4.638868649465616,,Frank Nazar,Filip Use the Forceberg,Philip,73
Martinook,Jordan Martinook,CAR,Carolina Hurricanes,L,33.0,10.181818181818182,17.81818181818182,0.0,2.5454545454545454,2.0,114.54545454545453,10.181818181818182,43.27272727272727,40.72727272727273,142.54545454545456,,,,,jordanmartinook,,10.181818181818182,17.81818181818182,10.181818181818182,43.27272727272727,0.0,2.5454545454545454,114.54545454545453,40.72727272727273,142.54545454545456,,,,,,False,False,[],2,0.0,0.0,-0.15277534477762097,-0.15157103041591152,0.5275082615468997,0.10983972278361816,-0.6194488057366755,1.0909179582801567,-0.05158701742771941,-0.3494363749274915,0.5899815002879383,0.0,,,,,0.9934288696131939,,,,,74
Stephenson,Chandler Stephenson,SEA,Seattle Kraken,C,33.0,22.909090909090907,30.545454545454547,20.363636363636363,2.5454545454545454,0.0,142.54545454545456,-22.909090909090907,15.272727272727273,865.4545454545454,22.909090909090907,,,,,chandlerstephenson,,22.909090909090907,30.545454545454547,-22.909090909090907,15.272727272727273,20.363636363636363,2.5454545454545454,142.54545454545456,865.4545454545454,22.909090909090907,,,,,,False,False,['C'],3,0.0,0.0,0.8732777563441205,0.5645627181418993,-0.7694862925587564,-0.632565063242235,1.2214040164415287,1.0909179582801567,0.39200251912494294,3.6061643616563597,-1.0042393040899518,0.0,,,,,5.342038670098065,,,,,75
Mikheyev,Ilya Mikheyev,CHI,Chicago Blackhawks,R,33.0,15.272727272727273,10.181818181818182,0.0,2.5454545454545454,1.0,152.72727272727272,-10.181818181818182,20.363636363636363,0.0,35.63636363636364,,,,,ilyamikheyev,,15.272727272727273,10.181818181818182,-10.181818181818182,20.363636363636363,0.0,2.5454545454545454,152.72727272727272,0.0,35.63636363636364,,,,,,False,False,[],3,0.0,0.0,0.25764589567107576,-0.5812512795505981,-0.2706422332873504,-0.4975823748738981,-0.6194488057366755,1.0909179582801567,0.5533078051440924,-0.544774682906941,-0.8346413461774103,0.0,,,,,-1.4464690634375486,,,,,76
Lindgren,Ryan Lindgren,SEA,Seattle Kraken,D,33.0,2.5454545454545454,10.181818181818182,0.0,2.5454545454545454,1.0,63.63636363636363,0.0,99.27272727272728,0.0,45.81818181818181,,,,,ryanlindgren,,2.5454545454545454,10.181818181818182,0.0,99.27272727272728,0.0,2.5454545454545454,63.63636363636363,0.0,45.81818181818181,,,,,,False,False,['D'],3,0.0,0.0,-0.768407205450666,-0.5812512795505981,0.12843301412977468,1.5946492948353248,-0.6194488057366755,1.0909179582801567,-0.8581134475234682,-0.544774682906941,-0.6989629798473772,0.0,,,,,-1.2569581337704696,,,,,77
Moser,J.J. Moser,TBL,Tampa Bay Lightning,D,33.0,7.636363636363637,22.909090909090907,0.0,2.5454545454545454,0.0,124.72727272727273,56.0,30.545454545454547,0.0,63.63636363636363,,,,,jjmoser,,7.636363636363637,22.909090909090907,56.0,30.545454545454547,0.0,2.5454545454545454,124.72727272727273,0.0,63.63636363636363,,,,,,False,False,['D'],3,0.0,0.0,-0.3579859650019693,0.13488246900721254,2.3233468749239625,-0.2276169981372242,-0.6194488057366755,1.0909179582801567,0.10971826859143069,-0.544774682906941,-0.46152583876981906,0.0,,,,,1.4475132802501334,,J.J. Moser,Hagel Cream Cheese & Larks,Ilan Weintraub,78
Byfield,Quinton Byfield,LAK,Los Angeles Kings,R,33.0,10.181818181818182,38.18181818181818,12.727272727272728,2.5454545454545454,2.0,183.27272727272725,2.5454545454545454,35.63636363636364,478.54545454545456,53.45454545454545,,,,,quintonbyfield,,10.181818181818182,38.18181818181818,2.5454545454545454,35.63636363636364,12.727272727272728,2.5454545454545454,183.27272727272725,478.54545454545456,53.45454545454545,,,,,,False,False,"['C', 'LW']",3,0.0,0.0,-0.15277534477762097,0.9942429672765856,0.22820182598405592,-0.09263430976888717,0.5310842081247023,1.0909179582801567,1.0372236632015415,1.7504504358515902,-0.5972042050998523,0.0,,,,,4.789507199072272,,Quinton Byfield,Oy Matvey,Henry,79
Edmundson,Joel Edmundson,LAK,Los Angeles Kings,D,34.0,4.9411764705882355,27.176470588235297,2.4705882352941178,2.4705882352941178,0.0,111.17647058823529,14.823529411764707,42.0,0.0,111.17647058823529,,,,,joeledmundson,,4.9411764705882355,27.176470588235297,14.823529411764707,42.0,2.4705882352941178,2.4705882352941178,111.17647058823529,0.0,111.17647058823529,,,,,,False,False,['D'],3,0.0,0.0,-0.5752677981806911,0.3749979023471847,0.7094396243400009,0.07609405069153391,-0.39611004422240803,1.0487725066513685,-0.10496009000758501,-0.544774682906941,0.1719724157858505,0.0,,,,,0.7601638844983134,,,,,80
Evans,Jake Evans,MTL,Montréal Canadiens,C,34.0,12.352941176470589,12.352941176470589,0.0,2.4705882352941178,0.0,84.0,-32.11764705882353,44.470588235294116,583.0588235294118,108.70588235294119,,,,,jakeevans,,12.352941176470589,12.352941176470589,-32.11764705882353,44.470588235294116,0.0,2.4705882352941178,84.0,583.0588235294118,108.70588235294119,,,,,,False,False,['C'],2,0.0,0.0,0.022257243060793845,-0.45908728714955976,-1.1304146413257152,0.14160035534087384,-0.6194488057366755,1.0487725066513685,-0.5355028754851686,2.2517230055929716,0.1390504592498868,0.0,,,,,0.8589499601987757,,,,,81
Sanheim,Travis Sanheim,PHI,Philadelphia Flyers,D,34.0,7.411764705882353,32.11764705882353,7.411764705882353,2.4705882352941178,1.0,108.70588235294119,7.411764705882353,24.705882352941178,0.0,51.88235294117647,,,,,travissanheim,,7.411764705882353,32.11764705882353,7.411764705882353,24.705882352941178,7.411764705882353,2.4705882352941178,108.70588235294119,0.0,51.88235294117647,,,,,,False,False,['D'],3,0.0,0.0,-0.3760927844335294,0.6530262988460993,0.4189363192348878,-0.382450081853846,0.050567478806126796,1.0487725066513685,-0.14410034323281962,-0.544774682906941,-0.6181545410772838,0.0,,,,,0.10573017003406249,,,,,82
Kempe,Adrian Kempe,LAK,Los Angeles Kings,R,34.0,32.11764705882353,42.0,14.823529411764707,2.4705882352941178,5.0,244.58823529411762,17.294117647058822,69.17647058823529,34.588235294117645,155.64705882352942,,,,,adriankempe,,32.11764705882353,42.0,17.294117647058822,69.17647058823529,14.823529411764707,2.4705882352941178,244.58823529411762,34.588235294117645,155.64705882352942,,,,,,False,False,['RW'],3,0.0,0.0,1.6156573530380869,1.2090830918439288,0.8062740593750385,0.7966634018342736,0.720583763348929,1.0487725066513685,2.008613584155098,-0.37888075223321743,0.7645676334332014,0.0,,,,,8.591334641446707,,Adrian Kempe,Slaffing From The Throne,Rob,83
Ekblad,Aaron Ekblad,FLA,Florida Panthers,D,34.0,2.4705882352941178,24.705882352941178,4.9411764705882355,2.4705882352941178,1.0,126.0,-24.705882352941178,49.411764705882355,0.0,93.88235294117648,,,,,aaronekblad,,2.4705882352941178,24.705882352941178,-24.705882352941178,49.411764705882355,4.9411764705882355,2.4705882352941178,126.0,0.0,93.88235294117648,,,,,,False,False,['D'],2,0.0,0.0,-0.7744428119278527,0.2359837040977272,-0.8399113362206023,0.2726129646395539,-0.17277128270814063,1.0487725066513685,0.12988142934382432,-0.544774682906941,-0.05848127996589685,0.0,,,,,-0.7031307889969597,,Aaron Ekblad,Filip Use the Forceberg,Philip,84
Ceci,Cody Ceci,LAK,Los Angeles Kings,D,34.0,2.4705882352941178,12.352941176470589,0.0,2.4705882352941178,0.0,74.11764705882352,-7.411764705882353,19.764705882352942,0.0,37.05882352941176,,,,,codyceci,,2.4705882352941178,12.352941176470589,-7.411764705882353,19.764705882352942,0.0,2.4705882352941178,74.11764705882352,0.0,37.05882352941176,,,,,,False,False,['D'],3,0.0,0.0,-0.7744428119278527,-0.45908728714955976,-0.1620702909753384,-0.513462691152526,-0.6194488057366755,1.0487725066513685,-0.6920638883861082,-0.544774682906941,-0.8156862802930674,0.0,,,,,-3.5322642318767006,,,,,85
Dumoulin,Brian Dumoulin,LAK,Los Angeles Kings,D,34.0,0.0,14.823529411764707,0.0,2.4705882352941178,0.0,88.94117647058823,2.4705882352941178,19.764705882352942,0.0,49.411764705882355,,,,,briandumoulin,,0.0,14.823529411764707,2.4705882352941178,19.764705882352942,0.0,2.4705882352941178,88.94117647058823,0.0,49.411764705882355,,,,,,False,False,['D'],3,0.0,0.0,-0.9736178256750143,-0.3200730889001024,0.2252674491648124,-0.513462691152526,-0.6194488057366755,1.0487725066513685,-0.4572223690346989,-0.544774682906941,-0.6510764976132477,0.0,,,,,-2.805636005203025,,,,,86
Tuch,Alex Tuch,BUF,Buffalo Sabres,R,34.0,27.176470588235297,44.470588235294116,7.411764705882353,2.4705882352941178,1.0,214.94117647058823,9.882352941176471,101.29411764705881,34.588235294117645,91.41176470588235,,,,,alextuch,,27.176470588235297,44.470588235294116,9.882352941176471,101.29411764705881,7.411764705882353,2.4705882352941178,214.94117647058823,34.588235294117645,91.41176470588235,,,,,,False,False,"['LW', 'RW']",2,0.0,0.0,1.2173073255437636,1.3480972900933863,0.5157707542699255,1.6482453622756932,0.050567478806126796,1.0487725066513685,1.5389305454522797,-0.37888075223321743,-0.09140323650186095,0.0,,,,,6.897407274357465,,Alex Tuch,KYYYYLE….,jeremy elgressy,87
O'Connor,Drew O'Connor,VAN,Vancouver Canucks,L,35.0,16.8,12.0,0.0,2.4,1.0,98.4,-4.8,43.199999999999996,86.39999999999999,64.8,,,,,drewoconnor,,16.8,12.0,-4.8,43.199999999999996,0.0,2.4,98.4,86.39999999999999,64.8,,,,,,False,False,[],2,0.0,0.0,0.3807722678056848,-0.4789464583280537,-0.05970245965258426,0.10791139866407036,-0.6194488057366755,1.0090353665442249,-0.30737111382951376,-0.13037841526482327,-0.44601973976067244,0.0,,,,,-0.5441479595583429,,,,,88
Kelly,Parker Kelly,COL,Colorado Avalanche,C,35.0,16.8,14.4,0.0,2.4,2.0,120.0,24.0,24.0,60.0,180.0,,,,,parkerkelly,,16.8,14.4,24.0,24.0,0.0,2.4,120.0,60.0,180.0,,,,,,False,False,['C'],2,0.0,0.0,0.3807722678056848,-0.3439040943142951,1.0691103830415696,-0.4011661688965146,-0.6194488057366755,1.0090353665442249,0.03482652865396819,-0.2569994970443592,1.0890840621448459,0.0,,,,,1.9613100421984488,,,,,89
Suter,Pius Suter,STL,St. Louis Blues,C,35.0,16.8,16.8,4.8,2.4,2.0,141.6,-7.2,28.8,348.00000000000006,62.400000000000006,,,,,piussuter,,16.8,16.8,-7.2,28.8,4.8,2.4,141.6,348.00000000000006,62.400000000000006,,,,,,False,False,['C'],2,0.0,0.0,0.3807722678056848,-0.20886173030053645,-0.15377019654376375,-0.2738967770063683,-0.18553349765181307,1.0090353665442249,0.3770241711374501,1.1243213950960336,-0.4780010689670373,0.0,,,,,1.5910899301138746,,,,,90
Aho,Sebastian Aho,CAR,Carolina Hurricanes,C,35.0,31.200000000000003,43.199999999999996,19.2,2.4,2.0,201.6,4.8,33.6,648.0,72.0,,,,,sebastianaho,,31.200000000000003,43.199999999999996,4.8,33.6,19.2,2.4,201.6,648.0,72.0,,,,,,False,False,['C'],2,0.0,0.0,1.5416780622177129,1.2766042738508079,0.3165684879121336,-0.146627385116222,1.1162124266027742,1.0090353665442249,1.3275731780360114,2.563197324408942,-0.3500757521415775,0.0,,,,,8.654165982314806,,Sebastian Aho,Slaffing From The Throne,Rob,91
O'Reilly,Ryan O'Reilly,NSH,Nashville Predators,C,35.0,24.0,48.0,9.6,2.4,5.0,141.6,14.4,9.6,806.4,21.599999999999998,,,,,ryanoreilly,,24.0,48.0,14.4,9.6,9.6,2.4,141.6,806.4,21.599999999999998,,,,,,False,False,['C'],2,0.0,0.0,0.9612251650116985,1.5466890018783255,0.6928394354768516,-0.7829743445669534,0.2483818104330493,1.0090353665442249,0.3770241711374501,3.322923815086158,-1.021683665475242,0.0,,,,,6.353460755525562,,Ryan O'Reilly,The Makar Of The Devil,Lev,92
Grzelcyk,Matt Grzelcyk,CHI,Chicago Blackhawks,D,35.0,0.0,14.4,0.0,2.4,0.0,93.60000000000001,7.2,43.199999999999996,0.0,38.4,,,,,mattgrzelcyk,,0.0,14.4,7.2,43.199999999999996,0.0,2.4,93.60000000000001,0.0,38.4,,,,,,False,False,['D'],3,0.0,0.0,-0.9736178256750143,-0.3439040943142951,0.41063622480331313,0.10791139866407036,-0.6194488057366755,1.0090353665442249,-0.3834150343813986,-0.544774682906941,-0.797814361030687,0.0,,,,,-2.135391814033403,,,,,93
Wotherspoon,Parker Wotherspoon,PIT,Pittsburgh Penguins,D,35.0,4.8,19.2,0.0,2.4,1.0,81.6,2.4,67.2,0.0,165.60000000000002,,,,,parkerwotherspoon,,4.8,19.2,2.4,67.2,0.0,2.4,81.6,0.0,165.60000000000002,,,,,,False,False,['D'],2,0.0,0.0,-0.5866492275376717,-0.07381936628677793,0.22250075102095418,0.7442583581148019,-0.6194488057366755,1.0090353665442249,-0.5735248357611111,-0.544774682906941,0.8971960869066564,0.0,,,,,0.4747736443574603,,,,,94
Scheifele,Mark Scheifele,WPG,Winnipeg Jets,C,35.0,40.8,62.400000000000006,19.2,2.4,2.0,172.79999999999998,21.599999999999998,52.8,657.6,26.4,,,,,markscheifele,,40.8,62.400000000000006,21.599999999999998,52.8,19.2,2.4,172.79999999999998,657.6,26.4,,,,,,False,False,['C'],1,0.0,0.0,2.3156152584923975,2.3569431859608776,0.9750426461503898,0.36245018244436294,1.1162124266027742,1.0090353665442249,0.8713096547247018,2.6092413541469552,-0.9577210070625117,0.0,,,,,10.658129068004172,,Mark Scheifele,Hagel Cream Cheese & Larks,Ilan Weintraub,95
Raddysh,Taylor Raddysh,NYR,New York Rangers,R,35.0,12.0,7.2,0.0,2.4,0.0,67.2,7.2,9.6,0.0,81.6,,,,,taylorraddysh,,12.0,7.2,7.2,9.6,0.0,2.4,67.2,0.0,81.6,,,,,,False,False,[],2,0.0,0.0,-0.0061963303316578565,-0.749031186355571,0.41063622480331313,-0.7829743445669534,-0.6194488057366755,1.0090353665442249,-0.8016565974167656,-0.544774682906941,-0.22215043531611772,0.0,,,,,-2.306560791283144,,,,,96
Guentzel,Jake Guentzel,TBL,Tampa Bay Lightning,C,35.0,40.8,45.599999999999994,26.4,2.4,3.0,232.79999999999998,16.8,31.200000000000003,177.6,36.0,,,,,jakeguentzel,,40.8,45.599999999999994,16.8,31.200000000000003,26.4,2.4,232.79999999999998,177.6,36.0,,,,,,False,False,['LW'],3,0.0,0.0,2.3156152584923975,1.4116466378645665,0.786907172368031,-0.2102620810612951,1.7670853887300677,1.0090353665442249,1.821858661623263,0.30703986724630106,-0.8297956902370519,0.0,,,,,8.379130581570504,,Jake Guentzel,Hintz 57,Ryan,97
Werenski,Zach Werenski,CBJ,Columbus Blue Jackets,D,35.0,33.6,62.400000000000006,24.0,2.4,0.0,316.8,14.4,14.4,0.0,40.8,,,,,zachwerenski,,33.6,62.400000000000006,14.4,14.4,24.0,2.4,316.8,0.0,40.8,,,,,,False,False,['D'],2,0.0,0.0,1.735162361286384,2.3569431859608776,0.6928394354768516,-0.6557049526768072,1.5501277346876365,1.0090353665442249,3.152627271281249,-0.544774682906941,-0.765833031824322,0.0,,,,,8.530422687829153,,Zach Werenski,Hagel Cream Cheese & Larks,Ilan Weintraub,98
DeMelo,Dylan DeMelo,WPG,Winnipeg Jets,D,35.0,2.4,28.8,0.0,2.4,0.0,57.6,24.0,67.2,0.0,127.19999999999999,,,,,dylandemelo,,2.4,28.8,24.0,67.2,0.0,2.4,57.6,0.0,127.19999999999999,,,,,,False,False,['D'],1,0.0,0.0,-0.7801335266063429,0.4663500897682566,1.0691103830415696,0.7442583581148019,-0.6194488057366755,1.0090353665442249,-0.9537444385205355,-0.544774682906941,0.3854948196048165,0.0,,,,,0.7761475633031745,,,,,99
Hronek,Filip Hronek,VAN,Vancouver Canucks,D,35.0,4.8,43.199999999999996,16.8,2.4,0.0,120.0,14.4,24.0,0.0,151.20000000000002,,,,,filiphronek,,4.8,43.199999999999996,14.4,24.0,16.8,2.4,120.0,0.0,151.20000000000002,,,,,,False,False,['D'],2,0.0,0.0,-0.5866492275376717,1.2766042738508079,0.6928394354768516,-0.4011661688965146,0.899254772560343,1.0090353665442249,0.03482652865396819,-0.544774682906941,0.7053081116684665,0.0,,,,,3.085278409413535,,Filip Hronek,KYYYYLE….,jeremy elgressy,100
Sherwood,Kiefer Sherwood,VAN,Vancouver Canucks,L,35.0,38.4,9.6,16.8,2.4,2.0,184.8,-9.6,48.0,21.599999999999998,367.2,,,,,kiefersherwood,,38.4,9.6,-9.6,48.0,16.8,2.4,184.8,21.599999999999998,367.2,,,,,,False,False,"['LW', 'RW']",2,0.0,0.0,2.122130959423726,-0.6139888223418124,-0.2478379334349432,0.23518079055421673,0.899254772560343,1.0090353665442249,1.0614194561044146,-0.4411756159964116,3.583627740241313,0.0,,,,,7.607646713655072,,Kiefer Sherwood,Oy Matvey,Henry,101
Walker,Sean Walker,CAR,Carolina Hurricanes,D,35.0,9.6,16.8,2.4,2.4,0.0,192.0,-16.8,43.199999999999996,0.0,134.4,,,,,seanwalker,,9.6,16.8,-16.8,43.199999999999996,2.4,2.4,192.0,0.0,134.4,,,,,,False,False,['D'],2,0.0,0.0,-0.19968062940032916,-0.20886173030053645,-0.5300411441084817,0.10791139866407036,-0.4024911516942443,1.0090353665442249,1.1754853369322418,-0.544774682906941,0.48143880722391164,0.0,,,,,0.888021570953916,,,,,102
Stützle,Tim Stutzle,OTT,Ottawa Senators,C,35.0,40.8,50.4,31.200000000000003,2.4,3.0,216.00000000000003,14.4,52.8,422.4,141.6,,,,,timstutzle,,40.8,50.4,14.4,52.8,31.200000000000003,2.4,216.00000000000003,422.4,141.6,,,,,,False,False,"['C', 'LW']",2,0.0,0.0,2.3156152584923975,1.681731365892084,0.6928394354768516,0.36245018244436294,2.2010006968149303,1.0090353665442249,1.5557049396916667,1.4811626255656347,0.5773827948430064,0.0,,,,,11.876922665765159,,Tim Stutzle,Oy Matvey,Henry,103
Johansson,Marcus Johansson,MIN,Minnesota Wild,L,35.0,26.4,38.4,16.8,2.4,4.0,129.6,40.8,14.4,12.0,36.0,,,,,marcusjohansson,,26.4,38.4,40.8,14.4,16.8,2.4,129.6,12.0,36.0,,,,,,False,False,['LW'],2,0.0,0.0,1.1547094640803697,1.006519545823291,1.7275845412798256,-0.6557049526768072,0.899254772560343,1.0090353665442249,0.1869143697577379,-0.48721964573442467,-0.8297956902370519,0.0,,,,,4.011297771397508,,Marcus Johansson,KYYYYLE….,jeremy elgressy,104
Iafallo,Alex Iafallo,WPG,Winnipeg Jets,L,35.0,14.4,16.8,9.6,2.4,1.0,127.19999999999999,0.0,14.4,21.599999999999998,124.80000000000001,,,,,alexiafallo,,14.4,16.8,0.0,14.4,9.6,2.4,127.19999999999999,21.599999999999998,124.80000000000001,,,,,,False,False,[],1,0.0,0.0,0.18728796873701345,-0.20886173030053645,0.12843301412977468,-0.6557049526768072,0.2483818104330493,1.0090353665442249,0.14889240948179536,-0.4411756159964116,0.35351349039845187,0.0,,,,,0.7698017607505543,,,,,105
Siegenthaler,Jonas Siegenthaler,NJD,New Jersey Devils,D,36.0,0.0,4.666666666666666,0.0,2.333333333333333,0.0,77.0,-7.0,67.66666666666667,0.0,123.66666666666667,,,,,jonassiegenthaler,,0.0,4.666666666666666,-7.0,67.66666666666667,0.0,2.333333333333333,77.0,0.0,123.66666666666667,,,,,,False,False,['D'],2,0.0,0.0,-0.9736178256750143,-0.8915759039256494,-0.14593121846949877,0.7566317712152328,-0.6194488057366755,0.9715058453319227,-0.646400259623334,-0.544774682906941,0.3384111960510016,0.0,,,,,-1.7551998837389557,,,,,106
Protas,Aliaksei Protas,WSH,Washington Capitals,C,36.0,28.0,23.333333333333336,2.333333333333333,2.333333333333333,2.0,177.33333333333334,44.333333333333336,32.666666666666664,21.0,37.33333333333333,,,,,aliakseiprotas,,28.0,23.333333333333336,44.333333333333336,32.666666666666664,2.333333333333333,2.333333333333333,177.33333333333334,21.0,37.33333333333333,,,,,,False,False,"['LW', 'RW']",2,0.0,0.0,1.2836989967928174,0.15875359395913985,1.8660731539251736,-0.17137421131708389,-0.40851775319542294,0.9715058453319227,0.9431289130237046,-0.44405336785503735,-0.8120282851224048,0.0,,,,,3.3871868855428096,,Aliaksei Protas,KYYYYLE….,jeremy elgressy,107
Trouba,Jacob Trouba,ANA,Anaheim Ducks,D,36.0,14.0,23.333333333333336,0.0,2.333333333333333,1.0,149.33333333333331,28.0,14.0,0.0,168.0,,,,,jacobtrouba,,14.0,23.333333333333336,28.0,14.0,0.0,2.333333333333333,149.33333333333331,0.0,168.0,,,,,,False,False,['D'],2,0.0,0.0,0.15504058555890154,0.15875359395913985,1.2258899445268687,-0.6663107353343193,-0.6194488057366755,0.9715058453319227,0.4995393764710423,-0.544774682906941,0.9291774161130211,0.0,,,,,2.1093725379829604,,Jacob Trouba,Oy Matvey,Henry,108
Dillon,Brenden Dillon,NJD,New Jersey Devils,D,36.0,7.0,16.333333333333332,0.0,2.333333333333333,2.0,65.33333333333333,-4.666666666666666,77.0,0.0,210.0,,,,,brendendillon,,7.0,16.333333333333332,-4.666666666666666,77.0,0.0,2.333333333333333,65.33333333333333,0.0,210.0,,,,,,False,False,['D'],2,0.0,0.0,-0.4092886200580564,-0.23511996774765628,-0.054476474269740935,1.0041000332238503,-0.6194488057366755,0.9715058453319227,-0.8312292331869433,-0.544774682906941,1.488850677224408,0.0,,,,,0.7701187718741679,,,,,109
Pulock,Ryan Pulock,NYI,New York Islanders,D,36.0,2.333333333333333,35.0,2.333333333333333,2.333333333333333,0.0,112.0,11.666666666666668,4.666666666666666,0.0,63.0,,,,,ryanpulock,,2.333333333333333,35.0,11.666666666666668,4.666666666666666,2.333333333333333,2.333333333333333,112.0,0.0,63.0,,,,,,False,False,['D'],3,0.0,0.0,-0.7855080904693615,0.8152095301371329,0.5857067351285639,-0.9137789973429371,-0.40851775319542294,0.9715058453319227,-0.09191333893250665,-0.544774682906941,-0.4700057366654461,0.0,,,,,-0.8420764889149958,,,,,110
Weegar,MacKenzie Weegar,CGY,Calgary Flames,D,36.0,4.666666666666666,21.0,4.666666666666666,2.333333333333333,0.0,198.33333333333334,-44.333333333333336,81.66666666666667,0.0,214.66666666666666,,,,,mackenzieweegar,,4.666666666666666,21.0,-44.333333333333336,81.66666666666667,4.666666666666666,2.333333333333333,198.33333333333334,0.0,214.66666666666666,,,,,,False,False,['D'],2,0.0,0.0,-0.5973983552637091,0.027462406723541066,-1.609207125665624,1.1278341642281593,-0.19758670065417042,0.9715058453319227,1.2758210654382012,-0.544774682906941,1.551036595125673,0.0,,,,,2.004693212357053,,MacKenzie Weegar,Slaffing From The Throne,Rob,111
Glendening,Luke Glendening,NJD,New Jersey Devils,C,36.0,0.0,7.0,0.0,2.333333333333333,0.0,37.33333333333333,-11.666666666666668,4.666666666666666,478.33333333333337,107.33333333333333,,,,,lukeglendening,,0.0,7.0,-11.666666666666668,4.666666666666666,0.0,2.333333333333333,37.33333333333333,478.33333333333337,107.33333333333333,,,,,,False,False,['C'],2,0.0,0.0,-0.9736178256750143,-0.7602847166900508,-0.32884070686901445,-0.9137789973429371,-0.6194488057366755,0.9715058453319227,-1.2748187697396052,1.749433048830864,0.12076048339657329,0.0,,,,,-2.0290904444939373,,,,,112
Duhaime,Brandon Duhaime,WSH,Washington Capitals,R,36.0,9.333333333333332,4.666666666666666,0.0,2.333333333333333,0.0,53.666666666666664,0.0,67.66666666666667,16.333333333333332,198.33333333333334,,,,,brandonduhaime,,9.333333333333332,4.666666666666666,0.0,67.66666666666667,0.0,2.333333333333333,53.666666666666664,16.333333333333332,198.33333333333334,,,,,,False,False,[],2,0.0,0.0,-0.22117888485240383,-0.8915759039256494,0.12843301412977468,0.7566317712152328,-0.6194488057366755,0.9715058453319227,-1.0160582067505521,-0.46643588231101596,1.333385882471245,0.0,,,,,-0.02474117042812174,,,,,113
Sennecke,Beckett Sennecke,ANA,Anaheim Ducks,R,36.0,25.666666666666668,39.666666666666664,9.333333333333332,2.333333333333333,0.0,161.0,0.0,65.33333333333333,2.333333333333333,79.33333333333333,,,,,beckettsennecke,,25.666666666666668,39.666666666666664,0.0,65.33333333333333,9.333333333333332,2.333333333333333,161.0,2.333333333333333,79.33333333333333,,,,,,False,False,['RW'],2,0.0,0.0,1.0955892615871647,1.0777919046083302,0.12843301412977468,0.6947647057130781,0.22427540442833466,0.9715058453319227,0.6843683500346517,-0.5335834256789517,-0.25235502401101795,0.0,,,,,4.090790036143287,,Beckett Sennecke,Filip Use the Forceberg,Philip,114
Bratt,Jesper Bratt,NJD,New Jersey Devils,L,36.0,14.0,53.666666666666664,23.333333333333336,2.333333333333333,2.0,184.33333333333334,-14.0,18.666666666666664,0.0,86.33333333333333,,,,,jesperbratt,,14.0,53.666666666666664,-14.0,18.666666666666664,23.333333333333336,2.333333333333333,184.33333333333334,0.0,86.33333333333333,,,,,,False,False,"['LW', 'RW']",2,0.0,0.0,0.15504058555890154,1.865539028021922,-0.42029545106877225,-0.5425766043300104,1.4898617196758503,0.9715058453319227,1.0540262971618701,-0.544774682906941,-0.15907614715912013,0.0,,,,,3.869250590285623,,Jesper Bratt,Hagel Cream Cheese & Larks,Ilan Weintraub,115
Stastney,Spencer Stastney,EDM,Edmonton Oilers,D,36.0,2.333333333333333,18.666666666666664,0.0,2.333333333333333,0.0,84.0,-4.666666666666666,23.333333333333336,0.0,16.333333333333332,,,,,spencerstastney,,2.333333333333333,18.666666666666664,-4.666666666666666,23.333333333333336,0.0,2.333333333333333,84.0,0.0,16.333333333333332,,,,,,False,False,['D'],2,0.0,0.0,-0.7855080904693615,-0.10382878051205771,-0.054476474269740935,-0.4188424733257015,-0.6194488057366755,0.9715058453319227,-0.5355028754851686,-0.544774682906941,-1.0918649156780982,0.0,,,,,-3.182741253051822,,,,,116
Henrique,Adam Henrique,EDM,Edmonton Oilers,C,37.0,4.54054054054054,15.891891891891893,4.54054054054054,2.27027027027027,0.0,129.40540540540542,-20.432432432432435,27.243243243243246,458.5945945945946,52.21621621621622,,,,,adamhenrique,,4.54054054054054,15.891891891891893,-20.432432432432435,27.243243243243246,4.54054054054054,2.27027027027027,129.40540540540542,458.5945945945946,52.21621621621622,,,,,,False,False,['C'],2,0.0,0.0,-0.6075664490586091,-0.2599588410084451,-0.6724139350789154,-0.3151733365383076,-0.20898837916991375,0.9360049468878533,0.18383150811374285,1.6547610620103057,-0.6137056280318832,0.0,,,,,0.09679094812582767,,,,,117
Lindell,Esa Lindell,DAL,Dallas Stars,D,37.0,9.08108108108108,29.513513513513516,0.0,2.27027027027027,0.0,88.54054054054053,45.40540540540541,13.621621621621623,0.0,40.86486486486487,,,,,esalindell,,9.08108108108108,29.513513513513516,45.40540540540541,13.621621621621623,0.0,2.27027027027027,88.54054054054053,0.0,40.86486486486487,,,,,,False,False,['D'],2,0.0,0.0,-0.24151507244220405,0.5064978196101849,1.9080929012601975,-0.6763432324427767,-0.6194488057366755,0.9360049468878533,-0.46356943712527754,-0.544774682906941,-0.7649686715755013,0.0,,,,,0.03997576552885962,,,,,118
Zibanejad,Mika Zibanejad,NYR,New York Rangers,C,37.0,27.243243243243246,34.054054054054056,24.972972972972975,2.27027027027027,2.0,242.91891891891893,-20.432432432432435,13.621621621621623,578.918918918919,124.86486486486486,,,,,mikazibanejad,,27.243243243243246,34.054054054054056,-20.432432432432435,13.621621621621623,24.972972972972975,2.27027027027027,242.91891891891893,578.918918918919,124.86486486486486,,,,,,False,False,"['C', 'RW']",2,0.0,0.0,1.2226904340234168,0.7619833731497282,-0.6724139350789154,-0.6763432324427767,1.6380835403805143,0.9360049468878533,1.982167467111021,2.231866975280673,0.35437785064727223,0.0,,,,,7.778417419958786,,Mika Zibanejad,Filip Use the Forceberg,Philip,119
Fowler,Cam Fowler,STL,St. Louis Blues,D,37.0,2.27027027027027,27.243243243243246,15.891891891891893,2.27027027027027,0.0,122.5945945945946,-27.243243243243246,22.702702702702705,0.0,9.08108108108108,,,,,camfowler,,2.27027027027027,27.243243243243246,-27.243243243243246,22.702702702702705,15.891891891891893,2.27027027027027,122.5945945945946,0.0,9.08108108108108,,,,,,False,False,['D'],2,0.0,0.0,-0.7905921373668118,0.3787550428404133,-0.9393629181484789,-0.4355633018397973,0.8171626872469906,0.9360049468878533,0.075931350573906,-0.544774682906941,-1.188505193497632,0.0,,,,,-1.690944206210498,,Cam Fowler,Hintz 57,Ryan,120
Draisaitl,Leon Draisaitl,EDM,Edmonton Oilers,C,37.0,38.5945945945946,79.45945945945945,54.48648648648649,2.27027027027027,1.0,229.2972972972973,20.432432432432435,36.32432432432432,737.8378378378379,40.86486486486487,,,,,leondraisaitl,,38.5945945945946,79.45945945945945,20.432432432432435,36.32432432432432,54.48648648648649,2.27027027027027,229.2972972972973,737.8378378378379,40.86486486486487,,,,,,False,False,"['C', 'LW']",2,0.0,0.0,2.1378188755644296,3.316838908545161,0.929279963338465,-0.07439340593532827,4.306076313064465,0.9360049468878533,1.7663671520313473,2.9940823324302137,-0.7649686715755013,0.0,,,,,15.547106414351104,,Leon Draisaitl,KYYYYLE….,jeremy elgressy,121
Minten,Fraser Minten,BOS,Boston Bruins,C,37.0,13.621621621621623,15.891891891891893,0.0,2.27027027027027,1.0,102.16216216216216,11.351351351351353,27.243243243243246,367.78378378378375,168.0,,,,,fraserminten,,13.621621621621623,15.891891891891893,11.351351351351353,27.243243243243246,0.0,2.27027027027027,102.16216216216216,367.78378378378375,168.0,,,,,,False,False,['C'],2,0.0,0.0,0.12453630417420122,-0.2599588410084451,0.5733479859123803,-0.3151733365383076,-0.6194488057366755,0.9360049468878533,-0.24776912204560408,1.219209429353425,0.9291774161130211,0.0,,,,,2.339925977111849,,,,,122
Heiskanen,Miro Heiskanen,DAL,Dallas Stars,D,37.0,15.891891891891893,59.02702702702703,29.513513513513516,2.27027027027027,2.0,177.08108108108107,20.432432432432435,27.243243243243246,0.0,11.351351351351353,,,,,miroheiskanen,,15.891891891891893,59.02702702702703,20.432432432432435,27.243243243243246,29.513513513513516,2.27027027027027,177.08108108108107,0.0,11.351351351351353,,,,,,False,False,['D'],2,0.0,0.0,0.3075619924824038,2.1671539176172168,0.929279963338465,-0.3151733365383076,2.048543966947276,0.9360049468878533,0.9391326108925993,-0.544774682906941,-1.1582525847889082,0.0,,,,,5.309476793931657,,Miro Heiskanen,Slaffing From The Throne,Rob,123
Bouchard,Evan Bouchard,EDM,Edmonton Oilers,D,37.0,13.621621621621623,61.2972972972973,24.972972972972975,2.27027027027027,1.0,208.86486486486487,4.54054054054054,27.243243243243246,0.0,24.972972972972975,,,,,evanbouchard,,13.621621621621623,61.2972972972973,4.54054054054054,27.243243243243246,24.972972972972975,2.27027027027027,208.86486486486487,0.0,24.972972972972975,,,,,,False,False,['D'],2,0.0,0.0,0.12453630417420122,2.294896694386988,0.3063990028428169,-0.3151733365383076,1.6380835403805143,0.9360049468878533,1.4426666794118375,-0.544774682906941,-0.9767369325365667,0.0,,,,,4.905902216102396,,Evan Bouchard,Filip Use the Forceberg,Philip,124
Faber,Brock Faber,MIN,Minnesota Wild,D,37.0,13.621621621621623,29.513513513513516,15.891891891891893,2.27027027027027,1.0,186.16216216216216,15.891891891891893,13.621621621621623,0.0,31.783783783783786,,,,,brockfaber,,13.621621621621623,29.513513513513516,15.891891891891893,13.621621621621623,15.891891891891893,2.27027027027027,186.16216216216216,0.0,31.783783783783786,,,,,,False,False,['D'],2,0.0,0.0,0.12453630417420122,0.5064978196101849,0.7513139746254226,-0.6763432324427767,0.8171626872469906,0.9360049468878533,1.0829994876123816,-0.544774682906941,-0.8859791064103958,0.0,,,,,2.1114181983969207,,Brock Faber,Oy Matvey,Henry,125
Savoie,Matt Savoie,EDM,Edmonton Oilers,C,37.0,15.891891891891893,11.351351351351353,6.810810810810811,2.27027027027027,1.0,115.78378378378378,2.27027027027027,4.54054054054054,38.5945945945946,13.621621621621623,,,,,mattsavoie,,15.891891891891893,11.351351351351353,2.27027027027027,4.54054054054054,6.810810810810811,2.27027027027027,115.78378378378378,38.5945945945946,13.621621621621623,,,,,,False,False,['C'],2,0.0,0.0,0.3075619924824038,-0.5154443945479884,0.2174160084862958,-0.9171231630457561,-0.003758165886532815,0.9360049468878533,-0.031968806965930845,-0.35966523902776676,-1.1279999760801847,0.0,,,,,-1.4949767976976067,,,,,126
Carrick,Sam Carrick,NYR,New York Rangers,C,38.0,2.2105263157894735,11.052631578947368,0.0,2.2105263157894735,0.0,92.8421052631579,4.421052631578947,61.89473684210526,294.0,121.57894736842105,,,,,samcarrick,,2.2105263157894735,11.052631578947368,4.421052631578947,61.89473684210526,0.0,2.2105263157894735,92.8421052631579,294.0,121.57894736842105,,,,,,False,False,['C'],2,0.0,0.0,-0.7954086028486065,-0.5322526546492743,0.3017156873503684,0.6035921881309558,-0.6194488057366755,0.9023725167829453,-0.3954219692053804,0.8653237278197098,0.310591180147804,0.0,,,,,0.6410632677918466,,,,,127
Marino,John Marino,UTA,Utah Mammoth,D,38.0,4.421052631578947,33.1578947368421,0.0,2.2105263157894735,0.0,72.94736842105263,30.94736842105263,17.684210526315788,0.0,22.105263157894736,,,,,johnmarino,,4.421052631578947,33.1578947368421,30.94736842105263,17.684210526315788,0.0,2.2105263157894735,72.94736842105263,0.0,22.105263157894736,,,,,,False,False,['D'],1,0.0,0.0,-0.6171993800221988,0.7115585928458708,1.3414117266739312,-0.5686258950677597,-0.6194488057366755,0.9023725167829453,-0.7106040083349036,-0.544774682906941,-1.0149507540633753,0.0,,,,,-1.1202606898291068,,,,,128
Crouse,Lawson Crouse,UTA,Utah Mammoth,L,38.0,19.894736842105264,13.26315789473684,0.0,2.2105263157894735,2.0,134.8421052631579,4.421052631578947,26.52631578947368,37.578947368421055,227.6842105263158,,,,,lawsoncrouse,,19.894736842105264,13.26315789473684,4.421052631578947,26.52631578947368,0.0,2.2105263157894735,134.8421052631579,37.578947368421055,227.6842105263158,,,,,,False,False,"['LW', 'RW']",1,0.0,0.0,0.6302651797626556,-0.4078715298997598,0.3017156873503684,-0.3341822784280166,-0.6194488057366755,0.9023725167829453,0.2699623356236122,-0.3645365401824819,1.724502576639729,0.0,,,,,2.102779141912377,,Lawson Crouse,The Makar Of The Devil,Lev,129
Stenlund,Kevin Stenlund,UTA,Utah Mammoth,C,38.0,6.63157894736842,15.473684210526315,0.0,2.2105263157894735,0.0,79.57894736842105,-8.842105263157894,35.368421052631575,680.8421052631578,53.05263157894736,,,,,kevinstenlund,,6.63157894736842,15.473684210526315,-8.842105263157894,35.368421052631575,0.0,2.2105263157894735,79.57894736842105,680.8421052631578,53.05263157894736,,,,,,False,False,['C'],1,0.0,0.0,-0.43899015719579104,-0.28349040515024526,-0.21813233231141282,-0.09973866178827352,-0.6194488057366755,0.9023725167829453,-0.6055433286250625,2.720716373512671,-0.6025599300865642,0.0,,,,,0.7551852694015911,,,,,130
Sergachev,Mikhail Sergachev,UTA,Utah Mammoth,D,38.0,8.842105263157894,46.42105263157895,22.105263157894736,2.2105263157894735,0.0,179.0526315789474,-15.473684210526315,53.05263157894736,0.0,39.78947368421053,,,,,mikhailsergachev,,8.842105263157894,46.42105263157895,-15.473684210526315,53.05263157894736,22.105263157894736,2.2105263157894735,179.0526315789474,0.0,39.78947368421053,,,,,,False,False,['D'],1,0.0,0.0,-0.2607809343693833,1.4578453413429582,-0.47805634214230347,0.36914857149121266,1.3788453762330857,0.9023725167829453,0.9703668670225526,-0.544774682906941,-0.7792988546480546,0.0,,,,,3.015667858806072,,Mikhail Sergachev,Better Safe Than Sorokin,Harley Pesner,131
McCarron,Michael McCarron,NSH,Nashville Predators,C,34.0,2.4705882352941178,12.352941176470589,0.0,0.0,0.0,101.29411764705881,-22.235294117647058,93.88235294117648,642.3529411764706,232.23529411764704,,,,,michaelmccarron,,2.4705882352941178,12.352941176470589,-22.235294117647058,93.88235294117648,0.0,0.0,101.29411764705881,642.3529411764706,232.23529411764704,,,,,,False,False,['C'],2,0.0,0.0,-0.7744428119278527,-0.45908728714955976,-0.7430769011855645,1.451726448327674,-0.6194488057366755,-0.34202739709864877,-0.26152110290852465,2.5361126010336403,1.7851482860480832,0.0,,,,,2.5733830294025717,,,,,132
Timmins,Conor Timmins,BUF,Buffalo Sabres,D,33.0,0.0,15.272727272727273,0.0,0.0,0.0,84.0,-28.0,40.72727272727273,0.0,63.63636363636363,,,,,conortimmins,,0.0,15.272727272727273,-28.0,40.72727272727273,0.0,0.0,84.0,0.0,63.63636363636363,,,,,,False,False,['D'],2,0.0,0.0,-0.9736178256750143,-0.29479778012747376,-0.9690239162673191,0.042348378599449656,-0.6194488057366755,-0.34202739709864877,-0.5355028754851686,-0.544774682906941,-0.46152583876981906,0.0,,,,,-4.698370743467611,,,,,133
Turcotte,Alex Turcotte,LAK,Los Angeles Kings,C,33.0,5.090909090909091,10.181818181818182,0.0,0.0,0.0,81.45454545454545,-7.636363636363637,38.18181818181818,308.0,30.545454545454547,,,,,alexturcotte,,5.090909090909091,10.181818181818182,-7.636363636363637,38.18181818181818,0.0,0.0,81.45454545454545,308.0,30.545454545454547,,,,,,False,False,['C'],3,0.0,0.0,-0.5631965852263177,-0.5812512795505981,-0.1708734214330691,-0.02514296558471885,-0.6194488057366755,-0.34202739709864877,-0.575829196989956,0.9324712711876455,-0.9024805293424268,0.0,,,,,-2.8477789097747657,,,,,134
Howard,Isaac Howard,EDM,Edmonton Oilers,L,17.0,9.882352941176471,4.9411764705882355,0.0,0.0,0.0,93.88235294117648,-9.882352941176471,49.411764705882355,0.0,14.823529411764707,,,,,isaachoward,,9.882352941176471,4.9411764705882355,-9.882352941176471,49.411764705882355,0.0,0.0,93.88235294117648,0.0,14.823529411764707,,,,,,False,False,[],2,0.0,0.0,-0.17691777068636777,-0.876129881897932,-0.2589047260103761,0.2726129646395539,-0.6194488057366755,-0.34202739709864877,-0.37894186258422896,-0.544774682906941,-1.1119838891167428,0.0,,,,,-4.036516051398359,,,,,135
Philp,Noah Philp,EDM,Edmonton Oilers,C,15.0,11.2,5.6,0.0,0.0,0.0,67.2,-39.2,22.4,324.8,134.4,,,,,noahphilp,,11.2,5.6,-39.2,22.4,0.0,0.0,67.2,324.8,134.4,,,,,,False,False,['C'],2,0.0,0.0,-0.07069109668788168,-0.8390594290314101,-1.4080066884261568,-0.44358929952656334,-0.6194488057366755,-0.34202739709864877,-0.8016565974167656,1.0130483232291685,0.48143880722391164,0.0,,,,,-3.029992183471022,,,,,136
Soucy,Carson Soucy,NYR,New York Rangers,D,34.0,7.411764705882353,7.411764705882353,0.0,0.0,0.0,69.17647058823529,19.764705882352942,29.647058823529413,0.0,126.0,,,,,carsonsoucy,,7.411764705882353,7.411764705882353,19.764705882352942,29.647058823529413,0.0,0.0,69.17647058823529,0.0,126.0,,,,,,False,False,['D'],2,0.0,0.0,-0.3760927844335294,-0.7371156836484746,0.9031084944100763,-0.251437472555166,-0.6194488057366755,-0.34202739709864877,-0.7703443948365779,-0.544774682906941,0.3695041550016342,0.0,,,,,-2.3686285718043028,,,,,137
Parssinen,Juuso Parssinen,NYR,New York Rangers,C,14.0,12.0,6.0,0.0,0.0,0.0,72.0,18.0,12.0,84.0,120.0,,,,,juusoparssinen,,12.0,6.0,18.0,12.0,0.0,0.0,72.0,84.0,120.0,,,,,,False,False,['C'],2,0.0,0.0,-0.0061963303316578565,-0.8165523683624503,0.8339410408136209,-0.7193396486218803,-0.6194488057366755,-0.34202739709864877,-0.7256126768648808,-0.1418894226993265,0.2895508319857218,0.0,,,,,-2.2475747769161774,,,,,138
Lilleberg,Emil Lilleberg,TBL,Tampa Bay Lightning,D,32.0,5.25,10.5,0.0,0.0,0.0,63.0,23.625,112.875,0.0,139.125,,,,,emillilleberg,,5.25,10.5,23.625,112.875,0.0,0.0,63.0,0.0,139.125,,,,,,False,False,['D'],3,0.0,0.0,-0.5503709214622958,-0.5633479358366529,1.0544122991523228,1.9553061653194748,-0.6194488057366755,-0.34202739709864877,-0.868195027899665,-0.544774682906941,0.5444020490989425,0.0,,,,,0.06595574262986093,,,,,139
Chisholm,Declan Chisholm,WSH,Washington Capitals,D,14.0,0.0,18.0,0.0,0.0,0.0,48.0,12.0,12.0,0.0,30.0,,,,,declanchisholm,,0.0,18.0,12.0,12.0,0.0,0.0,48.0,0.0,30.0,,,,,,False,False,['D'],2,0.0,0.0,-0.9736178256750143,-0.1413405482936572,0.598771698585672,-0.7193396486218803,-0.6194488057366755,-0.34202739709864877,-1.1058322796243054,-0.544774682906941,-0.9097490132529644,0.0,,,,,-4.757358502624415,,,,,140
Korczak,Kaedan Korczak,VGK,Vegas Golden Knights,D,34.0,7.411764705882353,7.411764705882353,0.0,0.0,0.0,71.6470588235294,19.764705882352942,39.529411764705884,0.0,128.47058823529412,,,,,kaedankorczak,,7.411764705882353,7.411764705882353,19.764705882352942,39.529411764705884,0.0,0.0,71.6470588235294,0.0,128.47058823529412,,,,,,False,False,['D'],2,0.0,0.0,-0.3760927844335294,-0.7371156836484746,0.9031084944100763,0.010587746042193966,-0.6194488057366755,-0.34202739709864877,-0.7312041416113431,-0.544774682906941,0.4024261115375981,0.0,,,,,-2.034541143445744,,,,,141
Schaefer,Reid Schaefer,NSH,Nashville Predators,L,12.0,21.0,0.0,0.0,0.0,0.0,63.0,-21.0,77.0,0.0,231.0,,,,,reidschaefer,,21.0,0.0,-21.0,77.0,0.0,0.0,63.0,0.0,231.0,,,,,,False,False,[],2,0.0,0.0,0.7193697911758594,-1.1541582783968467,-0.6946596836680456,1.0041000332238503,-0.6194488057366755,-0.34202739709864877,-0.868195027899665,-0.544774682906941,1.7686873077801013,0.0,,,,,-0.7311067435270115,,,,,142
Kolyachonok,Vladislav Kolyachonok,BOS,Boston Bruins,D,11.0,7.636363636363637,15.272727272727273,0.0,0.0,1.0,76.36363636363636,22.909090909090907,30.545454545454547,0.0,38.18181818181818,,,,,vladislavkolyachonok,,7.636363636363637,15.272727272727273,22.909090909090907,30.545454545454547,0.0,0.0,76.36363636363636,0.0,38.18181818181818,,,,,,False,False,['D'],2,0.0,0.0,-0.3579859650019693,-0.29479778012747376,1.026352320818306,-0.2276169981372242,-0.6194488057366755,-0.34202739709864877,-0.6564818399995309,-0.544774682906941,-0.800721754594902,0.0,,,,,-2.8175029027850593,,,,,143
Vatrano,Frank Vatrano,ANA,Anaheim Ducks,R,36.0,7.0,7.0,2.333333333333333,0.0,1.0,151.66666666666666,-21.0,79.33333333333333,11.666666666666668,156.33333333333334,,,,,frankvatrano,,7.0,7.0,-21.0,79.33333333333333,2.333333333333333,0.0,151.66666666666666,11.666666666666668,156.33333333333334,,,,,,False,False,[],2,0.0,0.0,-0.4092886200580564,-0.7602847166900508,-0.6946596836680456,1.0659670987260046,-0.40851775319542294,-0.34202739709864877,0.5365051711837643,-0.4888183967669945,0.7737126213598582,0.0,,,,,-0.727411676207592,,,,,144
But,Daniil But,UTA,Utah Mammoth,L,11.0,7.636363636363637,15.272727272727273,22.909090909090907,0.0,0.0,175.63636363636363,7.636363636363637,30.545454545454547,0.0,53.45454545454545,,,,,daniilbut,,7.636363636363637,15.272727272727273,7.636363636363637,30.545454545454547,22.909090909090907,0.0,175.63636363636363,0.0,53.45454545454545,,,,,,False,False,[],1,0.0,0.0,-0.3579859650019693,-0.29479778012747376,0.42773944969261846,-0.2276169981372242,1.451510619213804,-0.34202739709864877,0.9162446986871794,-0.544774682906941,-0.5972042050998523,0.0,,,,,0.4310877392214927,,,,,145
Goodrow,Barclay Goodrow,SJS,San Jose Sharks,C,36.0,7.0,7.0,0.0,0.0,0.0,67.66666666666667,-18.666666666666664,32.666666666666664,23.333333333333336,123.66666666666667,,,,,barclaygoodrow,,7.0,7.0,-18.666666666666664,32.666666666666664,0.0,0.0,67.66666666666667,23.333333333333336,123.66666666666667,,,,,,False,False,['C'],2,0.0,0.0,-0.4092886200580564,-0.7602847166900508,-0.6032049394682878,-0.17137421131708389,-0.6194488057366755,-0.34202739709864877,-0.7942634384742213,-0.4328621106270481,0.3384111960510016,0.0,,,,,-3.794343043419071,,,,,146
Pesce,Brett Pesce,NJD,New Jersey Devils,D,12.0,0.0,21.0,0.0,0.0,0.0,77.0,7.0,14.0,0.0,35.0,,,,,brettpesce,,0.0,21.0,7.0,14.0,0.0,0.0,77.0,0.0,35.0,,,,,,False,False,['D'],2,0.0,0.0,-0.9736178256750143,0.027462406723541066,0.40279724672904815,-0.6663107353343193,-0.6194488057366755,-0.34202739709864877,-0.646400259623334,-0.544774682906941,-0.8431212440730373,0.0,,,,,-4.205441296995381,,,,,147
Finley,Jack Finley,TBL,Tampa Bay Lightning,C,12.0,14.0,7.0,0.0,0.0,1.0,70.0,21.0,70.0,371.0,133.0,,,,,jackfinley,,14.0,7.0,21.0,70.0,0.0,0.0,70.0,371.0,133.0,,,,,,False,False,['C'],3,0.0,0.0,0.15504058555890154,-0.7602847166900508,0.9515257119275952,0.8184988367173871,-0.6194488057366755,-0.34202739709864877,-0.7572976437614996,1.2346352163433565,0.462783031853532,0.0,,,,,1.1434248191138974,,,,,148
Halliday,Stephen Halliday,OTT,Ottawa Senators,C,12.0,0.0,21.0,21.0,0.0,0.0,98.0,-21.0,0.0,119.0,84.0,,,,,stephenhalliday,,0.0,21.0,-21.0,0.0,21.0,0.0,98.0,119.0,84.0,,,,,,False,False,['C'],2,0.0,0.0,-0.9736178256750143,0.027462406723541066,-0.6946596836680456,-1.0375131283472458,1.2789306671345977,-0.34202739709864877,-0.3137081072088376,0.02597943572051286,-0.19016910610975268,0.0,,,,,-2.219322738528893,,,,,149
Vlasic,Alex Vlasic,CHI,Chicago Blackhawks,D,34.0,4.9411764705882355,9.882352941176471,0.0,0.0,0.0,79.05882352941177,-29.647058823529413,17.294117647058822,0.0,37.05882352941176,,,,,alexvlasic,,4.9411764705882355,9.882352941176471,-29.647058823529413,17.294117647058822,0.0,0.0,79.05882352941177,0.0,37.05882352941176,,,,,,False,False,['D'],3,0.0,0.0,-0.5752677981806911,-0.5981014853990172,-1.0335802062906776,-0.578968995801866,-0.6194488057366755,-0.34202739709864877,-0.6137833819356383,-0.544774682906941,-0.8156862802930674,0.0,,,,,-5.721639033643222,,,,,150
DeSimone,Nick DeSimone,UTA,Utah Mammoth,D,13.0,12.923076923076923,6.461538461538462,0.0,0.0,1.0,116.3076923076923,12.923076923076923,12.923076923076923,0.0,32.30769230769231,,,,,nickdesimone,,12.923076923076923,6.461538461538462,12.923076923076923,12.923076923076923,0.0,0.0,116.3076923076923,0.0,32.30769230769231,,,,,,False,False,['D'],1,0.0,0.0,0.06822070777167727,-0.790582682975189,0.6349515973899718,-0.6948647655660829,-0.6194488057366755,-0.34202739709864877,-0.023668794847481755,-0.544774682906941,-0.8789977351699212,0.0,,,,,-3.1911925591392913,,,,,151
Dach,Colton Dach,CHI,Chicago Blackhawks,C,35.0,7.2,7.2,4.8,0.0,1.0,103.2,-28.8,103.2,50.4,297.59999999999997,,,,,coltondach,,7.2,7.2,-28.8,103.2,4.8,0.0,103.2,50.4,297.59999999999997,,,,,,False,False,['C'],3,0.0,0.0,-0.3931649284690004,-0.749031186355571,-1.000379828564379,1.6987787972908988,-0.18553349765181307,-0.34202739709864877,-0.2313271932776289,-0.3030435267823723,2.6561691932567286,0.0,,,,,1.150440432348214,,,,,152
Leddy,Nick Leddy,SJS,San Jose Sharks,D,14.0,0.0,18.0,0.0,0.0,0.0,36.0,-42.0,36.0,0.0,12.0,,,,,nickleddy,,0.0,18.0,-42.0,36.0,0.0,0.0,36.0,0.0,12.0,,,,,,False,False,['D'],2,0.0,0.0,-0.9736178256750143,-0.1413405482936572,-1.517752381465866,-0.08299268917114892,-0.6194488057366755,-0.34202739709864877,-1.2959420810040176,-0.544774682906941,-1.1496089823007016,0.0,,,,,-6.667505393652672,,,,,153
Bahl,Kevin Bahl,CGY,Calgary Flames,D,35.0,7.2,7.2,0.0,0.0,2.0,74.39999999999999,28.8,52.8,0.0,91.19999999999999,,,,,kevinbahl,,7.2,7.2,28.8,52.8,0.0,0.0,74.39999999999999,0.0,91.19999999999999,,,,,,False,False,['D'],2,0.0,0.0,-0.3931649284690004,-0.749031186355571,1.2572458568239284,0.36245018244436294,-0.6194488057366755,-0.34202739709864877,-0.6875907165889386,-0.544774682906941,-0.09422511849065794,0.0,,,,,-1.810566796378142,,,,,154
Aston-Reese,Zach Aston-Reese,CBJ,Columbus Blue Jackets,L,18.0,0.0,14.0,0.0,0.0,0.0,60.666666666666664,-4.666666666666666,37.33333333333333,23.333333333333336,205.33333333333334,,,,,zachastonreese,,0.0,14.0,-4.666666666666666,37.33333333333333,0.0,0.0,60.666666666666664,23.333333333333336,205.33333333333334,,,,,,False,False,[],2,0.0,0.0,-0.9736178256750143,-0.3664111549832549,-0.054476474269740935,-0.047640080312775085,-0.6194488057366755,-0.34202739709864877,-0.9051608226123868,-0.4328621106270481,1.4266647593231427,0.0,,,,,-2.3149799119924017,,,,,155
Fabbro,Dante Fabbro,CBJ,Columbus Blue Jackets,D,35.0,4.8,9.6,0.0,0.0,0.0,84.0,-28.8,14.4,0.0,60.0,,,,,dantefabbro,,4.8,9.6,-28.8,14.4,0.0,0.0,84.0,0.0,60.0,,,,,,False,False,['D'],2,0.0,0.0,-0.5866492275376717,-0.6139888223418124,-1.000379828564379,-0.6557049526768072,-0.6194488057366755,-0.34202739709864877,-0.5355028754851686,-0.544774682906941,-0.5099823981734023,0.0,,,,,-5.408458990521507,,,,,156
Perbix,Nick Perbix,NSH,Nashville Predators,D,32.0,5.25,10.5,0.0,0.0,0.0,94.5,-26.25,26.25,0.0,44.625,,,,,nickperbix,,5.25,10.5,-26.25,26.25,0.0,0.0,94.5,0.0,44.625,,,,,,False,False,['D'],2,0.0,0.0,-0.5503709214622958,-0.5633479358366529,-0.9004328581175007,-0.3415086414480085,-0.6194488057366755,-0.34202739709864877,-0.36915679927792033,-0.544774682906941,-0.7148627884016778,0.0,,,,,-4.945930830286322,,,,,157
Pettersson,Elias Pettersson,VAN,Vancouver Canucks,D,32.0,2.625,10.5,0.0,0.0,0.0,47.25,-2.625,21.0,0.0,131.25,,,,,eliaspettersson,,2.625,10.5,-2.625,21.0,0.0,0.0,47.25,0.0,131.25,,,,,,False,False,"['C', 'LW']",2,0.0,0.0,-0.7619943735686551,-0.5633479358366529,0.025546426905047135,-0.480709538827856,-0.6194488057366755,-0.34202739709864877,-1.1177141422105372,-0.544774682906941,0.43946331264055755,0.0,,,,,-3.9650071366403616,,Elias Pettersson,The Makar Of The Devil,Lev,158
Kiviranta,Joel Kiviranta,COL,Colorado Avalanche,L,18.0,4.666666666666666,9.333333333333332,0.0,0.0,0.0,60.666666666666664,4.666666666666666,28.0,14.0,116.66666666666666,,,,,joelkiviranta,,4.666666666666666,9.333333333333332,4.666666666666666,28.0,0.0,0.0,60.666666666666664,14.0,116.66666666666666,,,,,,False,False,[],2,0.0,0.0,-0.5973983552637091,-0.6289935294544522,0.3113425025292903,-0.2951083423213927,-0.6194488057366755,-0.34202739709864877,-0.9051608226123868,-0.47762713953900526,0.24513231919910364,0.0,,,,,-3.309289570297877,,,,,159
Dunne,Josh Dunne,BUF,Buffalo Sabres,C,22.0,3.8181818181818183,7.636363636363637,0.0,0.0,0.0,64.9090909090909,-15.272727272727273,110.72727272727272,72.54545454545455,87.81818181818181,,,,,joshdunne,,3.8181818181818183,7.636363636363637,-15.272727272727273,110.72727272727272,0.0,0.0,64.9090909090909,72.54545454545455,87.81818181818181,,,,,,False,False,['C'],2,0.0,0.0,-0.6658018953384918,-0.7244780292621603,-0.4701798569959129,1.8983603436640824,-0.6194488057366755,-0.34202739709864877,-0.8379502867710744,-0.19682832181854665,-0.1392897187359903,0.0,,,,,-2.0976439680934185,,,,,160
Nyman,Jani Nyman,SEA,Seattle Kraken,R,23.0,14.608695652173912,7.304347826086956,7.304347826086956,0.0,0.0,113.21739130434783,7.304347826086956,21.913043478260867,7.304347826086956,73.04347826086956,,,,,janinyman,,14.608695652173912,7.304347826086956,7.304347826086956,21.913043478260867,7.304347826086956,0.0,113.21739130434783,7.304347826086956,73.04347826086956,,,,,,False,False,[],3,0.0,0.0,0.2041126903951587,-0.7431597792245379,0.4147261264072774,-0.4565006871096217,0.0408570978707238,-0.34202739709864877,-0.07262683734326045,-0.5097411820193224,-0.3361708263996797,0.0,,,,,-1.8005307945219111,,,,,161
Brodzinski,Jonny Brodzinski,NYR,New York Rangers,C,23.0,10.956521739130434,10.956521739130434,0.0,0.0,0.0,98.60869565217392,7.304347826086956,14.608695652173912,40.173913043478265,36.52173913043478,,,,,jonnybrodzinski,,10.956521739130434,10.956521739130434,7.304347826086956,14.608695652173912,0.0,0.0,98.60869565217392,40.173913043478265,36.52173913043478,,,,,,False,False,['C'],2,0.0,0.0,-0.09031993862238459,-0.5376605296383836,0.4147261264072774,-0.6501715008554964,-0.6194488057366755,-0.34202739709864877,-0.3040648564142144,-0.35209042802503837,-0.822843227366103,0.0,,,,,-3.303900557349667,,,,,162
Stecher,Troy Stecher,TOR,Toronto Maple Leafs,D,22.0,3.8181818181818183,19.09090909090909,0.0,0.0,0.0,68.72727272727273,38.18181818181818,38.18181818181818,0.0,42.0,,,,,troystecher,,3.8181818181818183,19.09090909090909,38.18181818181818,38.18181818181818,0.0,0.0,68.72727272727273,0.0,42.0,,,,,,False,False,['D'],3,0.0,0.0,-0.6658018953384918,-0.07995765556013061,1.6249651919439936,-0.02514296558471885,-0.6194488057366755,-0.34202739709864877,-0.7774608045138931,-0.544774682906941,-0.7498423672211395,0.0,,,,,-2.1794913820166455,,,,,163
Milano,Sonny Milano,WSH,Washington Capitals,L,22.0,15.272727272727273,7.636363636363637,0.0,0.0,2.0,95.45454545454547,7.636363636363637,15.272727272727273,19.09090909090909,19.09090909090909,,,,,sonnymilano,,15.272727272727273,7.636363636363637,7.636363636363637,15.272727272727273,0.0,0.0,95.45454545454547,19.09090909090909,19.09090909090909,,,,,,False,False,[],2,0.0,0.0,0.25764589567107576,-0.7244780292621603,0.42773944969261846,-0.632565063242235,-0.6194488057366755,-0.34202739709864877,-0.35403442871362484,-0.4532098510415741,-1.055118691463714,0.0,,,,,-3.4954969211949383,,,,,164
Koivunen,Ville Koivunen,PIT,Pittsburgh Penguins,R,23.0,3.652173913043478,7.304347826086956,7.304347826086956,0.0,0.0,87.65217391304347,-18.26086956521739,29.217391304347824,0.0,10.956521739130434,,,,,villekoivunen,,3.652173913043478,7.304347826086956,-18.26086956521739,29.217391304347824,7.304347826086956,0.0,87.65217391304347,0.0,10.956521739130434,,,,,,False,False,[],2,0.0,0.0,-0.679185196657471,-0.7431597792245379,-0.5872997665639822,-0.2628298733637469,0.0408570978707238,-0.34202739709864877,-0.4776433707174302,-0.544774682906941,-1.1635139080425994,0.0,,,,,-4.759576876704633,,,,,165
Soderblom,Elmer Soderblom,DET,Detroit Red Wings,L,24.0,7.0,3.5,0.0,0.0,1.0,91.0,-10.5,28.0,3.5,129.5,,,,,elmersoderblom,,7.0,3.5,-10.5,28.0,0.0,0.0,91.0,3.5,129.5,,,,,,False,False,[],3,0.0,0.0,-0.4092886200580564,-0.9572214975434488,-0.2831133347691355,-0.2951083423213927,-0.6194488057366755,-0.34202739709864877,-0.4246054913470031,-0.527987797064957,0.41614359342758306,0.0,,,,,-3.4426576925117347,,,,,166
Bichsel,Lian Bichsel,DAL,Dallas Stars,D,26.0,3.230769230769231,6.461538461538462,0.0,0.0,0.0,29.076923076923077,19.384615384615387,71.07692307692308,0.0,274.6153846153846,,,,,lianbichsel,,3.230769230769231,6.461538461538462,19.384615384615387,71.07692307692308,0.0,0.0,29.076923076923077,0.0,274.6153846153846,,,,,,False,False,['D'],2,0.0,0.0,-0.7131581923133413,-0.790582682975189,0.8882108890200706,0.8470528669491507,-0.6194488057366755,-0.34202739709864877,-1.4056208125692362,-0.544774682906941,2.349886463549618,0.0,,,,,-0.3304623540811926,,,,,167
Janmark,Mattias Janmark,EDM,Edmonton Oilers,C,21.0,4.0,20.0,0.0,0.0,0.0,60.0,-12.0,24.0,16.0,32.0,,,,,mattiasjanmark,,4.0,20.0,-12.0,24.0,0.0,0.0,60.0,16.0,32.0,,,,,,False,False,['C'],2,0.0,0.0,-0.6511439938938954,-0.028805244948858354,-0.3419056703261227,-0.4011661688965146,-0.6194488057366755,-0.34202739709864877,-0.9157224782445931,-0.46803463334358586,-0.8830979055809935,0.0,,,,,-4.651352298069888,,,,,168
Dickinson,Sam Dickinson,SJS,San Jose Sharks,D,27.0,3.1111111111111107,6.222222222222221,0.0,0.0,0.0,74.66666666666666,-15.555555555555555,18.666666666666664,0.0,74.66666666666666,,,,,samdickinson,,3.1111111111111107,6.222222222222221,-15.555555555555555,18.666666666666664,0.0,0.0,74.66666666666666,0.0,74.66666666666666,,,,,,False,False,['D'],2,0.0,0.0,-0.7228048454008108,-0.8040484457685837,-0.48126528053527745,-0.5425766043300104,-0.6194488057366755,-0.34202739709864877,-0.683366054336056,-0.544774682906941,-0.3145409419122832,0.0,,,,,-5.054853058025286,,,,,169
Sissons,Colton Sissons,VGK,Vegas Golden Knights,C,30.0,2.8,5.6,2.8,0.0,0.0,75.60000000000001,-19.6,42.0,470.4,123.19999999999999,,,,,coltonsissons,,2.8,5.6,-19.6,42.0,2.8,0.0,75.60000000000001,470.4,123.19999999999999,,,,,,False,False,['C'],2,0.0,0.0,-0.7478861434282312,-0.8390594290314101,-0.6397868371481911,0.07609405069153391,-0.3663315426871724,-0.34202739709864877,-0.668579736450967,1.7113827742557002,0.3321926042608749,0.0,,,,,-1.4840016566365113,,,,,170
Gaudreau,Freddy Gaudreau,SEA,Seattle Kraken,C,20.0,4.2,21.0,0.0,0.0,0.0,75.60000000000001,-8.4,29.4,369.6,29.4,,,,,freddygaudreau,,4.2,21.0,-8.4,29.4,0.0,0.0,75.60000000000001,369.6,29.4,,,,,,False,False,['C'],3,0.0,0.0,-0.6350203023048395,0.027462406723541066,-0.2008040649893535,-0.25798810302010006,-0.6194488057366755,-0.34202739709864877,-0.668579736450967,1.227920462006563,-0.9177443455545555,0.0,,,,,-2.386229886425036,,,,,171
Veleno,Joseph Veleno,MTL,Montréal Canadiens,C,31.0,5.419354838709677,2.7096774193548385,0.0,0.0,1.0,84.0,-18.967741935483872,35.225806451612904,270.96774193548384,195.0967741935484,,,,,josephveleno,,5.419354838709677,2.7096774193548385,-18.967741935483872,35.225806451612904,0.0,0.0,84.0,270.96774193548384,195.0967741935484,,,,,,False,False,['C'],2,0.0,0.0,-0.5367177955199501,-1.0016910932200225,-0.6150055516230954,-0.10352001044375314,-0.6194488057366755,-0.34202739709864877,-0.5355028754851686,0.754855188730525,1.2902569394106904,0.0,,,,,-1.7088014009860988,,,,,172
Kotkaniemi,Jesperi Kotkaniemi,CAR,Carolina Hurricanes,C,19.0,8.842105263157894,17.684210526315788,0.0,0.0,0.0,88.42105263157895,8.842105263157894,26.52631578947368,278.5263157894737,132.6315789473684,,,,,jesperikotkaniemi,,8.842105263157894,17.684210526315788,8.842105263157894,26.52631578947368,0.0,0.0,88.42105263157895,278.5263157894737,132.6315789473684,,,,,,False,False,['C'],2,0.0,0.0,-0.2607809343693833,-0.1591092804007308,0.4749983605709622,-0.3341822784280166,-0.6194488057366755,-0.34202739709864877,-0.46546242234527463,0.7911080219919914,0.45787361728237935,0.0,,,,,-0.4570311185333969,,,,,173
Lomberg,Ryan Lomberg,CGY,Calgary Flames,L,32.0,5.25,2.625,0.0,0.0,0.0,84.0,2.625,94.5,10.5,217.875,,,,,ryanlomberg,,5.25,2.625,2.625,94.5,0.0,0.0,84.0,10.5,217.875,,,,,,False,False,[],2,0.0,0.0,-0.5503709214622958,-1.0064556927567982,0.23131960135450225,1.4681030244900086,-0.6194488057366755,-0.34202739709864877,-0.5355028754851686,-0.49441402538098916,1.593789413682793,0.0,,,,,-0.2550076783932722,,,,,174
Benoit,Simon Benoit,TOR,Toronto Maple Leafs,D,33.0,0.0,7.636363636363637,0.0,0.0,0.0,50.909090909090914,-12.727272727272728,53.45454545454545,0.0,206.1818181818182,,,,,simonbenoit,,0.0,7.636363636363637,-12.727272727272728,53.45454545454545,0.0,0.0,50.909090909090914,0.0,206.1818181818182,,,,,,False,False,['D'],3,0.0,0.0,-0.9736178256750143,-0.7244780292621603,-0.37041104514163165,0.379805099520292,-0.6194488057366755,-0.34202739709864877,-1.0597450550474052,-0.544774682906941,1.4379712898506456,0.0,,,,,-2.816726451497539,,,,,175
Ohgren,Liam Ohgren,VAN,Vancouver Canucks,L,22.0,7.636363636363637,3.8181818181818183,0.0,0.0,0.0,95.45454545454547,-3.8181818181818183,0.0,7.636363636363637,137.45454545454547,,,,,liamohgren,,7.636363636363637,3.8181818181818183,-3.8181818181818183,0.0,0.0,0.0,95.45454545454547,7.636363636363637,137.45454545454547,,,,,,False,False,[],2,0.0,0.0,-0.3579859650019693,-0.9393181538295035,-0.021220203651647212,-1.0375131283472458,-0.6194488057366755,-0.34202739709864877,-0.35403442871362484,-0.5081487501607942,0.5221423171229217,0.0,,,,,-3.657554515417187,,,,,176
Koepke,Cole Koepke,WPG,Winnipeg Jets,L,24.0,7.0,14.0,0.0,0.0,0.0,101.5,-3.5,42.0,0.0,259.0,,,,,colekoepke,,7.0,14.0,-3.5,42.0,0.0,0.0,101.5,0.0,259.0,,,,,,False,False,[],1,0.0,0.0,-0.4092886200580564,-0.3664111549832549,-0.008749102169862048,0.07609405069153391,-0.6194488057366755,-0.34202739709864877,-0.25825941513975487,-0.544774682906941,2.1418028151876927,0.0,,,,,-0.33106231221396687,,,,,177
Kartye,Tye Kartye,SEA,Seattle Kraken,L,31.0,5.419354838709677,10.838709677419354,0.0,0.0,0.0,56.90322580645161,-13.548387096774194,24.38709677419355,2.7096774193548385,205.93548387096774,,,,,tyekartye,,5.419354838709677,10.838709677419354,-13.548387096774194,24.38709677419355,0.0,0.0,56.90322580645161,2.7096774193548385,205.93548387096774,,,,,,False,False,[],3,0.0,0.0,-0.5367177955199501,-0.5442895376895499,-0.4025945328365611,-0.3909025082602124,-0.6194488057366755,-0.34202739709864877,-0.964783072149035,-0.5317783841905663,1.4346887487297575,0.0,,,,,-2.8978532847514415,,,,,178
Jokiharju,Henri Jokiharju,BOS,Boston Bruins,D,25.0,0.0,20.16,6.72,0.0,0.0,73.92,-16.8,33.6,0.0,43.68,,,,,henrijokiharju,,0.0,20.16,-16.8,33.6,6.72,0.0,73.92,0.0,43.68,,,,,,False,False,['D'],2,0.0,0.0,-0.9736178256750143,-0.019802420681274437,-0.5300411441084817,-0.146627385116222,-0.011967374417868127,-0.34202739709864877,-0.6951951086441268,-0.544774682906941,-0.7274554367766841,0.0,,,,,-3.9915087754252614,,,,,179
Pionk,Neal Pionk,WPG,Winnipeg Jets,D,31.0,5.419354838709677,10.838709677419354,5.419354838709677,0.0,1.0,184.25806451612902,2.7096774193548385,32.516129032258064,0.0,178.83870967741933,,,,,nealpionk,,5.419354838709677,10.838709677419354,2.7096774193548385,32.516129032258064,5.419354838709677,0.0,184.25806451612902,0.0,178.83870967741933,,,,,,False,False,['D'],1,0.0,0.0,-0.5367177955199501,-0.5442895376895499,0.23463852352304182,-0.175365634897868,-0.1295444256408631,-0.34202739709864877,1.052833852171137,-0.544774682906941,1.0736092254320884,0.0,,,,,0.0883621273724462,,Neal Pionk,Filip Use the Forceberg,Philip,180
Dumba,Mathew Dumba,PIT,Pittsburgh Penguins,D,11.0,7.636363636363637,15.272727272727273,0.0,0.0,0.0,53.45454545454545,-38.18181818181818,84.0,0.0,122.18181818181819,,,,,mathewdumba,,7.636363636363637,15.272727272727273,-38.18181818181818,84.0,0.0,0.0,53.45454545454545,0.0,122.18181818181819,,,,,,False,False,['D'],2,0.0,0.0,-0.3579859650019693,-0.29479778012747376,-1.3680991636844442,1.1897012297303138,-0.6194488057366755,-0.34202739709864877,-1.019418733542618,-0.544774682906941,0.3186247676278718,0.0,,,,,-3.0382265307405847,,,,,181
Noesen,Stefan Noesen,NJD,New Jersey Devils,R,30.0,8.4,8.4,5.6,0.0,1.0,114.8,-25.2,81.2,33.6,81.2,,,,,stefannoesen,,8.4,8.4,-25.2,81.2,5.6,0.0,114.8,33.6,81.2,,,,,,False,False,[],2,0.0,0.0,-0.29642277893466473,-0.6815100043486916,-0.8592782232276098,1.1154607511277284,-0.11321427963766936,-0.34202739709864877,-0.0475543852772405,-0.38362057882389516,-0.22748065685051178,0.0,,,,,-1.8356475530712033,,,,,182
Bastian,Nathan Bastian,DAL,Dallas Stars,R,19.0,13.26315789473684,0.0,0.0,0.0,0.0,57.473684210526315,13.26315789473684,44.21052631578947,0.0,198.9473684210526,,,,,nathanbastian,,13.26315789473684,0.0,13.26315789473684,44.21052631578947,0.0,0.0,57.473684210526315,0.0,198.9473684210526,,,,,,False,False,[],2,0.0,0.0,0.09563751128343218,-1.1541582783968467,0.648281033791556,0.13470495485146966,-0.6194488057366755,-0.34202739709864877,-0.9557455943245325,-0.544774682906941,1.341568240089832,0.0,,,,,-1.3959630184473548,,,,,183
Vaakanainen,Urho Vaakanainen,NYR,New York Rangers,D,19.0,0.0,13.26315789473684,0.0,0.0,0.0,53.05263157894736,-4.421052631578947,44.21052631578947,0.0,26.52631578947368,,,,,urhovaakanainen,,0.0,13.26315789473684,-4.421052631578947,44.21052631578947,0.0,0.0,53.05263157894736,0.0,26.52631578947368,,,,,,False,False,['D'],2,0.0,0.0,-0.9736178256750143,-0.4078715298997598,-0.04484965909081907,0.13470495485146966,-0.6194488057366755,-0.34202739709864877,-1.0257860474644267,-0.544774682906941,-0.9560377792095452,0.0,,,,,-4.779708772230361,,,,,184
Greenway,Jordan Greenway,BUF,Buffalo Sabres,L,20.0,4.2,8.4,0.0,0.0,0.0,75.60000000000001,-42.0,79.8,33.6,113.4,,,,,jordangreenway,,4.2,8.4,-42.0,79.8,0.0,0.0,75.60000000000001,33.6,113.4,,,,,,False,False,[],2,0.0,0.0,-0.6350203023048395,-0.6815100043486916,-1.517752381465866,1.0783405118264355,-0.6194488057366755,-0.34202739709864877,-0.668579736450967,-0.38362057882389516,0.2016021766682182,0.0,,,,,-3.56801651773493,,,,,185
Chinakhov,Yegor Chinakhov,CBJ,Columbus Blue Jackets,R,29.0,8.689655172413794,8.689655172413794,0.0,0.0,0.0,104.27586206896552,-17.379310344827587,17.379310344827587,0.0,81.10344827586208,,,,,yegorchinakhov,,8.689655172413794,8.689655172413794,-17.379310344827587,17.379310344827587,0.0,0.0,104.27586206896552,0.0,81.10344827586208,,,,,,False,False,[],2,0.0,0.0,-0.2730712255987906,-0.6652117880022035,-0.5527471495649733,-0.5767101577105094,-0.6194488057366755,-0.34202739709864877,-0.2142828662573788,-0.544774682906941,-0.2287672620484689,0.0,,,,,-4.01704133492459,,,,,186
Robertson,Matthew Robertson,NYR,New York Rangers,D,29.0,5.793103448275862,11.586206896551724,0.0,0.0,0.0,86.89655172413794,-11.586206896551724,40.55172413793104,0.0,133.24137931034483,,,,,matthewrobertson,,5.793103448275862,11.586206896551724,-11.586206896551724,40.55172413793104,0.0,0.0,86.89655172413794,0.0,133.24137931034483,,,,,,False,False,['D'],2,0.0,0.0,-0.5065867589575319,-0.5022296245373224,-0.32568709500005727,0.03769380313847266,-0.6194488057366755,-0.34202739709864877,-0.4896143027383414,-0.544774682906941,0.465999544848425,0.0,,,,,-2.8266753189886207,,,,,187
Pearson,Tanner Pearson,WPG,Winnipeg Jets,L,29.0,11.586206896551724,5.793103448275862,0.0,0.0,1.0,63.72413793103448,11.586206896551724,60.827586206896555,11.586206896551724,101.37931034482759,,,,,tannerpearson,,11.586206896551724,5.793103448275862,11.586206896551724,60.827586206896555,0.0,0.0,63.72413793103448,11.586206896551724,101.37931034482759,,,,,,False,False,[],1,0.0,0.0,-0.03955569224004945,-0.8281939514670846,0.5825531232596066,0.5752972688813318,-0.6194488057366755,-0.34202739709864877,-0.8567228847129583,-0.4892043021886493,0.04141982952254534,0.0,,,,,-1.975882811780582,,,,,188
Girgensons,Zemgus Girgensons,TBL,Tampa Bay Lightning,C,28.0,15.0,3.0,0.0,0.0,0.0,120.0,-6.0,24.0,108.00000000000001,245.99999999999997,,,,,zemgusgirgensons,,15.0,3.0,-6.0,24.0,0.0,0.0,120.0,108.00000000000001,245.99999999999997,,,,,,False,False,['C'],3,0.0,0.0,0.23565904350418124,-0.9853553233796485,-0.106736328098174,-0.4011661688965146,-0.6194488057366755,-0.34202739709864877,0.03482652865396819,-0.02677934835429373,1.968570615319882,0.0,,,,,-0.24245718408592398,,,,,189
Regula,Alec Regula,EDM,Edmonton Oilers,D,21.0,0.0,12.0,0.0,0.0,0.0,52.0,-32.0,76.0,0.0,56.0,,,,,alecregula,,0.0,12.0,-32.0,76.0,0.0,0.0,52.0,0.0,56.0,,,,,,False,False,['D'],2,0.0,0.0,-0.9736178256750143,-0.4789464583280537,-1.1258034777526182,0.97758557658007,-0.6194488057366755,-0.34202739709864877,-1.042462345831068,-0.544774682906941,-0.5632846135173439,0.0,,,,,-4.712780030266294,,,,,190
Pachal,Brayden Pachal,CGY,Calgary Flames,D,21.0,0.0,12.0,0.0,0.0,0.0,52.0,0.0,132.0,0.0,180.0,,,,,braydenpachal,,0.0,12.0,0.0,132.0,0.0,0.0,52.0,0.0,180.0,,,,,,False,False,['D'],2,0.0,0.0,-0.9736178256750143,-0.4789464583280537,0.12843301412977468,2.462395148631776,-0.6194488057366755,-0.34202739709864877,-1.042462345831068,-0.544774682906941,1.0890840621448459,0.0,,,,,-0.32136529067000463,,,,,191
Foegele,Warren Foegele,LAK,Los Angeles Kings,L,26.0,16.153846153846153,3.230769230769231,0.0,0.0,1.0,119.53846153846155,12.923076923076923,45.230769230769226,16.153846153846153,93.6923076923077,,,,,warrenfoegele,,16.153846153846153,3.230769230769231,12.923076923076923,45.230769230769226,0.0,0.0,119.53846153846155,16.153846153846153,93.6923076923077,,,,,,False,False,[],3,0.0,0.0,0.3286803411333501,-0.972370480686018,0.6349515973899718,0.16175614138682454,-0.6194488057366755,-0.34202739709864877,0.027514613216287082,-0.46729674825163053,-0.06101373816097109,0.0,,,,,-1.3092544768075105,,,,,192
Wilsby,Adam Wilsby,NSH,Nashville Predators,D,25.0,3.36,16.8,0.0,0.0,0.0,70.56,10.08,47.040000000000006,0.0,40.32,,,,,adamwilsby,,3.36,16.8,10.08,47.040000000000006,0.0,0.0,70.56,0.0,40.32,,,,,,False,False,['D'],2,0.0,0.0,-0.7027398069788745,-0.20886173030053645,0.5235175090727285,0.20972691217618764,-0.6194488057366755,-0.34202739709864877,-0.7484258530304463,-0.544774682906941,-0.772229297665595,0.0,,,,,-3.205263152468801,,,,,193
MacLean,Kyle MacLean,NYI,New York Islanders,C,22.0,3.8181818181818183,7.636363636363637,0.0,0.0,0.0,61.09090909090909,-19.09090909090909,95.45454545454547,76.36363636363636,175.63636363636363,,,,,kylemaclean,,3.8181818181818183,7.636363636363637,-19.09090909090909,95.45454545454547,0.0,0.0,61.09090909090909,76.36363636363636,175.63636363636363,,,,,,False,False,['C'],3,0.0,0.0,-0.6658018953384918,-0.7244780292621603,-0.6198330747773347,1.4934122785590722,-0.6194488057366755,-0.34202739709864877,-0.8984397690282555,-0.1785153554454733,1.0309361908605459,0.0,,,,,-1.5241958572674215,,,,,194
O'Brien,Liam O'Brien,UTA,Utah Mammoth,C,19.0,8.842105263157894,4.421052631578947,0.0,0.0,0.0,92.8421052631579,-13.26315789473684,128.21052631578948,4.421052631578947,198.9473684210526,,,,,liamobrien,,8.842105263157894,4.421052631578947,-13.26315789473684,128.21052631578948,0.0,0.0,92.8421052631579,4.421052631578947,198.9473684210526,,,,,,False,False,['C'],1,0.0,0.0,-0.2607809343693833,-0.9053960288978179,-0.3914150055320066,2.3619193129290292,-0.6194488057366755,-0.34202739709864877,-0.3954219692053804,-0.5235701955275929,1.341568240089832,0.0,,,,,0.2654272166513558,,,,,195
Sabourin,Scott Sabourin,TBL,Tampa Bay Lightning,R,7.0,12.0,24.0,0.0,0.0,0.0,60.0,0.0,384.0,0.0,156.0,,,,,scottsabourin,,12.0,24.0,0.0,384.0,0.0,0.0,60.0,0.0,156.0,,,,,,False,False,[],3,0.0,0.0,-0.0061963303316578565,0.19626536174073933,0.12843301412977468,9.144038222864454,-0.6194488057366755,-0.34202739709864877,-0.9157224782445931,-0.544774682906941,0.7692707700811963,0.0,,,,,7.809837674497647,,,,,196
Lundkvist,Nils Lundkvist,DAL,Dallas Stars,D,10.0,8.4,16.8,0.0,0.0,0.0,58.8,33.6,16.8,0.0,58.8,,,,,nilslundkvist,,8.4,16.8,33.6,16.8,0.0,0.0,58.8,0.0,58.8,,,,,,False,False,['D'],2,0.0,0.0,-0.29642277893466473,-0.20886173030053645,1.4453813306062875,-0.592070256731734,-0.6194488057366755,-0.34202739709864877,-0.9347334583825644,-0.544774682906941,-0.5259730627765848,0.0,,,,,-2.618930842262062,,,,,197
Gadjovich,Jonah Gadjovich,FLA,Florida Panthers,L,10.0,0.0,25.2,0.0,0.0,0.0,67.2,16.8,58.8,0.0,252.0,,,,,jonahgadjovich,,0.0,25.2,16.8,58.8,0.0,0.0,67.2,0.0,252.0,,,,,,False,False,[],2,0.0,0.0,-0.9736178256750143,0.2637865437476186,0.786907172368031,0.5215369223070457,-0.6194488057366755,-0.34202739709864877,-0.8016565974167656,-0.544774682906941,2.0485239383357947,0.0,,,,,0.33922926792444463,,,,,198
Bardakov,Zakhar Bardakov,COL,Colorado Avalanche,C,25.0,3.36,13.44,0.0,0.0,0.0,53.76,10.08,0.0,181.44,73.92,,,,,zakharbardakov,,3.36,13.44,10.08,0.0,0.0,0.0,53.76,181.44,73.92,,,,,,False,False,['C'],2,0.0,0.0,-0.7027398069788745,-0.3979210399197986,0.5235175090727285,-1.0375131283472458,-0.6194488057366755,-0.34202739709864877,-1.0145795749620434,0.3254574791415063,-0.3244906887764855,0.0,,,,,-3.5897454536055373,,,,,199
Murphy,Connor Murphy,CHI,Chicago Blackhawks,D,35.0,0.0,7.2,0.0,0.0,0.0,72.0,-14.4,67.2,0.0,86.39999999999999,,,,,connormurphy,,0.0,7.2,-14.4,67.2,0.0,0.0,72.0,0.0,86.39999999999999,,,,,,False,False,['D'],3,0.0,0.0,-0.9736178256750143,-0.749031186355571,-0.43597340721730216,0.7442583581148019,-0.6194488057366755,-0.34202739709864877,-0.7256126768648808,-0.544774682906941,-0.15818777690338784,0.0,,,,,-3.8044154006436197,,,,,200
Grundstrom,Carl Grundstrom,PHI,Philadelphia Flyers,R,8.0,31.5,10.5,0.0,0.0,1.0,105.0,31.5,42.0,0.0,262.5,,,,,carlgrundstrom,,31.5,10.5,31.5,42.0,0.0,0.0,105.0,0.0,262.5,,,,,,False,False,[],3,0.0,0.0,1.5658635996012964,-0.5633479358366529,1.3630720608265054,0.07609405069153391,-0.6194488057366755,-0.34202739709864877,-0.20281072307067213,-0.544774682906941,2.1884422536136414,0.0,,,,,2.921062420083387,,,,,201
Jost,Tyson Jost,NSH,Nashville Predators,C,25.0,6.72,10.08,0.0,0.0,0.0,87.36,-23.520000000000003,33.6,53.76,104.16,,,,,tysonjost,,6.72,10.08,-23.520000000000003,33.6,0.0,0.0,87.36,53.76,104.16,,,,,,False,False,['C'],2,0.0,0.0,-0.4318617882827347,-0.5869803495390606,-0.7934308074037842,-0.146627385116222,-0.6194488057366755,-0.34202739709864877,-0.48227213109884914,-0.28692811637406773,0.07847405922371296,0.0,,,,,-3.61110272142633,,,,,202
Blais,Samuel Blais,MTL,Montréal Canadiens,L,9.0,9.333333333333332,28.0,0.0,0.0,0.0,74.66666666666666,-9.333333333333332,56.0,9.333333333333332,317.3333333333333,,,,,samuelblais,,9.333333333333332,28.0,-9.333333333333332,56.0,0.0,0.0,74.66666666666666,9.333333333333332,317.3333333333333,,,,,,False,False,[],2,0.0,0.0,-0.22117888485240383,0.421335968430337,-0.23738596266925657,0.4472964437044605,-0.6194488057366755,-0.34202739709864877,-0.683366054336056,-0.5000096539949839,2.9191267889535073,0.0,,,,,1.1843424424002802,,,,,203
Duchene,Matt Duchene,DAL,Dallas Stars,C,12.0,14.0,14.0,7.0,0.0,1.0,70.0,0.0,14.0,280.0,28.0,,,,,mattduchene,,14.0,14.0,0.0,14.0,7.0,0.0,70.0,280.0,28.0,,,,,,False,False,"['C', 'RW']",2,0.0,0.0,0.15504058555890154,-0.3664111549832549,0.12843301412977468,-0.6663107353343193,0.013344351887082202,-0.34202739709864877,-0.7572976437614996,0.7981761844517741,-0.9364001209249352,0.0,,,,,-1.973452916075125,,Matt Duchene,KYYYYLE….,jeremy elgressy,204
Bjugstad,Nick Bjugstad,STL,St. Louis Blues,C,25.0,13.44,3.36,0.0,0.0,0.0,131.04,-13.44,40.32,248.64,174.72,,,,,nickbjugstad,,13.44,3.36,-13.44,40.32,0.0,0.0,131.04,248.64,174.72,,,,,,False,False,['C'],2,0.0,0.0,0.10989424910954487,-0.9650989687775847,-0.39834631246083035,0.031549763529982726,-0.6194488057366755,-0.34202739709864877,0.20972754592330334,0.6477656873075979,1.0187251378908428,0.0,,,,,-0.3072591003124676,,,,,205
Nystrom,Joel Nystrom,CAR,Carolina Hurricanes,D,24.0,0.0,17.5,0.0,0.0,0.0,108.5,10.5,14.0,0.0,21.0,,,,,joelnystrom,,0.0,17.5,10.5,14.0,0.0,0.0,108.5,0.0,21.0,,,,,,False,False,['D'],2,0.0,0.0,-0.9736178256750143,-0.16947437412985691,0.5399793630286849,-0.6663107353343193,-0.6194488057366755,-0.34202739709864877,-0.1473620310015894,-0.544774682906941,-1.029678997776833,0.0,,,,,-3.9527154866311935,,,,,206
Erne,Adam Erne,DAL,Dallas Stars,L,15.0,16.8,5.6,0.0,0.0,0.0,78.4,11.2,11.2,11.2,263.2,,,,,adamerne,,16.8,5.6,11.2,11.2,0.0,0.0,78.4,11.2,263.2,,,,,,False,False,[],2,0.0,0.0,0.3807722678056848,-0.8390594290314101,0.5674157862886122,-0.7405512139369046,-0.6194488057366755,-0.34202739709864877,-0.6242207827957008,-0.4910566482125924,2.197770141298831,0.0,,,,,-0.5104060814188043,,,,,207
Hinostroza,Vincent Hinostroza,MIN,Minnesota Wild,C,24.0,7.0,10.5,3.5,0.0,1.0,80.5,-17.5,14.0,42.0,70.0,,,,,vincenthinostroza,,7.0,10.5,-17.5,14.0,3.5,0.0,80.5,42.0,70.0,,,,,,False,False,['C'],2,0.0,0.0,-0.4092886200580564,-0.5633479358366529,-0.557477567368409,-0.6663107353343193,-0.3030522269247966,-0.34202739709864877,-0.5909515675542513,-0.3433320528031337,-0.3767268598135483,0.0,,,,,-4.152514962791816,,,,,208
Jankowski,Mark Jankowski,CAR,Carolina Hurricanes,L,24.0,3.5,14.0,0.0,0.0,1.0,77.0,7.0,28.0,437.5,56.0,,,,,markjankowski,,3.5,14.0,7.0,28.0,0.0,0.0,77.0,437.5,56.0,,,,,,False,False,[],2,0.0,0.0,-0.6914532228665353,-0.3664111549832549,0.40279724672904815,-0.2951083423213927,-0.6194488057366755,-0.34202739709864877,-0.646400259623334,1.5535860473410512,-0.5632846135173439,0.0,,,,,-1.5677505020770859,,,,,209
Lowry,Adam Lowry,WPG,Winnipeg Jets,C,23.0,3.652173913043478,14.608695652173912,0.0,0.0,0.0,76.69565217391303,3.652173913043478,36.52173913043478,507.6521739130435,193.56521739130434,,,,,adamlowry,,3.652173913043478,14.608695652173912,3.652173913043478,36.52173913043478,0.0,0.0,76.69565217391303,507.6521739130435,193.56521739130434,,,,,,False,False,['C'],1,0.0,0.0,-0.679185196657471,-0.33216128005222917,0.2715795702685261,-0.06915905961787218,-0.6194488057366755,-0.34202739709864877,-0.6512218850206457,1.8900536287825553,1.2698480967895174,0.0,,,,,0.7382776716570564,,,,,210
Meyers,Ben Meyers,SEA,Seattle Kraken,C,15.0,5.6,16.8,0.0,0.0,0.0,89.6,-22.4,11.2,224.0,112.0,,,,,benmeyers,,5.6,16.8,-22.4,11.2,0.0,0.0,89.6,224.0,112.0,,,,,,False,False,['C'],3,0.0,0.0,-0.5221544611814479,-0.20886173030053645,-0.7495325301879003,-0.7405512139369046,-0.6194488057366755,-0.34202739709864877,-0.44678496817463625,0.529586010980031,0.18294640129783857,0.0,,,,,-2.9168286943388804,,,,,211
White,Colton White,NJD,New Jersey Devils,D,16.0,0.0,21.0,0.0,0.0,0.0,42.0,31.5,0.0,0.0,78.75,,,,,coltonwhite,,0.0,21.0,31.5,0.0,0.0,0.0,42.0,0.0,78.75,,,,,,False,False,['D'],2,0.0,0.0,-0.9736178256750143,0.027462406723541066,1.3630720608265054,-1.0375131283472458,-0.6194488057366755,-0.34202739709864877,-1.2008871803141614,-0.544774682906941,-0.26012826374867604,0.0,,,,,-3.5878628162773163,,,,,212
Capobianco,Kyle Capobianco,DAL,Dallas Stars,D,18.0,4.666666666666666,14.0,0.0,0.0,0.0,51.333333333333336,0.0,18.666666666666664,0.0,28.0,,,,,kylecapobianco,,4.666666666666666,14.0,0.0,18.666666666666664,0.0,0.0,51.333333333333336,0.0,28.0,,,,,,False,False,['D'],2,0.0,0.0,-0.5973983552637091,-0.3664111549832549,0.12843301412977468,-0.5425766043300104,-0.6194488057366755,-0.34202739709864877,-1.0530240014632741,-0.544774682906941,-0.9364001209249352,0.0,,,,,-4.873628108577674,,,,,213
Bains,Arshdeep Bains,VAN,Vancouver Canucks,L,26.0,3.230769230769231,12.923076923076923,3.230769230769231,0.0,0.0,45.230769230769226,0.0,38.769230769230774,6.461538461538462,71.07692307692308,,,,,arshdeepbains,,3.230769230769231,12.923076923076923,0.0,38.769230769230774,3.230769230769231,0.0,45.230769230769226,6.461538461538462,71.07692307692308,,,,,,False,False,[],2,0.0,0.0,-0.7131581923133413,-0.4270070875535312,0.12843301412977468,-0.00956804000375673,-0.32739042529494117,-0.34202739709864877,-1.1497037722503929,-0.5137835090448167,-0.3623762633747948,0.0,,,,,-3.7165816728044487,,,,,214
van Riemsdyk,Trevor van Riemsdyk,WSH,Washington Capitals,D,27.0,3.1111111111111107,12.444444444444443,0.0,0.0,0.0,49.77777777777777,0.0,31.11111111111111,0.0,9.333333333333332,,,,,trevorvanriemsdyk,,3.1111111111111107,12.444444444444443,0.0,31.11111111111111,0.0,0.0,49.77777777777777,0.0,9.333333333333332,,,,,,False,False,['D'],2,0.0,0.0,-0.7228048454008108,-0.45393861314032075,0.12843301412977468,-0.21261892165185345,-0.6194488057366755,-0.34202739709864877,-1.0776678646050888,-0.544774682906941,-1.1851437925299961,0.0,,,,,-5.029991908940561,,,,,215
MacEachern,Mackenzie MacEachern,VAN,Vancouver Canucks,L,8.0,10.5,31.5,0.0,0.0,0.0,63.0,0.0,126.0,10.5,105.0,,,,,mackenziemaceachern,,10.5,31.5,0.0,126.0,0.0,0.0,63.0,10.5,105.0,,,,,,False,False,[],2,0.0,0.0,-0.12712401724957742,0.618272749283735,0.12843301412977468,2.3033084087690936,-0.6194488057366755,-0.34202739709864877,-0.868195027899665,-0.49441402538098916,0.08966752444594074,0.0,,,,,0.6884724232629881,,,,,216
Malenstyn,Beck Malenstyn,BUF,Buffalo Sabres,L,34.0,7.411764705882353,4.9411764705882355,0.0,0.0,0.0,93.88235294117648,-17.294117647058822,49.411764705882355,2.4705882352941178,289.05882352941177,,,,,beckmalenstyn,,7.411764705882353,4.9411764705882355,-17.294117647058822,49.411764705882355,0.0,0.0,93.88235294117648,2.4705882352941178,289.05882352941177,,,,,,False,False,[],2,0.0,0.0,-0.3760927844335294,-0.876129881897932,-0.5494080311154892,0.2726129646395539,-0.6194488057366755,-0.34202739709864877,-0.37894186258422896,-0.5329251164302464,2.542353286375254,0.0,,,,,-0.860007628281942,,,,,217
Winterton,Ryan Winterton,SEA,Seattle Kraken,C,32.0,5.25,7.875,0.0,0.0,0.0,70.875,-5.25,21.0,0.0,94.5,,,,,ryanwinterton,,5.25,7.875,-5.25,21.0,0.0,0.0,70.875,0.0,94.5,,,,,,False,False,['C'],3,0.0,0.0,-0.5503709214622958,-0.7110505214767013,-0.07734016031968041,-0.480709538827856,-0.6194488057366755,-0.34202739709864877,-0.7434354707442289,-0.544774682906941,-0.05025079083190597,0.0,,,,,-4.119408289404934,,,,,218
Kleven,Tyler Kleven,OTT,Ottawa Senators,D,32.0,0.0,13.125,0.0,0.0,0.0,102.375,-28.875,34.125,0.0,107.625,,,,,tylerkleven,,0.0,13.125,-28.875,34.125,0.0,0.0,102.375,0.0,107.625,,,,,,False,False,['D'],2,0.0,0.0,-0.9736178256750143,-0.41564535019660437,-1.0033194453422283,-0.1327072953782373,-0.6194488057366755,-0.34202739709864877,-0.24439724212248418,-0.544774682906941,0.12464710326540243,0.0,,,,,-4.151290941191431,,,,,219
Lapierre,Hendrix Lapierre,WSH,Washington Capitals,C,33.0,0.0,12.727272727272728,0.0,0.0,0.0,63.63636363636363,7.636363636363637,20.363636363636363,114.54545454545453,56.0,,,,,hendrixlapierre,,0.0,12.727272727272728,7.636363636363637,20.363636363636363,0.0,0.0,63.63636363636363,114.54545454545453,56.0,,,,,,False,False,['C'],2,0.0,0.0,-0.9736178256750143,-0.4380245298390359,0.42773944969261846,-0.4975823748738981,-0.6194488057366755,-0.34202739709864877,-0.8581134475234682,0.004614308285260515,-0.5632846135173439,0.0,,,,,-3.859745236286206,,,,,220
Tucker,Tyler Tucker,STL,St. Louis Blues,D,32.0,2.625,10.5,0.0,0.0,0.0,91.875,-18.375,107.625,0.0,94.5,,,,,tylertucker,,2.625,10.5,-18.375,107.625,0.0,0.0,91.875,0.0,94.5,,,,,,False,False,['D'],2,0.0,0.0,-0.7619943735686551,-0.5633479358366529,-0.5917730964433182,1.8161052679396272,-0.6194488057366755,-0.34202739709864877,-0.4107433183297324,-0.544774682906941,-0.05025079083190597,0.0,,,,,-2.0682551328129026,,,,,221
Oleksiak,Jamie Oleksiak,SEA,Seattle Kraken,D,31.0,5.419354838709677,8.129032258064516,0.0,0.0,0.0,92.12903225806451,10.838709677419354,27.096774193548388,0.0,124.64516129032258,,,,,jamieoleksiak,,5.419354838709677,8.129032258064516,10.838709677419354,27.096774193548388,0.0,0.0,92.12903225806451,0.0,124.64516129032258,,,,,,False,False,['D'],3,0.0,0.0,-0.5367177955199501,-0.696756722866374,0.5532550517028433,-0.3190568838060976,-0.6194488057366755,-0.34202739709864877,-0.4067188164860087,-0.544774682906941,0.35145017883675067,0.0,,,,,-2.5607958738811023,,,,,222
Mayfield,Scott Mayfield,NYI,New York Islanders,D,34.0,2.4705882352941178,9.882352941176471,0.0,0.0,0.0,86.47058823529412,4.9411764705882355,130.94117647058823,0.0,71.6470588235294,,,,,scottmayfield,,2.4705882352941178,9.882352941176471,4.9411764705882355,130.94117647058823,0.0,0.0,86.47058823529412,0.0,71.6470588235294,,,,,,False,False,['D'],3,0.0,0.0,-0.7744428119278527,-0.5981014853990172,0.3221018841998501,2.4343210180677732,-0.6194488057366755,-0.34202739709864877,-0.4963626222599337,-0.544774682906941,-0.3547788887895724,0.0,,,,,-0.9735137918510175,,Scott Mayfield,Hintz 57,Ryan,223
Whitecloud,Zach Whitecloud,VGK,Vegas Golden Knights,D,34.0,2.4705882352941178,9.882352941176471,0.0,0.0,0.0,61.76470588235294,-22.235294117647058,34.588235294117645,0.0,138.35294117647058,,,,,zachwhitecloud,,2.4705882352941178,9.882352941176471,-22.235294117647058,34.588235294117645,0.0,0.0,61.76470588235294,0.0,138.35294117647058,,,,,,False,False,['D'],2,0.0,0.0,-0.7744428119278527,-0.5981014853990172,-0.7430769011855645,-0.1204248632564861,-0.6194488057366755,-0.34202739709864877,-0.8877651545122824,-0.544774682906941,0.5341139376814538,0.0,,,,,-4.095948164342015,,,,,224
Juulsen,Noah Juulsen,PHI,Philadelphia Flyers,D,27.0,3.1111111111111107,12.444444444444443,0.0,0.0,0.0,52.88888888888889,9.333333333333332,24.888888888888886,0.0,158.66666666666666,,,,,noahjuulsen,,3.1111111111111107,12.444444444444443,9.333333333333332,24.888888888888886,0.0,0.0,52.88888888888889,0.0,158.66666666666666,,,,,,False,False,['D'],3,0.0,0.0,-0.7228048454008108,-0.45393861314032075,0.49425199092880595,-0.377597762990932,-0.6194488057366755,-0.34202739709864877,-1.0283801383214595,-0.544774682906941,0.8048055803104905,0.0,,,,,-2.789914674356492,,,,,225
Lundeström,Isac Lundestrom,CBJ,Columbus Blue Jackets,C,34.0,2.4705882352941178,9.882352941176471,0.0,0.0,0.0,66.70588235294117,-9.882352941176471,9.882352941176471,229.76470588235296,32.11764705882353,,,,,isaclundestrom,,2.4705882352941178,9.882352941176471,-9.882352941176471,9.882352941176471,0.0,0.0,66.70588235294117,229.76470588235296,32.11764705882353,,,,,,False,False,['C'],2,0.0,0.0,-0.7744428119278527,-0.5981014853990172,-0.2589047260103761,-0.7754879097498859,-0.6194488057366755,-0.34202739709864877,-0.8094846480618128,0.5572349994256517,-0.8815301933649952,0.0,,,,,-4.502192977923612,,,,,226
Struble,Jayden Struble,MTL,Montréal Canadiens,D,28.0,0.0,15.0,0.0,0.0,0.0,33.0,-24.0,101.99999999999999,0.0,150.0,,,,,jaydenstruble,,0.0,15.0,-24.0,101.99999999999999,0.0,0.0,33.0,0.0,150.0,,,,,,False,False,['D'],2,0.0,0.0,-0.9736178256750143,-0.31014350331085544,-0.81224435478202,1.6669614493183618,-0.6194488057366755,-0.34202739709864877,-1.3434695313489455,-0.544774682906941,0.6893174470652839,0.0,,,,,-2.589447204475455,,,,,227
Chatfield,Jalen Chatfield,CAR,Carolina Hurricanes,D,28.0,0.0,15.0,0.0,0.0,0.0,108.00000000000001,18.0,30.0,0.0,45.0,,,,,jalenchatfield,,0.0,15.0,18.0,30.0,0.0,0.0,108.00000000000001,0.0,45.0,,,,,,False,False,['D'],2,0.0,0.0,-0.9736178256750143,-0.31014350331085544,0.8339410408136209,-0.24207942903383176,-0.6194488057366755,-0.34202739709864877,-0.15528327272574383,-0.544774682906941,-0.7098657057131833,0.0,,,,,-3.0632995813872728,,,,,228
Mikkola,Niko Mikkola,FLA,Florida Panthers,D,35.0,0.0,12.0,0.0,0.0,0.0,88.8,21.599999999999998,84.0,0.0,139.20000000000002,,,,,nikomikkola,,0.0,12.0,21.599999999999998,84.0,0.0,0.0,88.8,0.0,139.20000000000002,,,,,,False,False,['D'],2,0.0,0.0,-0.9736178256750143,-0.4789464583280537,0.9750426461503898,1.1897012297303138,-0.6194488057366755,-0.34202739709864877,-0.4594589549332837,-0.544774682906941,0.5454014656366417,0.0,,,,,-0.7081287831612717,,,,,229
Kasper,Marco Kasper,DET,Detroit Red Wings,C,36.0,7.0,4.666666666666666,2.333333333333333,0.0,0.0,133.0,-30.333333333333332,63.0,284.6666666666667,189.0,,,,,marcokasper,,7.0,4.666666666666666,-30.333333333333332,63.0,2.333333333333333,0.0,133.0,284.6666666666667,189.0,,,,,,False,False,['C'],3,0.0,0.0,-0.4092886200580564,-0.8915759039256494,-1.060478660467077,0.6328976402109238,-0.40851775319542294,-0.34202739709864877,0.2407788134819898,0.8205586989077527,1.2090140466687145,0.0,,,,,-0.20863913547547397,,,,,230
Lizotte,Blake Lizotte,PIT,Pittsburgh Penguins,C,27.0,9.333333333333332,6.222222222222221,0.0,0.0,0.0,96.44444444444444,3.1111111111111107,24.888888888888886,413.77777777777777,77.77777777777777,,,,,blakelizotte,,9.333333333333332,6.222222222222221,3.1111111111111107,24.888888888888886,0.0,0.0,96.44444444444444,413.77777777777777,77.77777777777777,,,,,,False,False,['C'],2,0.0,0.0,-0.22117888485240383,-0.8040484457685837,0.2503726730627851,-0.377597762990932,-0.6194488057366755,-0.34202739709864877,-0.3383519703506522,1.43980826552316,-0.27308366331143974,0.0,,,,,-1.2855559915233905,,,,,231
Honzek,Samuel Honzek,CGY,Calgary Flames,L,18.0,9.333333333333332,9.333333333333332,0.0,0.0,0.0,102.66666666666667,4.666666666666666,9.333333333333332,28.0,163.33333333333334,,,,,samuelhonzek,,9.333333333333332,9.333333333333332,4.666666666666666,9.333333333333332,0.0,0.0,102.66666666666667,28.0,163.33333333333334,,,,,,False,False,[],2,0.0,0.0,-0.22117888485240383,-0.6289935294544522,0.3113425025292903,-0.7900448663386281,-0.6194488057366755,-0.34202739709864877,-0.23977651778339387,-0.4104795961710695,0.8669914982117559,0.0,,,,,-2.073615596694226,,,,,232
Tomasek,David Tomasek,EDM,Edmonton Oilers,R,22.0,11.454545454545453,7.636363636363637,7.636363636363637,0.0,0.0,114.54545454545453,-22.909090909090907,38.18181818181818,114.54545454545453,64.9090909090909,,,,,davidtomasek,,11.454545454545453,7.636363636363637,-22.909090909090907,38.18181818181818,7.636363636363637,0.0,114.54545454545453,114.54545454545453,64.9090909090909,,,,,,False,False,[],2,0.0,0.0,-0.05017003466544689,-0.7244780292621603,-0.7694862925587564,-0.02514296558471885,0.07087100258015111,-0.34202739709864877,-0.05158701742771941,0.004614308285260515,-0.44456604297856495,0.0,,,,,-2.331972468710604,,,,,233
Barron,Justin Barron,NSH,Nashville Predators,D,19.0,0.0,17.684210526315788,0.0,0.0,0.0,66.3157894736842,-4.421052631578947,26.52631578947368,0.0,57.473684210526315,,,,,justinbarron,,0.0,17.684210526315788,-4.421052631578947,26.52631578947368,0.0,0.0,66.3157894736842,0.0,57.473684210526315,,,,,,False,False,['D'],2,0.0,0.0,-0.9736178256750143,-0.1591092804007308,-0.04484965909081907,-0.3341822784280166,-0.6194488057366755,-0.34202739709864877,-0.8156646880447446,-0.544774682906941,-0.5436469552327339,0.0,,,,,-4.377321572614324,,,,,234
Pelech,Adam Pelech,NYI,New York Islanders,D,36.0,2.333333333333333,7.0,0.0,0.0,1.0,123.66666666666667,18.666666666666664,32.666666666666664,0.0,53.666666666666664,,,,,adampelech,,2.333333333333333,7.0,18.666666666666664,32.666666666666664,0.0,0.0,123.66666666666667,0.0,53.666666666666664,,,,,,False,False,['D'],3,0.0,0.0,-0.7855080904693615,-0.7602847166900508,0.8600709677278372,-0.17137421131708389,-0.6194488057366755,-0.34202739709864877,0.09291563463110256,-0.544774682906941,-0.5943775724679765,0.0,,,,,-2.8648088743277986,,,,,235
Schneider,Braden Schneider,NYR,New York Rangers,D,38.0,2.2105263157894735,11.052631578947368,0.0,0.0,0.0,99.4736842105263,-8.842105263157894,17.684210526315788,0.0,179.0526315789474,,,,,bradenschneider,,2.2105263157894735,11.052631578947368,-8.842105263157894,17.684210526315788,0.0,0.0,99.4736842105263,0.0,179.0526315789474,,,,,,False,False,['D'],2,0.0,0.0,-0.7954086028486065,-0.5322526546492743,-0.21813233231141282,-0.5686258950677597,-0.6194488057366755,-0.34202739709864877,-0.29036128949553985,-0.544774682906941,1.0764598532475969,0.0,,,,,-2.834571806867262,,,,,236
Liljegren,Timothy Liljegren,SJS,San Jose Sharks,D,28.0,0.0,12.0,0.0,0.0,0.0,54.00000000000001,-30.0,54.00000000000001,0.0,75.0,,,,,timothyliljegren,,0.0,12.0,-30.0,54.00000000000001,0.0,0.0,54.00000000000001,0.0,75.0,,,,,,False,False,['D'],2,0.0,0.0,-0.9736178256750143,-0.4789464583280537,-1.0474136970099688,0.39426753041689977,-0.6194488057366755,-0.34202739709864877,-1.010777378934449,-0.544774682906941,-0.3100990906336213,0.0,,,,,-4.932837805906472,,,,,237
Saad,Brandon Saad,VGK,Vegas Golden Knights,L,31.0,2.7096774193548385,8.129032258064516,0.0,0.0,0.0,135.48387096774192,-8.129032258064516,37.935483870967744,21.677419354838708,8.129032258064516,,,,,brandonsaad,,2.7096774193548385,8.129032258064516,-8.129032258064516,37.935483870967744,0.0,0.0,135.48387096774192,21.677419354838708,8.129032258064516,,,,,,False,False,[],2,0.0,0.0,-0.7551678105974823,-0.696756722866374,-0.19018351405002676,-0.03167438598963828,-0.6194488057366755,-0.34202739709864877,0.2801294981761773,-0.4408042931759437,-1.2011917713432259,0.0,,,,,-3.9971252026818376,,,,,238
Borgen,Will Borgen,NYR,New York Rangers,D,31.0,5.419354838709677,5.419354838709677,0.0,0.0,2.0,81.29032258064517,8.129032258064516,54.193548387096776,0.0,135.48387096774192,,,,,willborgen,,5.419354838709677,5.419354838709677,8.129032258064516,54.193548387096776,0.0,0.0,81.29032258064517,0.0,135.48387096774192,,,,,,False,False,['D'],2,0.0,0.0,-0.5367177955199501,-0.8492239080431984,0.4470495423095761,0.39939936073505067,-0.6194488057366755,-0.34202739709864877,-0.5784308951515551,-0.544774682906941,0.49588198815581813,0.0,,,,,-2.128292593256524,,,,,239
Seeler,Nick Seeler,PHI,Philadelphia Flyers,D,34.0,0.0,9.882352941176471,0.0,0.0,0.0,103.76470588235294,-7.411764705882353,24.705882352941178,0.0,150.7058823529412,,,,,nickseeler,,0.0,9.882352941176471,-7.411764705882353,24.705882352941178,0.0,0.0,103.76470588235294,0.0,150.7058823529412,,,,,,False,False,['D'],3,0.0,0.0,-0.9736178256750143,-0.5981014853990172,-0.1620702909753384,-0.382450081853846,-0.6194488057366755,-0.34202739709864877,-0.22238084968328956,-0.544774682906941,0.6987237203612736,0.0,,,,,-3.1461476989674972,,,,,240
Kolesar,Keegan Kolesar,VGK,Vegas Golden Knights,R,34.0,0.0,9.882352941176471,0.0,0.0,0.0,69.17647058823529,-24.705882352941178,51.88235294117647,17.294117647058822,254.47058823529412,,,,,keegankolesar,,0.0,9.882352941176471,-24.705882352941178,51.88235294117647,0.0,0.0,69.17647058823529,17.294117647058822,254.47058823529412,,,,,,False,False,[],2,0.0,0.0,-0.9736178256750143,-0.5981014853990172,-0.8399113362206023,0.33811926928889385,-0.6194488057366755,-0.34202739709864877,-0.7703443948365779,-0.4618277175700792,2.081445894871759,0.0,,,,,-2.185713798375963,,,,,241
Johansson,Albert Johansson,DET,Detroit Red Wings,D,37.0,0.0,9.08108108108108,0.0,0.0,0.0,56.75675675675676,-31.783783783783786,9.08108108108108,0.0,77.1891891891892,,,,,albertjohansson,,0.0,9.08108108108108,-31.783783783783786,9.08108108108108,0.0,0.0,56.75675675675676,0.0,77.1891891891892,,,,,,False,False,['D'],3,0.0,0.0,-0.9736178256750143,-0.6431871713177602,-1.1173289068615213,-0.7967331977442664,-0.6194488057366755,-0.34202739709864877,-0.9671035056445153,-0.544774682906941,-0.28092693223592347,0.0,,,,,-6.285148425221266,,,,,242
Sturm,Nico Sturm,MIN,Minnesota Wild,C,15.0,11.2,16.8,0.0,0.0,0.0,100.8,16.8,0.0,369.6,78.4,,,,,nicosturm,,11.2,16.8,16.8,0.0,0.0,0.0,100.8,369.6,78.4,,,,,,False,False,['C'],2,0.0,0.0,-0.07069109668788168,-0.20886173030053645,0.786907172368031,-1.0375131283472458,-0.6194488057366755,-0.34202739709864877,-0.2693491535535715,1.227920462006563,-0.26479220759127087,0.0,,,,,-0.7978558849412367,,,,,243
Chernyshov,Igor Chernyshov,SJS,San Jose Sharks,L,3.0,0.0,84.0,28.0,0.0,0.0,252.0,84.0,0.0,0.0,0.0,,,,,igorchernyshov,,0.0,84.0,84.0,0.0,28.0,0.0,252.0,0.0,0.0,,,,,,False,False,[],2,0.0,0.0,-0.9736178256750143,3.5723244620847048,3.4208038053210563,-1.0375131283472458,1.9117238247583552,-0.34202739709864877,2.1260343438308027,-0.544774682906941,-1.3095156283325264,0.0,,,,,6.8234377736345415,,,,,244
Leonard,John Leonard,DET,Detroit Red Wings,L,4.0,42.0,21.0,21.0,0.0,0.0,105.0,0.0,0.0,0.0,63.0,,,,,johnleonard,,42.0,21.0,0.0,0.0,21.0,0.0,105.0,0.0,63.0,,,,,,False,False,[],3,0.0,0.0,2.4123574080267334,0.027462406723541066,0.12843301412977468,-1.0375131283472458,1.2789306671345977,-0.34202739709864877,-0.20281072307067213,-0.544774682906941,-0.4700057366654461,0.0,,,,,1.250051827925693,,,,,245
Perreault,Gabe Perreault,NYR,New York Rangers,R,5.0,16.8,33.6,33.6,0.0,0.0,50.4,50.4,33.6,0.0,33.6,,,,,gabeperreault,,16.8,33.6,50.4,33.6,33.6,0.0,50.4,0.0,33.6,,,,,,False,False,[],2,0.0,0.0,0.3807722678056848,0.7364348177957738,2.1038554888445438,-0.146627385116222,2.4179583508573614,-0.34202739709864877,-1.067810319348363,-0.544774682906941,-0.861777019443417,0.0,,,,,2.676004121389772,,,,,246
Chytil,Filip Chytil,VAN,Vancouver Canucks,C,6.0,42.0,0.0,0.0,0.0,1.0,210.0,0.0,84.0,504.0,42.0,,,,,filipchytil,,42.0,0.0,0.0,84.0,0.0,0.0,210.0,504.0,42.0,,,,,,False,False,['C'],2,0.0,0.0,2.4123574080267334,-1.1541582783968467,0.12843301412977468,1.1897012297303138,-0.6194488057366755,-0.34202739709864877,1.46065003900181,1.872536878338746,-0.7498423672211395,0.0,,,,,4.198201720774067,,,,,247
Hanley,Joel Hanley,CGY,Calgary Flames,D,33.0,0.0,12.727272727272728,0.0,0.0,0.0,63.63636363636363,0.0,33.090909090909086,0.0,56.0,,,,,joelhanley,,0.0,12.727272727272728,0.0,33.090909090909086,0.0,0.0,63.63636363636363,0.0,56.0,,,,,,False,False,['D'],2,0.0,0.0,-0.9736178256750143,-0.4380245298390359,0.12843301412977468,-0.16012565395305586,-0.6194488057366755,-0.34202739709864877,-0.8581134475234682,-0.544774682906941,-0.5632846135173439,0.0,,,,,-4.370983942120409,,,,,248
Misa,Michael Misa,SJS,San Jose Sharks,C,7.0,12.0,24.0,0.0,0.0,0.0,156.0,-12.0,24.0,240.0,24.0,,,,,michaelmisa,,12.0,24.0,-12.0,24.0,0.0,0.0,156.0,240.0,24.0,,,,,,False,False,['C'],2,0.0,0.0,-0.0061963303316578565,0.19626536174073933,-0.3419056703261227,-0.4011661688965146,-0.6194488057366755,-0.34202739709864877,0.605155932793105,0.6063260605433861,-0.9897023362688768,0.0,,,,,-1.2926993535812659,,,,,249
Kulich,Jiri Kulich,BUF,Buffalo Sabres,C,12.0,21.0,14.0,0.0,0.0,0.0,140.0,-28.0,28.0,476.0,63.0,,,,,jirikulich,,21.0,14.0,-28.0,28.0,0.0,0.0,140.0,476.0,63.0,,,,,,False,False,['C'],2,0.0,0.0,0.7193697911758594,-0.3664111549832549,-0.9690239162673191,-0.2951083423213927,-0.6194488057366755,-0.34202739709864877,0.3516761976201553,1.7382417916028745,-0.4700057366654461,0.0,,,,,-0.2527375726738478,,,,,250
Smith,Cole Smith,NSH,Nashville Predators,R,16.0,21.0,5.25,0.0,0.0,1.0,105.0,-5.25,63.0,0.0,241.5,,,,,colesmith,,21.0,5.25,-5.25,63.0,0.0,0.0,105.0,0.0,241.5,,,,,,False,False,[],2,0.0,0.0,0.7193697911758594,-0.8587531071167498,-0.07734016031968041,0.6328976402109238,-0.6194488057366755,-0.34202739709864877,-0.20281072307067213,-0.544774682906941,1.908605623057948,0.0,,,,,0.6157181781953636,,,,,251
Moore,Ian Moore,ANA,Anaheim Ducks,D,22.0,7.636363636363637,11.454545454545453,0.0,0.0,1.0,80.18181818181819,11.454545454545453,45.81818181818181,0.0,42.0,,,,,ianmoore,,7.636363636363637,11.454545454545453,11.454545454545453,45.81818181818181,0.0,0.0,80.18181818181819,0.0,42.0,,,,,,False,False,['D'],2,0.0,0.0,-0.3579859650019693,-0.5096379046948171,0.5773926674740403,0.17733106696778647,-0.6194488057366755,-0.34202739709864877,-0.5959923577423496,-0.544774682906941,-0.7498423672211395,0.0,,,,,-2.9649857459607136,,,,,252
Schenn,Luke Schenn,WPG,Winnipeg Jets,D,24.0,0.0,14.0,0.0,0.0,0.0,73.5,-21.0,73.5,0.0,213.5,,,,,lukeschenn,,0.0,14.0,-21.0,73.5,0.0,0.0,73.5,0.0,213.5,,,,,,False,False,['D'],1,0.0,0.0,-0.9736178256750143,-0.3664111549832549,-0.6946596836680456,0.9112994349706187,-0.6194488057366755,-0.34202739709864877,-0.7018489516924168,-0.544774682906941,1.5354901156503569,0.0,,,,,-1.7959989511400216,,,,,253
Lauzon,Jeremy Lauzon,VGK,Vegas Golden Knights,D,20.0,0.0,16.8,0.0,0.0,0.0,71.39999999999999,4.2,155.4,0.0,277.2,,,,,jeremylauzon,,0.0,16.8,4.2,155.4,0.0,0.0,71.39999999999999,0.0,277.2,,,,,,False,False,['D'],2,0.0,0.0,-0.9736178256750143,-0.20886173030053645,0.2930515536893388,3.0828334340962393,-0.6194488057366755,-0.34202739709864877,-0.7351181669338666,-0.544774682906941,2.3843278950026265,0.0,,,,,2.336364274136522,,Jeremy Lauzon,Slaffing From The Throne,Rob,254
Jarnkrok,Calle Jarnkrok,TOR,Toronto Maple Leafs,C,22.0,15.272727272727273,0.0,0.0,0.0,0.0,84.0,-30.545454545454547,15.272727272727273,22.909090909090907,57.272727272727266,,,,,callejarnkrok,,15.272727272727273,0.0,-30.545454545454547,15.272727272727273,0.0,0.0,84.0,22.909090909090907,57.272727272727266,,,,,,False,False,['C'],3,0.0,0.0,0.25764589567107576,-1.1541582783968467,-1.0687927281216005,-0.632565063242235,-0.6194488057366755,-0.34202739709864877,-0.5355028754851686,-0.4348968846685007,-0.5463248177260899,0.0,,,,,-5.07607095480469,,,,,255
Bryson,Jacob Bryson,BUF,Buffalo Sabres,D,22.0,3.8181818181818183,11.454545454545453,0.0,0.0,0.0,26.727272727272727,-11.454545454545453,15.272727272727273,0.0,22.909090909090907,,,,,jacobbryson,,3.8181818181818183,11.454545454545453,-11.454545454545453,15.272727272727273,0.0,0.0,26.727272727272727,0.0,22.909090909090907,,,,,,False,False,['D'],2,0.0,0.0,-0.6658018953384918,-0.5096379046948171,-0.3205266392144909,-0.632565063242235,-0.6194488057366755,-0.34202739709864877,-1.442845109342886,-0.544774682906941,-1.0042393040899518,0.0,,,,,-6.081866801665138,,,,,256
Catton,Berkly Catton,SEA,Seattle Kraken,C,21.0,0.0,20.0,4.0,0.0,0.0,68.0,-4.0,16.0,80.0,8.0,,,,,berklycatton,,0.0,20.0,-4.0,16.0,4.0,0.0,68.0,80.0,8.0,,,,,,False,False,['C'],3,0.0,0.0,-0.9736178256750143,-0.028805244948858354,-0.02834654735552444,-0.6132818220467583,-0.2578527156659568,-0.34202739709864877,-0.7889826106581183,-0.1610744350901653,-1.2029111976446432,0.0,,,,,-4.396899796183687,,,,,257
Hayes,Kevin Hayes,PIT,Pittsburgh Penguins,R,20.0,12.6,8.4,0.0,0.0,1.0,155.4,-12.6,16.8,134.4,96.6,,,,,kevinhayes,,12.6,8.4,-12.6,16.8,0.0,0.0,155.4,134.4,96.6,,,,,,False,False,[],2,0.0,0.0,0.042174744435509934,-0.6815100043486916,-0.36542260454891756,-0.592070256731734,-0.6194488057366755,-0.34202739709864877,0.5956504427241194,0.0998417334252422,-0.022267127776336704,0.0,,,,,-1.8850792756561325,,,,,258
Grebenkin,Nikita Grebenkin,PHI,Philadelphia Flyers,R,23.0,3.652173913043478,10.956521739130434,0.0,0.0,0.0,43.826086956521735,-14.608695652173912,76.69565217391303,7.304347826086956,153.39130434782606,,,,,nikitagrebenkin,,3.652173913043478,10.956521739130434,-14.608695652173912,76.69565217391303,0.0,0.0,43.826086956521735,7.304347826086956,153.39130434782606,,,,,,False,False,[],3,0.0,0.0,-0.679185196657471,-0.5376605296383836,-0.44415321042523076,0.9960304159844386,-0.6194488057366755,-0.34202739709864877,-1.1719574279302922,-0.5097411820193224,0.7345084557264514,0.0,,,,,-2.5736348777951346,,,,,259
Reichel,Lukas Reichel,VAN,Vancouver Canucks,L,19.0,8.842105263157894,13.26315789473684,0.0,0.0,0.0,66.3157894736842,-17.684210526315788,26.52631578947368,203.3684210526316,30.94736842105263,,,,,lukasreichel,,8.842105263157894,13.26315789473684,-17.684210526315788,26.52631578947368,0.0,0.0,66.3157894736842,203.3684210526316,30.94736842105263,,,,,,False,False,[],2,0.0,0.0,-0.2607809343693833,-0.4078715298997598,-0.5646976787526004,-0.3341822784280166,-0.6194488057366755,-0.34202739709864877,-0.8156646880447446,0.4306317365430731,-0.8971248043557151,0.0,,,,,-3.8111663801424713,,,,,260
Reinhardt,Cole Reinhardt,VGK,Vegas Golden Knights,L,26.0,3.230769230769231,9.692307692307693,0.0,0.0,0.0,51.69230769230769,-12.923076923076923,25.846153846153847,9.692307692307693,148.6153846153846,,,,,colereinhardt,,3.230769230769231,9.692307692307693,-12.923076923076923,25.846153846153847,0.0,0.0,51.69230769230769,9.692307692307693,148.6153846153846,,,,,,False,False,[],2,0.0,0.0,-0.7131581923133413,-0.60879488526436,-0.3780855691304225,-0.35221640278491984,-0.6194488057366755,-0.34202739709864877,-1.0473369561228554,-0.4982879221137547,0.6708666802154578,0.0,,,,,-3.8884894503495206,,,,,261
Edstrom,Adam Edstrom,NYR,New York Rangers,C,24.0,7.0,7.0,0.0,0.0,1.0,73.5,17.5,7.0,7.0,168.0,,,,,adamedstrom,,7.0,7.0,17.5,7.0,0.0,0.0,73.5,7.0,168.0,,,,,,False,False,['C'],2,0.0,0.0,-0.4092886200580564,-0.7602847166900508,0.8143435956279584,-0.8519119318407826,-0.6194488057366755,-0.34202739709864877,-0.7018489516924168,-0.5112009112229732,0.9291774161130211,0.0,,,,,-2.4524903225986248,,,,,262
Samberg,Dylan Samberg,WPG,Winnipeg Jets,D,19.0,0.0,22.105263157894736,0.0,0.0,0.0,110.5263157894737,4.421052631578947,8.842105263157894,0.0,79.57894736842105,,,,,dylansamberg,,0.0,22.105263157894736,4.421052631578947,8.842105263157894,0.0,0.0,110.5263157894737,0.0,79.57894736842105,,,,,,False,False,['D'],1,0.0,0.0,-0.9736178256750143,0.08965296909829829,0.3017156873503684,-0.8030695117075027,-0.6194488057366755,-0.34202739709864877,-0.11526015664580441,-0.544774682906941,-0.24908208096358286,0.0,,,,,-3.255911804285503,,,,,263
Wiesblatt,Ozzy Wiesblatt,NSH,Nashville Predators,C,24.0,3.5,10.5,0.0,0.0,0.0,77.0,-21.0,105.0,0.0,210.0,,,,,ozzywiesblatt,,3.5,10.5,-21.0,105.0,0.0,0.0,77.0,0.0,210.0,,,,,,False,False,['C'],2,0.0,0.0,-0.6914532228665353,-0.5633479358366529,-0.6946596836680456,1.7465048192497037,-0.6194488057366755,-0.34202739709864877,-0.646400259623334,-0.544774682906941,1.488850677224408,0.0,,,,,-0.8667564912627213,,,,,264
Kozak,Tyson Kozak,BUF,Buffalo Sabres,C,24.0,7.0,7.0,0.0,0.0,0.0,66.5,-14.0,7.0,420.0,217.0,,,,,tysonkozak,,7.0,7.0,-14.0,7.0,0.0,0.0,66.5,420.0,217.0,,,,,,False,False,['C'],2,0.0,0.0,-0.4092886200580564,-0.7602847166900508,-0.42029545106877225,-0.8519119318407826,-0.6194488057366755,-0.34202739709864877,-0.8127463358305823,1.4696516181311314,1.5821295540763056,0.0,,,,,-1.1642220861161314,,,,,265
Kakko,Kaapo Kakko,SEA,Seattle Kraken,R,17.0,9.882352941176471,14.823529411764707,9.882352941176471,0.0,0.0,128.47058823529412,-9.882352941176471,29.647058823529413,19.764705882352942,29.647058823529413,,,,,kaapokakko,,9.882352941176471,14.823529411764707,-9.882352941176471,29.647058823529413,9.882352941176471,0.0,128.47058823529412,19.764705882352942,29.647058823529413,,,,,,False,False,[],3,0.0,0.0,-0.17691777068636777,-0.3200730889001024,-0.2589047260103761,-0.251437472555166,0.27390624032039423,-0.34202739709864877,0.16902168256905917,-0.4499781510933846,-0.9144521499009591,0.0,,,,,-2.2708628333555514,,,,,266
Matinpalo,Nikolas Matinpalo,OTT,Ottawa Senators,D,25.0,0.0,13.44,0.0,0.0,0.0,53.76,0.0,26.88,0.0,73.92,,,,,nikolasmatinpalo,,0.0,13.44,0.0,26.88,0.0,0.0,53.76,0.0,73.92,,,,,,False,False,['D'],2,0.0,0.0,-0.9736178256750143,-0.3979210399197986,0.12843301412977468,-0.32480453376242685,-0.6194488057366755,-0.34202739709864877,-1.0145795749620434,-0.544774682906941,-0.3244906887764855,0.0,,,,,-4.41323153470826,,,,,267
MacKinnon,Nathan MacKinnon,COL,Colorado Avalanche,C,35.0,72.0,74.39999999999999,36.0,0.0,4.0,386.4,108.00000000000001,28.8,811.1999999999999,67.2,,,,,nathanmackinnon,,72.0,74.39999999999999,108.00000000000001,28.8,36.0,0.0,386.4,811.1999999999999,67.2,,,,,,False,False,['C'],2,0.0,0.0,4.830911146385125,3.0321550060296696,4.361481174232852,-0.2738967770063683,2.6349160048997926,-0.34202739709864877,4.25526411928358,3.3459458299551645,-0.4140384105543074,0.0,,,,,21.430710696126855,,Nathan MacKinnon,Filip Use the Forceberg,Philip,268
Carlo,Brandon Carlo,TOR,Toronto Maple Leafs,D,18.0,0.0,9.333333333333332,0.0,0.0,0.0,107.33333333333333,9.333333333333332,28.0,0.0,56.0,,,,,brandoncarlo,,0.0,9.333333333333332,9.333333333333332,28.0,0.0,0.0,107.33333333333333,0.0,56.0,,,,,,False,False,['D'],3,0.0,0.0,-0.9736178256750143,-0.6289935294544522,0.49425199092880595,-0.2951083423213927,-0.6194488057366755,-0.34202739709864877,-0.16584492835795037,-0.544774682906941,-0.5632846135173439,0.0,,,,,-3.638848134139613,,,,,269
Frederic,Trent Frederic,EDM,Edmonton Oilers,C,36.0,4.666666666666666,2.333333333333333,0.0,0.0,1.0,86.33333333333333,-21.0,63.0,98.0,212.33333333333331,,,,,trentfrederic,,4.666666666666666,2.333333333333333,-21.0,63.0,0.0,0.0,86.33333333333333,98.0,212.33333333333331,,,,,,False,False,['C'],2,0.0,0.0,-0.5973983552637091,-1.022867091161248,-0.6946596836680456,0.6328976402109238,-0.6194488057366755,-0.34202739709864877,-0.4985370807724468,-0.07474187933139076,1.5199436361750402,0.0,,,,,-1.6968390166462006,,,,,270
Merkulov,Georgii Merkulov,BOS,Boston Bruins,C,1.0,0.0,0.0,0.0,0.0,0.0,0.0,-84.0,0.0,0.0,0.0,,,,,georgiimerkulov,,0.0,0.0,-84.0,0.0,0.0,0.0,0.0,0.0,0.0,,,,,,False,False,['C'],2,0.0,0.0,-0.9736178256750143,-1.1541582783968467,-3.163937777061507,-1.0375131283472458,-0.6194488057366755,-0.34202739709864877,-1.8662714851431543,-0.544774682906941,-1.3095156283325264,0.0,,,,,-11.01126500869856,,,,,271
Agozzino,Andrew Agozzino,UTA,Utah Mammoth,L,2.0,0.0,0.0,0.0,0.0,0.0,0.0,0.0,0.0,126.0,168.0,,,,,andrewagozzino,,0.0,0.0,0.0,0.0,0.0,0.0,0.0,126.0,168.0,,,,,,False,False,[],1,0.0,0.0,-0.9736178256750143,-1.1541582783968467,0.12843301412977468,-1.0375131283472458,-0.6194488057366755,-0.34202739709864877,-1.8662714851431543,0.05955320740448074,0.9291774161130211,0.0,,,,,-4.875873282750309,,,,,272
Forbort,Derek Forbort,VAN,Vancouver Canucks,D,2.0,0.0,0.0,0.0,0.0,0.0,42.0,0.0,84.0,0.0,84.0,,,,,derekforbort,,0.0,0.0,0.0,84.0,0.0,0.0,42.0,0.0,84.0,,,,,,False,False,['D'],2,0.0,0.0,-0.9736178256750143,-1.1541582783968467,0.12843301412977468,1.1897012297303138,-0.6194488057366755,-0.34202739709864877,-1.2008871803141614,-0.544774682906941,-0.19016910610975268,0.0,,,,,-3.706949032377952,,,,,273
Imama,Bokondji Imama,PIT,Pittsburgh Penguins,L,2.0,0.0,0.0,0.0,0.0,0.0,84.0,0.0,210.0,0.0,126.0,,,,,bokondjiimama,,0.0,0.0,0.0,210.0,0.0,0.0,84.0,0.0,126.0,,,,,,False,False,[],2,0.0,0.0,-0.9736178256750143,-1.1541582783968467,0.12843301412977468,4.530522766846653,-0.6194488057366755,-0.34202739709864877,-0.5355028754851686,-0.544774682906941,0.3695041550016342,0.0,,,,,0.8589300706787673,,,,,274
Hunt,Dryden Hunt,CGY,Calgary Flames,L,2.0,0.0,0.0,0.0,0.0,0.0,126.0,-84.0,0.0,0.0,168.0,,,,,drydenhunt,,0.0,0.0,-84.0,0.0,0.0,0.0,126.0,0.0,168.0,,,,,,False,False,[],2,0.0,0.0,-0.9736178256750143,-1.1541582783968467,-3.163937777061507,-1.0375131283472458,-0.6194488057366755,-0.34202739709864877,0.12988142934382432,-0.544774682906941,0.9291774161130211,0.0,,,,,-6.776419049766034,,,,,275
Stillman,Riley Stillman,EDM,Edmonton Oilers,D,2.0,0.0,0.0,0.0,0.0,0.0,42.0,-42.0,0.0,0.0,84.0,,,,,rileystillman,,0.0,0.0,-42.0,0.0,0.0,0.0,42.0,0.0,84.0,,,,,,False,False,['D'],2,0.0,0.0,-0.9736178256750143,-1.1541582783968467,-1.517752381465866,-1.0375131283472458,-0.6194488057366755,-0.34202739709864877,-1.2008871803141614,-0.544774682906941,-0.19016910610975268,0.0,,,,,-7.580348786051153,,,,,276
Poulin,Samuel Poulin,EDM,Edmonton Oilers,R,2.0,0.0,0.0,0.0,0.0,0.0,42.0,-84.0,0.0,0.0,84.0,,,,,samuelpoulin,,0.0,0.0,-84.0,0.0,0.0,0.0,42.0,0.0,84.0,,,,,,False,False,[],2,0.0,0.0,-0.9736178256750143,-1.1541582783968467,-3.163937777061507,-1.0375131283472458,-0.6194488057366755,-0.34202739709864877,-1.2008871803141614,-0.544774682906941,-0.19016910610975268,0.0,,,,,-9.226534181646795,,,,,277
Trineyev,Bogdan Trineyev,WSH,Washington Capitals,R,2.0,0.0,0.0,0.0,0.0,0.0,42.0,0.0,0.0,0.0,42.0,,,,,bogdantrineyev,,0.0,0.0,0.0,0.0,0.0,0.0,42.0,0.0,42.0,,,,,,False,False,[],2,0.0,0.0,-0.9736178256750143,-1.1541582783968467,0.12843301412977468,-1.0375131283472458,-0.6194488057366755,-0.34202739709864877,-1.2008871803141614,-0.544774682906941,-0.7498423672211395,0.0,,,,,-6.493836651566899,,,,,278
Kerins,Rory Kerins,CGY,Calgary Flames,C,2.0,0.0,0.0,0.0,0.0,0.0,42.0,-42.0,0.0,0.0,42.0,,,,,rorykerins,,0.0,0.0,-42.0,0.0,0.0,0.0,42.0,0.0,42.0,,,,,,False,False,['C'],2,0.0,0.0,-0.9736178256750143,-1.1541582783968467,-1.517752381465866,-1.0375131283472458,-0.6194488057366755,-0.34202739709864877,-1.2008871803141614,-0.544774682906941,-0.7498423672211395,0.0,,,,,-8.140022047162539,,,,,279
Aman,Nils Aman,VAN,Vancouver Canucks,C,2.0,0.0,0.0,0.0,0.0,0.0,42.0,0.0,0.0,42.0,84.0,,,,,nilsaman,,0.0,0.0,0.0,0.0,0.0,0.0,42.0,42.0,84.0,,,,,,False,False,['C'],2,0.0,0.0,-0.9736178256750143,-1.1541582783968467,0.12843301412977468,-1.0375131283472458,-0.6194488057366755,-0.34202739709864877,-1.2008871803141614,-0.3433320528031337,-0.19016910610975268,0.0,,,,,-5.732720760351706,,,,,280
Del Mastro,Ethan Del Mastro,CHI,Chicago Blackhawks,D,2.0,0.0,0.0,0.0,0.0,0.0,126.0,-42.0,0.0,0.0,252.0,,,,,ethandelmastro,,0.0,0.0,-42.0,0.0,0.0,0.0,126.0,0.0,252.0,,,,,,False,False,['D'],3,0.0,0.0,-0.9736178256750143,-1.1541582783968467,-1.517752381465866,-1.0375131283472458,-0.6194488057366755,-0.34202739709864877,0.12988142934382432,-0.544774682906941,2.0485239383357947,0.0,,,,,-4.010887131947619,,,,,281
Casey,Seamus Casey,NJD,New Jersey Devils,D,2.0,0.0,0.0,0.0,0.0,0.0,168.0,-126.0,0.0,0.0,0.0,,,,,seamuscasey,,0.0,0.0,-126.0,0.0,0.0,0.0,168.0,0.0,0.0,,,,,,False,False,['D'],2,0.0,0.0,-0.9736178256750143,-1.1541582783968467,-4.810123172657148,-1.0375131283472458,-0.6194488057366755,-0.34202739709864877,0.7952657341728172,-0.544774682906941,-1.3095156283325264,0.0,,,,,-9.99591318497823,,,,,282
Haight,Hunter Haight,MIN,Minnesota Wild,C,2.0,0.0,0.0,0.0,0.0,0.0,0.0,-84.0,0.0,294.0,84.0,,,,,hunterhaight,,0.0,0.0,-84.0,0.0,0.0,0.0,0.0,294.0,84.0,,,,,,False,False,['C'],2,0.0,0.0,-0.9736178256750143,-1.1541582783968467,-3.163937777061507,-1.0375131283472458,-0.6194488057366755,-0.34202739709864877,-1.8662714851431543,0.8653237278197098,-0.19016910610975268,0.0,,,,,-8.481820075749136,,,,,283
Kemell,Joakim Kemell,NSH,Nashville Predators,R,2.0,0.0,0.0,0.0,0.0,0.0,42.0,0.0,0.0,0.0,168.0,,,,,joakimkemell,,0.0,0.0,0.0,0.0,0.0,0.0,42.0,0.0,168.0,,,,,,False,False,[],2,0.0,0.0,-0.9736178256750143,-1.1541582783968467,0.12843301412977468,-1.0375131283472458,-0.6194488057366755,-0.34202739709864877,-1.2008871803141614,-0.544774682906941,0.9291774161130211,0.0,,,,,-4.814816868232738,,,,,284
Miroshnichenko,Ivan Miroshnichenko,WSH,Washington Capitals,L,2.0,0.0,0.0,0.0,0.0,0.0,126.0,0.0,0.0,0.0,168.0,,,,,ivanmiroshnichenko,,0.0,0.0,0.0,0.0,0.0,0.0,126.0,0.0,168.0,,,,,,False,False,[],2,0.0,0.0,-0.9736178256750143,-1.1541582783968467,0.12843301412977468,-1.0375131283472458,-0.6194488057366755,-0.34202739709864877,0.12988142934382432,-0.544774682906941,0.9291774161130211,0.0,,,,,-3.4840482585747528,,,,,285
Polin,Jason Polin,COL,Colorado Avalanche,R,2.0,0.0,0.0,0.0,0.0,0.0,0.0,42.0,0.0,0.0,294.0,,,,,jasonpolin,,0.0,0.0,42.0,0.0,0.0,0.0,0.0,0.0,294.0,,,,,,False,False,[],2,0.0,0.0,-0.9736178256750143,-1.1541582783968467,1.7746184097254156,-1.0375131283472458,-0.6194488057366755,-0.34202739709864877,-1.8662714851431543,-0.544774682906941,2.6081971994471815,0.0,,,,,-2.1549959941319297,,,,,286
Quillan,Jacob Quillan,TOR,Toronto Maple Leafs,C,2.0,0.0,0.0,0.0,0.0,0.0,42.0,42.0,0.0,126.0,252.0,,,,,jacobquillan,,0.0,0.0,42.0,0.0,0.0,0.0,42.0,126.0,252.0,,,,,,False,False,['C'],3,0.0,0.0,-0.9736178256750143,-1.1541582783968467,1.7746184097254156,-1.0375131283472458,-0.6194488057366755,-0.34202739709864877,-1.2008871803141614,0.05955320740448074,2.0485239383357947,0.0,,,,,-1.4449570601029018,,,,,287
Hayden,John Hayden,SEA,Seattle Kraken,C,3.0,0.0,0.0,0.0,0.0,0.0,56.0,-28.0,56.0,168.0,196.0,,,,,johnhayden,,0.0,0.0,-28.0,56.0,0.0,0.0,56.0,168.0,196.0,,,,,,False,False,['C'],3,0.0,0.0,-0.9736178256750143,-1.1541582783968467,-0.9690239162673191,0.4472964437044605,-0.6194488057366755,-0.34202739709864877,-0.9790924120378305,0.260995837508288,1.3022929235206122,0.0,,,,,-3.0267834304789742,,,,,288
Ristolainen,Rasmus Ristolainen,PHI,Philadelphia Flyers,D,3.0,0.0,0.0,0.0,0.0,0.0,168.0,0.0,112.0,0.0,224.0,,,,,rasmusristolainen,,0.0,0.0,0.0,112.0,0.0,0.0,168.0,0.0,224.0,,,,,,False,False,['D'],3,0.0,0.0,-0.9736178256750143,-1.1541582783968467,0.12843301412977468,1.932106015756167,-0.6194488057366755,-0.34202739709864877,0.7952657341728172,-0.544774682906941,1.6754084309282036,0.0,,,,,0.8971862051728359,,,,,289
Katchouk,Boris Katchouk,TBL,Tampa Bay Lightning,L,3.0,0.0,0.0,0.0,0.0,0.0,0.0,0.0,0.0,196.0,140.0,,,,,boriskatchouk,,0.0,0.0,0.0,0.0,0.0,0.0,0.0,196.0,140.0,,,,,,False,False,[],3,0.0,0.0,-0.9736178256750143,-1.1541582783968467,0.12843301412977468,-1.0375131283472458,-0.6194488057366755,-0.34202739709864877,-1.8662714851431543,0.39529092424415946,0.5560619087054298,0.0,,,,,-4.913251073318222,,,,,290
MacEwen,Zack MacEwen,NJD,New Jersey Devils,R,3.0,0.0,0.0,0.0,0.0,0.0,112.0,0.0,0.0,0.0,168.0,,,,,zackmacewen,,0.0,0.0,0.0,0.0,0.0,0.0,112.0,0.0,168.0,,,,,,False,False,[],2,0.0,0.0,-0.9736178256750143,-1.1541582783968467,0.12843301412977468,-1.0375131283472458,-0.6194488057366755,-0.34202739709864877,-0.09191333893250665,-0.544774682906941,0.9291774161130211,0.0,,,,,-3.7058430268510834,,,,,291
St. Ivany,Jack St. Ivany,PIT,Pittsburgh Penguins,D,3.0,0.0,0.0,0.0,0.0,0.0,84.0,-56.0,0.0,0.0,336.0,,,,,jackstivany,,0.0,0.0,-56.0,0.0,0.0,0.0,84.0,0.0,336.0,,,,,,False,False,['D'],2,0.0,0.0,-0.9736178256750143,-1.1541582783968467,-2.066480846664413,-1.0375131283472458,-0.6194488057366755,-0.34202739709864877,-0.5355028754851686,-0.544774682906941,3.1678704605585684,0.0,,,,,-4.105653379752386,,,,,292
Kulikov,Dmitry Kulikov,FLA,Florida Panthers,D,2.0,0.0,0.0,0.0,0.0,0.0,42.0,-42.0,0.0,0.0,42.0,,,,,dmitrykulikov,,0.0,0.0,-42.0,0.0,0.0,0.0,42.0,0.0,42.0,,,,,,False,False,['D'],2,0.0,0.0,-0.9736178256750143,-1.1541582783968467,-1.517752381465866,-1.0375131283472458,-0.6194488057366755,-0.34202739709864877,-1.2008871803141614,-0.544774682906941,-0.7498423672211395,0.0,,,,,-8.140022047162539,,,,,293
Lachance,Shane Lachance,NJD,New Jersey Devils,L,1.0,0.0,0.0,0.0,0.0,0.0,0.0,0.0,0.0,84.0,84.0,,,,,shanelachance,,0.0,0.0,0.0,0.0,0.0,0.0,0.0,84.0,84.0,,,,,,False,False,[],2,0.0,0.0,-0.9736178256750143,-1.1541582783968467,0.12843301412977468,-1.0375131283472458,-0.6194488057366755,-0.34202739709864877,-1.8662714851431543,-0.1418894226993265,-0.19016910610975268,0.0,,,,,-6.196662435076891,,,,,294
Gaucher,Jacob Gaucher,PHI,Philadelphia Flyers,C,3.0,0.0,0.0,0.0,0.0,0.0,84.0,-28.0,0.0,252.0,56.0,,,,,jacobgaucher,,0.0,0.0,-28.0,0.0,0.0,0.0,84.0,252.0,56.0,,,,,,False,False,['C'],3,0.0,0.0,-0.9736178256750143,-1.1541582783968467,-0.9690239162673191,-1.0375131283472458,-0.6194488057366755,-0.34202739709864877,-0.5355028754851686,0.6638810977159025,-0.5632846135173439,0.0,,,,,-5.530695742808361,,,,,295
Lambos,Carson Lambos,MIN,Minnesota Wild,D,1.0,0.0,0.0,0.0,0.0,0.0,84.0,84.0,0.0,0.0,0.0,,,,,carsonlambos,,0.0,0.0,84.0,0.0,0.0,0.0,84.0,0.0,0.0,,,,,,False,False,['D'],2,0.0,0.0,-0.9736178256750143,-1.1541582783968467,3.4208038053210563,-1.0375131283472458,-0.6194488057366755,-0.34202739709864877,-0.5355028754851686,-0.544774682906941,-1.3095156283325264,0.0,,,,,-3.095754816658011,,,,,296
Graves,Ryan Graves,PIT,Pittsburgh Penguins,D,17.0,4.9411764705882355,0.0,0.0,0.0,0.0,93.88235294117648,-19.764705882352942,39.529411764705884,0.0,64.23529411764706,,,,,ryangraves,,4.9411764705882355,0.0,-19.764705882352942,39.529411764705884,0.0,0.0,93.88235294117648,0.0,64.23529411764706,,,,,,False,False,['D'],2,0.0,0.0,-0.5752677981806911,-1.1541582783968467,-0.6462424661505268,0.010587746042193966,-0.6194488057366755,-0.34202739709864877,-0.37894186258422896,-0.544774682906941,-0.45354475839746416,0.0,,,,,-4.703818303409829,,,,,297
Hamonic,Travis Hamonic,DET,Detroit Red Wings,D,19.0,0.0,4.421052631578947,0.0,0.0,0.0,70.73684210526315,-48.631578947368425,79.57894736842105,0.0,84.0,,,,,travishamonic,,0.0,4.421052631578947,-48.631578947368425,79.57894736842105,0.0,0.0,70.73684210526315,0.0,84.0,,,,,,False,False,['D'],3,0.0,0.0,-0.9736178256750143,-0.9053960288978179,-1.7776763912967568,1.0724794214104423,-0.6194488057366755,-0.34202739709864877,-0.7456242349048506,-0.544774682906941,-0.19016910610975268,0.0,,,,,-5.026255051216015,,,,,298
Määttä,Olli Maatta,UTA,Utah Mammoth,D,19.0,0.0,4.421052631578947,0.0,0.0,0.0,39.78947368421053,-17.684210526315788,8.842105263157894,0.0,4.421052631578947,,,,,ollimaatta,,0.0,4.421052631578947,-17.684210526315788,8.842105263157894,0.0,0.0,39.78947368421053,0.0,4.421052631578947,,,,,,False,False,['D'],1,0.0,0.0,-0.9736178256750143,-0.9053960288978179,-0.5646976787526004,-0.8030695117075027,-0.6194488057366755,-0.34202739709864877,-1.2359074068841083,-0.544774682906941,-1.2506026534786963,0.0,,,,,-7.239541991138005,,,,,299
Christiansen,Jake Christiansen,CBJ,Columbus Blue Jackets,D,19.0,0.0,4.421052631578947,0.0,0.0,0.0,70.73684210526315,-39.78947368421053,17.684210526315788,0.0,66.3157894736842,,,,,jakechristiansen,,0.0,4.421052631578947,-39.78947368421053,17.684210526315788,0.0,0.0,70.73684210526315,0.0,66.3157894736842,,,,,,False,False,['D'],2,0.0,0.0,-0.9736178256750143,-0.9053960288978179,-1.4311110448555693,-0.5686258950677597,-0.6194488057366755,-0.34202739709864877,-0.7456242349048506,-0.544774682906941,-0.4258210055250735,0.0,,,,,-6.556446920668351,,,,,300
Aspirot,Jonathan Aspirot,BOS,Boston Bruins,D,19.0,4.421052631578947,0.0,0.0,0.0,0.0,53.05263157894736,35.368421052631575,35.368421052631575,0.0,141.4736842105263,,,,,jonathanaspirot,,4.421052631578947,0.0,35.368421052631575,35.368421052631575,0.0,0.0,53.05263157894736,0.0,141.4736842105263,,,,,,False,False,['D'],2,0.0,0.0,-0.6171993800221988,-1.1541582783968467,1.5146943998945248,-0.09973866178827352,-0.6194488057366755,-0.34202739709864877,-1.0257860474644267,-0.544774682906941,0.5756995669900397,0.0,,,,,-2.312739286529447,,,,,301
Bernard-Docker,Jacob Bernard-Docker,DET,Detroit Red Wings,D,21.0,0.0,4.0,0.0,0.0,0.0,84.0,-4.0,16.0,0.0,104.0,,,,,jacobbernarddocker,,0.0,4.0,-4.0,16.0,0.0,0.0,84.0,0.0,104.0,,,,,,False,False,['D'],3,0.0,0.0,-0.9736178256750143,-0.929087671707249,-0.02834654735552444,-0.6132818220467583,-0.6194488057366755,-0.34202739709864877,-0.5355028754851686,-0.544774682906941,0.07634197060995535,0.0,,,,,-4.509745657402025,,,,,302
Tsyplakov,Maxim Tsyplakov,NYI,New York Islanders,R,21.0,4.0,0.0,0.0,0.0,0.0,64.0,-24.0,0.0,24.0,152.0,,,,,maximtsyplakov,,4.0,0.0,-24.0,0.0,0.0,0.0,64.0,24.0,152.0,,,,,,False,False,[],3,0.0,0.0,-0.6511439938938954,-1.1541582783968467,-0.81224435478202,-1.0375131283472458,-0.6194488057366755,-0.34202739709864877,-0.8523525444513557,-0.4296646085619083,0.7159685547372546,0.0,,,,,-5.182584556531341,,,,,303
Pitlick,Tyler Pitlick,MIN,Minnesota Wild,C,23.0,3.652173913043478,0.0,0.0,0.0,0.0,69.3913043478261,-3.652173913043478,87.65217391304347,0.0,211.82608695652175,,,,,tylerpitlick,,3.652173913043478,0.0,-3.652173913043478,87.65217391304347,0.0,0.0,69.3913043478261,0.0,211.82608695652175,,,,,,False,False,['C'],2,0.0,0.0,-0.679185196657471,-1.1541582783968467,-0.01471354200897668,1.286536636603251,-0.6194488057366755,-0.34202739709864877,-0.7669408945561225,-0.544774682906941,1.5131842972727292,0.0,,,,,-1.3215278634857024,,,,,304
Simashev,Dmitri Simashev,UTA,Utah Mammoth,D,24.0,0.0,3.5,0.0,0.0,0.0,80.5,-31.5,63.0,0.0,28.0,,,,,dmitrisimashev,,0.0,3.5,-31.5,63.0,0.0,0.0,80.5,0.0,28.0,,,,,,False,False,['D'],1,0.0,0.0,-0.9736178256750143,-0.9572214975434488,-1.1062060325669558,0.6328976402109238,-0.6194488057366755,-0.34202739709864877,-0.5909515675542513,-0.544774682906941,-0.9364001209249352,0.0,,,,,-5.437750289795947,,,,,305
Tanev,Brandon Tanev,UTA,Utah Mammoth,L,29.0,0.0,2.896551724137931,0.0,0.0,0.0,52.13793103448276,-26.06896551724138,28.965517241379313,8.689655172413794,220.13793103448276,,,,,brandontanev,,0.0,2.896551724137931,-26.06896551724138,28.965517241379313,0.0,0.0,52.13793103448276,8.689655172413794,220.13793103448276,,,,,,False,False,[],1,0.0,0.0,-0.9736178256750143,-0.9911761149319656,-0.8933372314123472,-0.2695081772860184,-0.6194488057366755,-0.34202739709864877,-1.0402771757002665,-0.5030968973682223,1.623944223009915,0.0,,,,,-4.0085454021992435,,,,,306
LaBate,Joseph LaBate,VAN,Vancouver Canucks,C,1.0,0.0,0.0,0.0,0.0,0.0,168.0,-84.0,0.0,84.0,504.0,,,,,josephlabate,,0.0,0.0,-84.0,0.0,0.0,0.0,168.0,84.0,504.0,,,,,,False,False,['C'],2,0.0,0.0,-0.9736178256750143,-1.1541582783968467,-3.163937777061507,-1.0375131283472458,-0.6194488057366755,-0.34202739709864877,0.7952657341728172,-0.1418894226993265,5.406563505004116,0.0,,,,,-1.2307633958383315,,,,,307
Gustafsson,Erik Gustafsson,DET,Detroit Red Wings,D,1.0,0.0,0.0,0.0,0.0,0.0,168.0,-84.0,0.0,0.0,84.0,,,,,erikgustafsson,,0.0,0.0,-84.0,0.0,0.0,0.0,168.0,0.0,84.0,,,,,,False,False,['D'],3,0.0,0.0,-0.9736178256750143,-1.1541582783968467,-3.163937777061507,-1.0375131283472458,-0.6194488057366755,-0.34202739709864877,0.7952657341728172,-0.544774682906941,-0.19016910610975268,0.0,,,,,-7.2303812671598156,,,,,308
Mayo,Dysin Mayo,CBJ,Columbus Blue Jackets,D,1.0,0.0,0.0,0.0,0.0,0.0,252.0,-84.0,0.0,0.0,0.0,,,,,dysinmayo,,0.0,0.0,-84.0,0.0,0.0,0.0,252.0,0.0,0.0,,,,,,False,False,['D'],2,0.0,0.0,-0.9736178256750143,-1.1541582783968467,-3.163937777061507,-1.0375131283472458,-0.6194488057366755,-0.34202739709864877,2.1260343438308027,-0.544774682906941,-1.3095156283325264,0.0,,,,,-7.018959179724604,,,,,309
Gilbert,Dennis Gilbert,OTT,Ottawa Senators,D,1.0,0.0,0.0,0.0,0.0,0.0,0.0,-84.0,0.0,0.0,0.0,,,,,dennisgilbert,,0.0,0.0,-84.0,0.0,0.0,0.0,0.0,0.0,0.0,,,,,,False,False,['D'],2,0.0,0.0,-0.9736178256750143,-1.1541582783968467,-3.163937777061507,-1.0375131283472458,-0.6194488057366755,-0.34202739709864877,-1.8662714851431543,-0.544774682906941,-1.3095156283325264,0.0,,,,,-11.01126500869856,,,,,310
Fensore,Domenick Fensore,CAR,Carolina Hurricanes,D,1.0,0.0,0.0,0.0,0.0,0.0,168.0,-168.0,0.0,0.0,84.0,,,,,domenickfensore,,0.0,0.0,-168.0,0.0,0.0,0.0,168.0,0.0,84.0,,,,,,False,False,['D'],2,0.0,0.0,-0.9736178256750143,-1.1541582783968467,-6.456308568252789,-1.0375131283472458,-0.6194488057366755,-0.34202739709864877,0.7952657341728172,-0.544774682906941,-0.19016910610975268,0.0,,,,,-10.522752058351097,,,,,311
Pelletier,Jakob Pelletier,TBL,Tampa Bay Lightning,L,1.0,0.0,0.0,0.0,0.0,0.0,0.0,0.0,0.0,84.0,84.0,,,,,jakobpelletier,,0.0,0.0,0.0,0.0,0.0,0.0,0.0,84.0,84.0,,,,,,False,False,[],3,0.0,0.0,-0.9736178256750143,-1.1541582783968467,0.12843301412977468,-1.0375131283472458,-0.6194488057366755,-0.34202739709864877,-1.8662714851431543,-0.1418894226993265,-0.19016910610975268,0.0,,,,,-6.196662435076891,,,,,312
Légaré,Nathan Legare,NJD,New Jersey Devils,R,1.0,0.0,0.0,0.0,0.0,0.0,0.0,0.0,0.0,0.0,168.0,,,,,nathanlegare,,0.0,0.0,0.0,0.0,0.0,0.0,0.0,0.0,168.0,,,,,,False,False,[],2,0.0,0.0,-0.9736178256750143,-1.1541582783968467,0.12843301412977468,-1.0375131283472458,-0.6194488057366755,-0.34202739709864877,-1.8662714851431543,-0.544774682906941,0.9291774161130211,0.0,,,,,-5.480201173061731,,,,,313
Skinner,Hunter Skinner,STL,St. Louis Blues,D,1.0,0.0,0.0,0.0,0.0,0.0,0.0,84.0,0.0,0.0,336.0,,,,,hunterskinner,,0.0,0.0,84.0,0.0,0.0,0.0,0.0,0.0,336.0,,,,,,False,False,['D'],2,0.0,0.0,-0.9736178256750143,-1.1541582783968467,3.4208038053210563,-1.0375131283472458,-0.6194488057366755,-0.34202739709864877,-1.8662714851431543,-0.544774682906941,3.1678704605585684,0.0,,,,,0.05086266257509786,,,,,314
Kuntar,Trevor Kuntar,BUF,Buffalo Sabres,C,1.0,0.0,0.0,0.0,0.0,0.0,0.0,-84.0,0.0,0.0,84.0,,,,,trevorkuntar,,0.0,0.0,-84.0,0.0,0.0,0.0,0.0,0.0,84.0,,,,,,False,False,['C'],2,0.0,0.0,-0.9736178256750143,-1.1541582783968467,-3.163937777061507,-1.0375131283472458,-0.6194488057366755,-0.34202739709864877,-1.8662714851431543,-0.544774682906941,-0.19016910610975268,0.0,,,,,-9.891918486475786,,,,,315
Miromanov,Daniil Miromanov,CGY,Calgary Flames,D,1.0,0.0,0.0,0.0,0.0,0.0,0.0,0.0,0.0,0.0,0.0,,,,,daniilmiromanov,,0.0,0.0,0.0,0.0,0.0,0.0,0.0,0.0,0.0,,,,,,False,False,['D'],2,0.0,0.0,-0.9736178256750143,-1.1541582783968467,0.12843301412977468,-1.0375131283472458,-0.6194488057366755,-0.34202739709864877,-1.8662714851431543,-0.544774682906941,-1.3095156283325264,0.0,,,,,-7.7188942175072786,,,,,316
Broz,Tristan Broz,PIT,Pittsburgh Penguins,C,1.0,0.0,0.0,0.0,0.0,0.0,168.0,-84.0,0.0,252.0,0.0,,,,,tristanbroz,,0.0,0.0,-84.0,0.0,0.0,0.0,168.0,252.0,0.0,,,,,,False,False,['C'],2,0.0,0.0,-0.9736178256750143,-1.1541582783968467,-3.163937777061507,-1.0375131283472458,-0.6194488057366755,-0.34202739709864877,0.7952657341728172,0.6638810977159025,-1.3095156283325264,0.0,,,,,-7.141072008759745,,,,,317
Johnson,Ryan Johnson,BUF,Buffalo Sabres,D,3.0,0.0,0.0,0.0,0.0,0.0,0.0,0.0,56.0,0.0,56.0,,,,,ryanjohnson,,0.0,0.0,0.0,56.0,0.0,0.0,0.0,0.0,56.0,,,,,,False,False,['D'],2,0.0,0.0,-0.9736178256750143,-1.1541582783968467,0.12843301412977468,0.4472964437044605,-0.6194488057366755,-0.34202739709864877,-1.8662714851431543,-0.544774682906941,-0.5632846135173439,0.0,,,,,-5.48785363064039,,,,,318
Roy,Joshua Roy,MTL,Montréal Canadiens,R,3.0,0.0,0.0,0.0,0.0,0.0,56.0,0.0,56.0,0.0,168.0,,,,,joshuaroy,,0.0,0.0,0.0,56.0,0.0,0.0,56.0,0.0,168.0,,,,,,False,False,[],2,0.0,0.0,-0.9736178256750143,-1.1541582783968467,0.12843301412977468,0.4472964437044605,-0.6194488057366755,-0.34202739709864877,-0.9790924120378305,-0.544774682906941,0.9291774161130211,0.0,,,,,-3.108212527904701,,,,,319
Barkey,Denver Barkey,PHI,Philadelphia Flyers,C,1.0,0.0,168.0,84.0,0.0,0.0,168.0,0.0,0.0,0.0,84.0,,,,,denverbarkey,,0.0,168.0,0.0,0.0,84.0,0.0,168.0,0.0,84.0,,,,,,False,False,['C'],3,0.0,0.0,-0.9736178256750143,8.298807202566257,0.12843301412977468,-1.0375131283472458,6.974069085748416,-0.34202739709864877,0.7952657341728172,-0.544774682906941,-0.19016910610975268,0.0,,,,,13.108472896479661,,,,,320
Brzustewicz,Hunter Brzustewicz,CGY,Calgary Flames,D,5.0,0.0,0.0,0.0,0.0,0.0,117.6,16.8,0.0,0.0,50.4,,,,,hunterbrzustewicz,,0.0,0.0,16.8,0.0,0.0,0.0,117.6,0.0,50.4,,,,,,False,False,['D'],2,0.0,0.0,-0.9736178256750143,-1.1541582783968467,0.786907172368031,-1.0375131283472458,-0.6194488057366755,-0.34202739709864877,-0.003195431621974355,-0.544774682906941,-0.6379077149988622,0.0,,,,,-4.525736092414178,,,,,321
Chmelar,Jaroslav Chmelar,NYR,New York Rangers,R,6.0,0.0,0.0,0.0,0.0,0.0,42.0,-28.0,98.0,0.0,182.0,,,,,jaroslavchmelar,,0.0,0.0,-28.0,98.0,0.0,0.0,42.0,0.0,182.0,,,,,,False,False,[],2,0.0,0.0,-0.9736178256750143,-1.1541582783968467,-0.9690239162673191,1.5609036227432402,-0.6194488057366755,-0.34202739709864877,-1.2008871803141614,-0.544774682906941,1.1157351698168168,0.0,,,,,-3.1272992938355504,,,,,322
Devine,Jack Devine,FLA,Florida Panthers,R,6.0,0.0,0.0,0.0,0.0,0.0,84.0,-42.0,28.0,0.0,56.0,,,,,jackdevine,,0.0,0.0,-42.0,28.0,0.0,0.0,84.0,0.0,56.0,,,,,,False,False,[],2,0.0,0.0,-0.9736178256750143,-1.1541582783968467,-1.517752381465866,-0.2951083423213927,-0.6194488057366755,-0.34202739709864877,-0.5355028754851686,-0.544774682906941,-0.5632846135173439,0.0,,,,,-6.545675202603898,,,,,323
Metsa,Zach Metsa,BUF,Buffalo Sabres,D,6.0,0.0,0.0,0.0,0.0,0.0,42.0,42.0,28.0,0.0,28.0,,,,,zachmetsa,,0.0,0.0,42.0,28.0,0.0,0.0,42.0,0.0,28.0,,,,,,False,False,['D'],2,0.0,0.0,-0.9736178256750143,-1.1541582783968467,1.7746184097254156,-0.2951083423213927,-0.6194488057366755,-0.34202739709864877,-1.2008871803141614,-0.544774682906941,-0.9364001209249352,0.0,,,,,-4.2918042236492,,,,,324
Chaffee,Mitchell Chaffee,TBL,Tampa Bay Lightning,R,7.0,0.0,0.0,0.0,0.0,0.0,96.0,0.0,48.0,12.0,228.0,,,,,mitchellchaffee,,0.0,0.0,0.0,48.0,0.0,0.0,96.0,12.0,228.0,,,,,,False,False,[],3,0.0,0.0,-0.9736178256750143,-1.1541582783968467,0.12843301412977468,0.23518079055421673,-0.6194488057366755,-0.34202739709864877,-0.34539307410545633,-0.48721964573442467,1.728710646272145,0.0,,,,,-1.8295405757909298,,,,,325
Helenius,Samuel Helenius,LAK,Los Angeles Kings,C,7.0,0.0,0.0,0.0,0.0,0.0,24.0,-24.0,60.0,156.0,252.0,,,,,samuelhelenius,,0.0,0.0,-24.0,60.0,0.0,0.0,24.0,156.0,252.0,,,,,,False,False,['C'],3,0.0,0.0,-0.9736178256750143,-1.1541582783968467,-0.81224435478202,0.5533542702795824,-0.6194488057366755,-0.34202739709864877,-1.4860518823837299,0.2034408003357716,2.0485239383357947,0.0,,,,,-2.5822295351217863,,,,,326
Moverare,Jacob Moverare,LAK,Los Angeles Kings,D,8.0,0.0,0.0,0.0,0.0,0.0,42.0,-21.0,0.0,0.0,31.5,,,,,jacobmoverare,,0.0,0.0,-21.0,0.0,0.0,0.0,42.0,0.0,31.5,,,,,,False,False,['D'],3,0.0,0.0,-0.9736178256750143,-1.1541582783968467,-0.6946596836680456,-1.0375131283472458,-0.6194488057366755,-0.34202739709864877,-1.2008871803141614,-0.544774682906941,-0.8897606824989863,0.0,,,,,-7.456847664642566,,,,,327
Holtz,Alexander Holtz,VGK,Vegas Golden Knights,R,8.0,0.0,0.0,0.0,0.0,0.0,126.0,-21.0,63.0,0.0,21.0,,,,,alexanderholtz,,0.0,0.0,-21.0,63.0,0.0,0.0,126.0,0.0,21.0,,,,,,False,False,[],2,0.0,0.0,-0.9736178256750143,-1.1541582783968467,-0.6946596836680456,0.6328976402109238,-0.6194488057366755,-0.34202739709864877,0.12988142934382432,-0.544774682906941,-1.029678997776833,0.0,,,,,-4.595586601704257,,,,,328
Chibrikov,Nikita Chibrikov,WPG,Winnipeg Jets,R,8.0,0.0,0.0,0.0,0.0,0.0,52.5,0.0,126.0,0.0,105.0,,,,,nikitachibrikov,,0.0,0.0,0.0,126.0,0.0,0.0,52.5,0.0,105.0,,,,,,False,False,[],1,0.0,0.0,-0.9736178256750143,-1.1541582783968467,0.12843301412977468,2.3033084087690936,-0.6194488057366755,-0.34202739709864877,-1.0345411041069132,-0.544774682906941,0.08966752444594074,0.0,,,,,-2.147159146576231,,,,,329
Hodgson,Hayden Hodgson,OTT,Ottawa Senators,R,9.0,0.0,0.0,0.0,0.0,0.0,28.0,-9.333333333333332,102.66666666666667,0.0,214.66666666666666,,,,,haydenhodgson,,0.0,0.0,-9.333333333333332,102.66666666666667,0.0,0.0,28.0,0.0,214.66666666666666,,,,,,False,False,[],2,0.0,0.0,-0.9736178256750143,-1.1541582783968467,-0.23738596266925657,1.6846377537475492,-0.6194488057366755,-0.34202739709864877,-1.4226819485904925,-0.544774682906941,1.551036595125673,0.0,,,,,-2.058420552200653,,,,,330
Studnicka,Jack Studnicka,FLA,Florida Panthers,C,9.0,0.0,0.0,0.0,0.0,0.0,102.66666666666667,-37.33333333333333,18.666666666666664,196.0,121.33333333333333,,,,,jackstudnicka,,0.0,0.0,-37.33333333333333,18.666666666666664,0.0,0.0,102.66666666666667,196.0,121.33333333333333,,,,,,False,False,['C'],2,0.0,0.0,-0.9736178256750143,-1.1541582783968467,-1.3348428930663503,-0.5425766043300104,-0.6194488057366755,-0.34202739709864877,-0.23977651778339387,0.39529092424415946,0.30731823710036893,0.0,,,,,-4.5038391607424115,,,,,331
Solovyov,Ilya Solovyov,COL,Colorado Avalanche,D,9.0,0.0,0.0,0.0,0.0,0.0,84.0,-37.33333333333333,37.33333333333333,0.0,102.66666666666667,,,,,ilyasolovyov,,0.0,0.0,-37.33333333333333,37.33333333333333,0.0,0.0,84.0,0.0,102.66666666666667,,,,,,False,False,['D'],2,0.0,0.0,-0.9736178256750143,-1.1541582783968467,-1.3348428930663503,-0.047640080312775085,-0.6194488057366755,-0.34202739709864877,-0.5355028754851686,-0.544774682906941,0.058574565495308206,0.0,,,,,-5.493438273183112,,,,,332
Engstrom,Adam Engstrom,MTL,Montréal Canadiens,D,9.0,0.0,0.0,0.0,0.0,0.0,56.0,9.333333333333332,37.33333333333333,0.0,37.33333333333333,,,,,adamengstrom,,0.0,0.0,9.333333333333332,37.33333333333333,0.0,0.0,56.0,0.0,37.33333333333333,,,,,,False,False,['D'],2,0.0,0.0,-0.9736178256750143,-1.1541582783968467,0.49425199092880595,-0.047640080312775085,-0.6194488057366755,-0.34202739709864877,-0.9790924120378305,-0.544774682906941,-0.8120282851224048,0.0,,,,,-4.9785357763583304,,,,,333
Viel,Jeffrey Viel,BOS,Boston Bruins,L,10.0,0.0,0.0,0.0,0.0,0.0,92.4,-8.4,252.0,8.4,226.8,,,,,jeffreyviel,,0.0,0.0,-8.4,252.0,0.0,0.0,92.4,8.4,226.8,,,,,,False,False,[],2,0.0,0.0,-0.9736178256750143,-1.1541582783968467,-0.2008040649893535,5.644129945885433,-0.6194488057366755,-0.34202739709864877,-0.4024260145193699,-0.5044861568861795,1.7127199816689629,0.0,,,,,3.1598813842523072,,,,,334
Miller,Colin Miller,WPG,Winnipeg Jets,D,11.0,0.0,0.0,0.0,0.0,0.0,91.63636363636363,-61.09090909090909,45.81818181818181,0.0,145.0909090909091,,,,,colinmiller,,0.0,0.0,-61.09090909090909,45.81818181818181,0.0,0.0,91.63636363636363,0.0,145.0909090909091,,,,,,False,False,['D'],1,0.0,0.0,-0.9736178256750143,-1.1541582783968467,-2.2660184703729755,0.17733106696778647,-0.6194488057366755,-0.34202739709864877,-0.4145239109708064,-0.544774682906941,0.6239010918704464,0.0,,,,,-5.5133372123196756,,,,,335
Berard,Brett Berard,NYR,New York Rangers,L,11.0,0.0,0.0,0.0,0.0,0.0,76.36363636363636,-7.636363636363637,45.81818181818181,0.0,114.54545454545453,,,,,brettberard,,0.0,0.0,-7.636363636363637,45.81818181818181,0.0,0.0,76.36363636363636,0.0,114.54545454545453,,,,,,False,False,[],2,0.0,0.0,-0.9736178256750143,-1.1541582783968467,-0.1708734214330691,0.17733106696778647,-0.6194488057366755,-0.34202739709864877,-0.6564818399995309,-0.544774682906941,0.2168659928803467,0.0,,,,,-4.067185191398593,,,,,336
Kesselring,Michael Kesselring,BUF,Buffalo Sabres,D,12.0,0.0,0.0,0.0,0.0,0.0,105.0,-35.0,28.0,0.0,70.0,,,,,michaelkesselring,,0.0,0.0,-35.0,28.0,0.0,0.0,105.0,0.0,70.0,,,,,,False,False,['D'],2,0.0,0.0,-0.9736178256750143,-1.1541582783968467,-1.2433881488665925,-0.2951083423213927,-0.6194488057366755,-0.34202739709864877,-0.20281072307067213,-0.544774682906941,-0.3767268598135483,0.0,,,,,-5.752061063886332,,,,,337
Clifton,Connor Clifton,PIT,Pittsburgh Penguins,D,15.0,0.0,0.0,0.0,0.0,0.0,67.2,-16.8,56.0,0.0,352.8,,,,,connorclifton,,0.0,0.0,-16.8,56.0,0.0,0.0,67.2,0.0,352.8,,,,,,False,False,['D'],2,0.0,0.0,-0.9736178256750143,-1.1541582783968467,-0.5300411441084817,0.4472964437044605,-0.6194488057366755,-0.34202739709864877,-0.8016565974167656,-0.544774682906941,3.3917397650031234,0.0,,,,,-1.12668852263179,,,,,338
Deslauriers,Nicolas Deslauriers,PHI,Philadelphia Flyers,L,16.0,0.0,0.0,0.0,0.0,0.0,36.75,-15.75,126.0,5.25,294.0,,,,,nicolasdeslauriers,,0.0,0.0,-15.75,126.0,0.0,0.0,36.75,5.25,294.0,,,,,,False,False,[],3,0.0,0.0,-0.9736178256750143,-1.1541582783968467,-0.4888865092185906,2.3033084087690936,-0.6194488057366755,-0.34202739709864877,-1.2840602184177856,-0.519594354143965,2.6081971994471815,0.0,,,,,-0.4702877804712515,,,,,339
Fleury,Haydn Fleury,WPG,Winnipeg Jets,D,16.0,0.0,0.0,0.0,0.0,0.0,57.75,-36.75,31.5,0.0,120.75,,,,,haydnfleury,,0.0,0.0,-36.75,31.5,0.0,0.0,57.75,0.0,120.75,,,,,,False,False,['D'],1,0.0,0.0,-0.9736178256750143,-1.1541582783968467,-1.311979207016411,-0.20230774406816104,-0.6194488057366755,-0.34202739709864877,-0.9513680660032892,-0.544774682906941,0.29954499736271084,0.0,,,,,-5.800137009539277,,,,,340
Jiricek,David Jiricek,MIN,Minnesota Wild,D,18.0,0.0,0.0,0.0,0.0,0.0,51.333333333333336,4.666666666666666,56.0,0.0,23.333333333333336,,,,,davidjiricek,,0.0,0.0,4.666666666666666,56.0,0.0,0.0,51.333333333333336,0.0,23.333333333333336,,,,,,False,False,['D'],2,0.0,0.0,-0.9736178256750143,-1.1541582783968467,0.3113425025292903,0.4472964437044605,-0.6194488057366755,-0.34202739709864877,-1.0530240014632741,-0.544774682906941,-0.9985860388262002,0.0,,,,,-4.92699808386985,,,,,341
Jones,Ben Jones,MIN,Minnesota Wild,C,20.0,0.0,0.0,0.0,0.0,0.0,71.39999999999999,-25.2,0.0,252.0,197.4,,,,,benjones,,0.0,0.0,-25.2,0.0,0.0,0.0,71.39999999999999,252.0,197.4,,,,,,False,False,['C'],2,0.0,0.0,-0.9736178256750143,-1.1541582783968467,-0.8592782232276098,-1.0375131283472458,-0.6194488057366755,-0.34202739709864877,-0.7351181669338666,0.6638810977159025,1.320948698890992,0.0,,,,,-3.736332028809014,,,,,342
Dubois,Pierre-Luc Dubois,WSH,Washington Capitals,L,6.0,0.0,0.0,0.0,0.0,0.0,126.0,0.0,28.0,462.0,84.0,,,,,pierrelucdubois,,0.0,0.0,0.0,28.0,0.0,0.0,126.0,462.0,84.0,,,,,,False,False,[],2,0.0,0.0,-0.9736178256750143,-1.1541582783968467,0.12843301412977468,-0.2951083423213927,-0.6194488057366755,-0.34202739709864877,0.12988142934382432,1.6710942482349387,-0.19016910610975268,0.0,,,,,-1.645121063629793,,,,,343
Parent,Xavier Parent,NJD,New Jersey Devils,C,5.0,0.0,0.0,0.0,0.0,0.0,33.6,-16.8,33.6,0.0,117.6,,,,,xavierparent,,0.0,0.0,-16.8,33.6,0.0,0.0,33.6,0.0,117.6,,,,,,False,False,['C'],2,0.0,0.0,-0.9736178256750143,-1.1541582783968467,-0.5300411441084817,-0.146627385116222,-0.6194488057366755,-0.34202739709864877,-1.3339640412799598,-0.544774682906941,0.25756950277935675,0.0,,,,,-5.3870900575394325,,,,,344
Murchison,Ty Murchison,PHI,Philadelphia Flyers,D,3.0,0.0,0.0,0.0,0.0,0.0,28.0,28.0,0.0,0.0,140.0,,,,,tymurchison,,0.0,0.0,28.0,0.0,0.0,0.0,28.0,0.0,140.0,,,,,,False,False,['D'],3,0.0,0.0,-0.9736178256750143,-1.1541582783968467,1.2258899445268687,-1.0375131283472458,-0.6194488057366755,-0.34202739709864877,-1.4226819485904925,-0.544774682906941,0.5560619087054298,0.0,,,,,-4.312270213519566,,,,,345
Mancini,Victor Mancini,VAN,Vancouver Canucks,D,5.0,0.0,0.0,0.0,0.0,0.0,50.4,-33.6,84.0,0.0,100.8,,,,,victormancini,,0.0,0.0,-33.6,84.0,0.0,0.0,50.4,0.0,100.8,,,,,,False,False,['D'],2,0.0,0.0,-0.9736178256750143,-1.1541582783968467,-1.1885153023467379,1.1897012297303138,-0.6194488057366755,-0.34202739709864877,-1.067810319348363,-0.544774682906941,0.03370019833480202,0.0,,,,,-4.6669511834441115,,,,,346
Makar,Taylor Makar,COL,Colorado Avalanche,L,3.0,0.0,0.0,0.0,0.0,0.0,84.0,0.0,0.0,0.0,168.0,,,,,taylormakar,,0.0,0.0,0.0,0.0,0.0,0.0,84.0,0.0,168.0,,,,,,False,False,[],2,0.0,0.0,-0.9736178256750143,-1.1541582783968467,0.12843301412977468,-1.0375131283472458,-0.6194488057366755,-0.34202739709864877,-0.5355028754851686,-0.544774682906941,0.9291774161130211,0.0,,,,,-4.149432563403746,,,,,347
Pinelli,Luca Pinelli,CBJ,Columbus Blue Jackets,C,3.0,0.0,0.0,0.0,0.0,0.0,168.0,-28.0,0.0,0.0,56.0,,,,,lucapinelli,,0.0,0.0,-28.0,0.0,0.0,0.0,168.0,0.0,56.0,,,,,,False,False,['C'],2,0.0,0.0,-0.9736178256750143,-1.1541582783968467,-0.9690239162673191,-1.0375131283472458,-0.6194488057366755,-0.34202739709864877,0.7952657341728172,-0.544774682906941,-0.5632846135173439,0.0,,,,,-5.408582913773219,,,,,348
Morton,Sam Morton,CGY,Calgary Flames,C,3.0,0.0,0.0,0.0,0.0,0.0,84.0,-28.0,280.0,448.0,252.0,,,,,sammorton,,0.0,0.0,-28.0,280.0,0.0,0.0,84.0,448.0,252.0,,,,,,False,False,['C'],2,0.0,0.0,-0.9736178256750143,-1.1541582783968467,-0.9690239162673191,6.386534731911286,-0.6194488057366755,-0.34202739709864877,-0.5355028754851686,1.603946704867003,2.0485239383357947,0.0,,,,,5.445226276454411,,,,,349
Cootes,Braeden Cootes,VAN,Vancouver Canucks,C,3.0,0.0,0.0,0.0,0.0,0.0,0.0,-56.0,0.0,140.0,84.0,,,,,braedencootes,,0.0,0.0,-56.0,0.0,0.0,0.0,0.0,140.0,84.0,,,,,,False,False,['C'],2,0.0,0.0,-0.9736178256750143,-1.1541582783968467,-2.066480846664413,-1.0375131283472458,-0.6194488057366755,-0.34202739709864877,-1.8662714851431543,0.1267007507724165,-0.19016910610975268,0.0,,,,,-8.122986122399334,,,,,350
Gudbranson,Erik Gudbranson,CBJ,Columbus Blue Jackets,D,4.0,0.0,0.0,0.0,0.0,0.0,63.0,-42.0,126.0,0.0,105.0,,,,,erikgudbranson,,0.0,0.0,-42.0,126.0,0.0,0.0,63.0,0.0,105.0,,,,,,False,False,['D'],2,0.0,0.0,-0.9736178256750143,-1.1541582783968467,-1.517752381465866,2.3033084087690936,-0.6194488057366755,-0.34202739709864877,-0.868195027899665,-0.544774682906941,0.08966752444594074,0.0,,,,,-3.6269984659646233,,,,,351
McIlrath,Dylan McIlrath,WSH,Washington Capitals,D,4.0,0.0,0.0,0.0,0.0,0.0,21.0,21.0,0.0,0.0,189.0,,,,,dylanmcilrath,,0.0,0.0,21.0,0.0,0.0,0.0,21.0,0.0,189.0,,,,,,False,False,['D'],2,0.0,0.0,-0.9736178256750143,-1.1541582783968467,0.9515257119275952,-1.0375131283472458,-0.6194488057366755,-0.34202739709864877,-1.533579332728658,-0.544774682906941,1.2090140466687145,0.0,,,,,-4.04457969229372,,,,,352
Danforth,Justin Danforth,BUF,Buffalo Sabres,R,4.0,0.0,0.0,0.0,0.0,0.0,42.0,-42.0,42.0,357.0,63.0,,,,,justindanforth,,0.0,0.0,-42.0,42.0,0.0,0.0,42.0,357.0,63.0,,,,,,False,False,[],2,0.0,0.0,-0.9736178256750143,-1.1541582783968467,-1.517752381465866,0.07609405069153391,-0.6194488057366755,-0.34202739709864877,-1.2008871803141614,1.1674876729754207,-0.4700057366654461,0.0,,,,,-5.034315881685704,,,,,353
Thrun,Henry Thrun,TOR,Toronto Maple Leafs,D,4.0,0.0,0.0,0.0,0.0,0.0,84.0,-21.0,0.0,0.0,63.0,,,,,henrythrun,,0.0,0.0,-21.0,0.0,0.0,0.0,84.0,0.0,63.0,,,,,,False,False,['D'],3,0.0,0.0,-0.9736178256750143,-1.1541582783968467,-0.6946596836680456,-1.0375131283472458,-0.6194488057366755,-0.34202739709864877,-0.5355028754851686,-0.544774682906941,-0.4700057366654461,0.0,,,,,-6.371708413980033,,,,,354
Blümel,Matej  Blumel,BOS,Boston Bruins,R,4.0,0.0,0.0,0.0,0.0,0.0,84.0,-63.0,0.0,0.0,42.0,,,,,matejblumel,,0.0,0.0,-63.0,0.0,0.0,0.0,84.0,0.0,42.0,,,,,,False,False,[],2,0.0,0.0,-0.9736178256750143,-1.1541582783968467,-2.3408450792636866,-1.0375131283472458,-0.6194488057366755,-0.34202739709864877,-0.5355028754851686,-0.544774682906941,-0.7498423672211395,0.0,,,,,-8.297730440131367,,,,,355
Othmann,Brennan Othmann,NYR,New York Rangers,L,4.0,0.0,0.0,0.0,0.0,0.0,42.0,-42.0,147.0,0.0,105.0,,,,,brennanothmann,,0.0,0.0,-42.0,147.0,0.0,0.0,42.0,0.0,105.0,,,,,,False,False,[],2,0.0,0.0,-0.9736178256750143,-1.1541582783968467,-1.517752381465866,2.8601119982884833,-0.6194488057366755,-0.34202739709864877,-1.2008871803141614,-0.544774682906941,0.08966752444594074,0.0,,,,,-3.40288702885973,,,,,356
Melanson,Jacob Melanson,SEA,Seattle Kraken,R,4.0,0.0,0.0,0.0,0.0,0.0,63.0,-21.0,0.0,0.0,336.0,,,,,jacobmelanson,,0.0,0.0,-21.0,0.0,0.0,0.0,63.0,0.0,336.0,,,,,,False,False,[],3,0.0,0.0,-0.9736178256750143,-1.1541582783968467,-0.6946596836680456,-1.0375131283472458,-0.6194488057366755,-0.34202739709864877,-0.868195027899665,-0.544774682906941,3.1678704605585684,0.0,,,,,-3.0665243691705153,,,,,357
Pickering,Owen Pickering,PIT,Pittsburgh Penguins,D,4.0,0.0,0.0,0.0,0.0,0.0,21.0,-63.0,42.0,0.0,21.0,,,,,owenpickering,,0.0,0.0,-63.0,42.0,0.0,0.0,21.0,0.0,21.0,,,,,,False,False,['D'],2,0.0,0.0,-0.9736178256750143,-1.1541582783968467,-2.3408450792636866,0.07609405069153391,-0.6194488057366755,-0.34202739709864877,-1.533579332728658,-0.544774682906941,-1.029678997776833,0.0,,,,,-8.46203634889177,,,,,358
Salomonsson,Elias Salomonsson,WPG,Winnipeg Jets,D,4.0,0.0,0.0,0.0,0.0,0.0,63.0,-84.0,0.0,0.0,105.0,,,,,eliassalomonsson,,0.0,0.0,-84.0,0.0,0.0,0.0,63.0,0.0,105.0,,,,,,False,False,['D'],1,0.0,0.0,-0.9736178256750143,-1.1541582783968467,-3.163937777061507,-1.0375131283472458,-0.6194488057366755,-0.34202739709864877,-0.868195027899665,-0.544774682906941,0.08966752444594074,0.0,,,,,-8.614005398676603,,,,,359
Luchanko,Jett Luchanko,PHI,Philadelphia Flyers,C,4.0,0.0,0.0,0.0,0.0,0.0,21.0,-63.0,42.0,231.0,42.0,,,,,jettluchanko,,0.0,0.0,-63.0,42.0,0.0,0.0,21.0,231.0,42.0,,,,,,False,False,['C'],3,0.0,0.0,-0.9736178256750143,-1.1541582783968467,-2.3408450792636866,0.07609405069153391,-0.6194488057366755,-0.34202739709864877,-1.533579332728658,0.5631597826639988,-0.7498423672211395,0.0,,,,,-7.074265252765137,,,,,360
Dadonov,Evgenii Dadonov,NJD,New Jersey Devils,L,5.0,0.0,0.0,0.0,0.0,0.0,117.6,-16.8,0.0,0.0,33.6,,,,,evgeniidadonov,,0.0,0.0,-16.8,0.0,0.0,0.0,117.6,0.0,33.6,,,,,,False,False,[],2,0.0,0.0,-0.9736178256750143,-1.1541582783968467,-0.5300411441084817,-1.0375131283472458,-0.6194488057366755,-0.34202739709864877,-0.003195431621974355,-0.544774682906941,-0.861777019443417,0.0,,,,,-6.066553713335245,,,,,361
Slavin,Jaccob Slavin,CAR,Carolina Hurricanes,D,5.0,0.0,0.0,0.0,0.0,0.0,67.2,-33.6,0.0,0.0,0.0,,,,,jaccobslavin,,0.0,0.0,-33.6,0.0,0.0,0.0,67.2,0.0,0.0,,,,,,False,False,['D'],2,0.0,0.0,-0.9736178256750143,-1.1541582783968467,-1.1885153023467379,-1.0375131283472458,-0.6194488057366755,-0.34202739709864877,-0.8016565974167656,-0.544774682906941,-1.3095156283325264,0.0,,,,,-7.971227646257403,,,,,362
Geertsen,Mason Geertsen,BUF,Buffalo Sabres,L,5.0,0.0,0.0,0.0,0.0,0.0,16.8,-16.8,201.6,0.0,134.4,,,,,masongeertsen,,0.0,0.0,-16.8,201.6,0.0,0.0,16.8,0.0,134.4,,,,,,False,False,[],2,0.0,0.0,-0.9736178256750143,-1.1541582783968467,-0.5300411441084817,4.307801331038897,-0.6194488057366755,-0.34202739709864877,-1.6001177632115573,-0.544774682906941,0.48143880722391164,0.0,,,,,-0.9749457588713567,,,,,363
Callahan,Michael Callahan,BOS,Boston Bruins,D,5.0,0.0,0.0,0.0,0.0,0.0,50.4,-16.8,0.0,0.0,50.4,,,,,michaelcallahan,,0.0,0.0,-16.8,0.0,0.0,0.0,50.4,0.0,50.4,,,,,,False,False,['D'],2,0.0,0.0,-0.9736178256750143,-1.1541582783968467,-0.5300411441084817,-1.0375131283472458,-0.6194488057366755,-0.34202739709864877,-1.067810319348363,-0.544774682906941,-0.6379077149988622,0.0,,,,,-6.907299296617079,,,,,364
Ginning,Adam Ginning,PHI,Philadelphia Flyers,D,5.0,0.0,0.0,0.0,0.0,0.0,33.6,0.0,0.0,0.0,67.2,,,,,adamginning,,0.0,0.0,0.0,0.0,0.0,0.0,33.6,0.0,67.2,,,,,,False,False,['D'],3,0.0,0.0,-0.9736178256750143,-1.1541582783968467,0.12843301412977468,-1.0375131283472458,-0.6194488057366755,-0.34202739709864877,-1.3339640412799598,-0.544774682906941,-0.4140384105543074,0.0,,,,,-6.291109555865865,,,,,365
Hoglander,Nils Hoglander,VAN,Vancouver Canucks,L,5.0,0.0,0.0,0.0,0.0,0.0,84.0,0.0,33.6,0.0,117.6,,,,,nilshoglander,,0.0,0.0,0.0,33.6,0.0,0.0,84.0,0.0,117.6,,,,,,False,False,[],2,0.0,0.0,-0.9736178256750143,-1.1541582783968467,0.12843301412977468,-0.146627385116222,-0.6194488057366755,-0.34202739709864877,-0.5355028754851686,-0.544774682906941,0.25756950277935675,0.0,,,,,-3.9301547335063853,,,,,366
Kaskimaki,Aleksanteri Kaskimaki,STL,St. Louis Blues,C,5.0,0.0,0.0,0.0,0.0,0.0,100.8,-100.8,0.0,16.8,33.6,,,,,aleksanterikaskimaki,,0.0,0.0,-100.8,0.0,0.0,0.0,100.8,16.8,33.6,,,,,,False,False,['C'],2,0.0,0.0,-0.9736178256750143,-1.1541582783968467,-3.822411935299763,-1.0375131283472458,-0.6194488057366755,-0.34202739709864877,-0.2693491535535715,-0.4641976308654181,-0.861777019443417,0.0,,,,,-9.544501174416602,,,,,367
Myers,Philippe Myers,TOR,Toronto Maple Leafs,D,16.0,0.0,5.25,0.0,0.0,0.0,78.75,-26.25,42.0,0.0,126.0,,,,,philippemyers,,0.0,5.25,-26.25,42.0,0.0,0.0,78.75,0.0,126.0,,,,,,False,False,['D'],3,0.0,0.0,-0.9736178256750143,-0.8587531071167498,-0.9004328581175007,0.07609405069153391,-0.6194488057366755,-0.34202739709864877,-0.6186759135887927,-0.544774682906941,0.3695041550016342,0.0,,,,,-4.412132384547155,,,,,368
Romanov,Alexander Romanov,NYI,New York Islanders,D,15.0,0.0,5.6,0.0,0.0,0.0,95.2,-39.2,33.6,0.0,173.60000000000002,,,,,alexanderromanov,,0.0,5.6,-39.2,33.6,0.0,0.0,95.2,0.0,173.60000000000002,,,,,,False,False,['D'],3,0.0,0.0,-0.9736178256750143,-0.8390594290314101,-1.4080066884261568,-0.146627385116222,-0.6194488057366755,-0.34202739709864877,-0.3580670608641037,-0.544774682906941,1.0038005175945397,0.0,,,,,-4.227828757260633,,,,,369
Kampf,David Kampf,VAN,Vancouver Canucks,C,15.0,5.6,0.0,0.0,0.0,0.0,61.599999999999994,-16.8,22.4,739.2,61.599999999999994,,,,,davidkampf,,5.6,0.0,-16.8,22.4,0.0,0.0,61.599999999999994,739.2,61.599999999999994,,,,,,False,False,['C'],2,0.0,0.0,-0.5221544611814479,-1.1541582783968467,-0.5300411441084817,-0.44358929952656334,-0.6194488057366755,-0.34202739709864877,-0.8903745047272982,3.000615606920067,-0.48866151203582575,0.0,,,,,-1.9898397958917209,,,,,370
Bean,Jake Bean,CGY,Calgary Flames,D,16.0,5.25,5.25,0.0,0.0,0.0,84.0,-36.75,84.0,0.0,15.75,,,,,jakebean,,5.25,5.25,-36.75,84.0,0.0,0.0,84.0,0.0,15.75,,,,,,False,False,['D'],2,0.0,0.0,-0.5503709214622958,-0.8587531071167498,-1.311979207016411,1.1897012297303138,-0.6194488057366755,-0.34202739709864877,-0.5355028754851686,-0.544774682906941,-1.0996381554157564,0.0,,,,,-4.672793922508333,,,,,371
Strome,Ryan Strome,ANA,Anaheim Ducks,C,18.0,9.333333333333332,18.666666666666664,4.666666666666666,0.0,0.0,107.33333333333333,0.0,46.66666666666667,322.0,18.666666666666664,,,,,ryanstrome,,9.333333333333332,18.666666666666664,0.0,46.66666666666667,4.666666666666666,0.0,107.33333333333333,322.0,18.666666666666664,,,,,,False,False,['C'],2,0.0,0.0,-0.22117888485240383,-0.10382878051205771,0.12843301412977468,0.1998281816958429,-0.19758670065417042,-0.34202739709864877,-0.16584492835795037,0.9996188145555813,-1.0607719567274658,0.0,,,,,-0.763358637821498,,,,,372
Mahura,Josh Mahura,SEA,Seattle Kraken,D,18.0,4.666666666666666,4.666666666666666,0.0,0.0,1.0,56.0,37.33333333333333,74.66666666666666,0.0,102.66666666666667,,,,,joshmahura,,4.666666666666666,4.666666666666666,37.33333333333333,74.66666666666666,0.0,0.0,56.0,0.0,102.66666666666667,,,,,,False,False,['D'],3,0.0,0.0,-0.5973983552637091,-0.8915759039256494,1.5917089213258997,0.9422329677216957,-0.6194488057366755,-0.34202739709864877,-0.9790924120378305,-0.544774682906941,0.058574565495308206,0.0,,,,,-1.3818011024265509,,,,,373
Kessel,Matthew Kessel,STL,St. Louis Blues,D,18.0,9.333333333333332,0.0,0.0,0.0,1.0,46.66666666666667,0.0,18.666666666666664,0.0,23.333333333333336,,,,,matthewkessel,,9.333333333333332,0.0,0.0,18.666666666666664,0.0,0.0,46.66666666666667,0.0,23.333333333333336,,,,,,False,False,['D'],2,0.0,0.0,-0.22117888485240383,-1.1541582783968467,0.12843301412977468,-0.5425766043300104,-0.6194488057366755,-0.34202739709864877,-1.1269555908887177,-0.544774682906941,-0.9985860388262002,0.0,,,,,-5.42127326890667,,,,,374
Lazar,Curtis Lazar,EDM,Edmonton Oilers,C,19.0,8.842105263157894,0.0,0.0,0.0,0.0,30.94736842105263,-13.26315789473684,8.842105263157894,282.9473684210526,168.0,,,,,curtislazar,,8.842105263157894,0.0,-13.26315789473684,8.842105263157894,0.0,0.0,30.94736842105263,282.9473684210526,168.0,,,,,,False,False,['C'],2,0.0,0.0,-0.2607809343693833,-1.1541582783968467,-0.3914150055320066,-0.8030695117075027,-0.6194488057366755,-0.34202739709864877,-1.3759883131638964,0.8123125093713393,0.9291774161130211,0.0,,,,,-3.2053983205205996,,,,,375
Lammikko,Juho Lammikko,NJD,New Jersey Devils,C,19.0,0.0,8.842105263157894,0.0,0.0,0.0,66.3157894736842,-4.421052631578947,17.684210526315788,229.89473684210526,123.78947368421052,,,,,juholammikko,,0.0,8.842105263157894,-4.421052631578947,17.684210526315788,0.0,0.0,66.3157894736842,229.89473684210526,123.78947368421052,,,,,,False,False,['C'],2,0.0,0.0,-0.9736178256750143,-0.6566337793987888,-0.04484965909081907,-0.5686258950677597,-0.6194488057366755,-0.34202739709864877,-0.8156646880447446,0.5578586608191618,0.340047667574719,0.0,,,,,-3.12296172171857,,,,,376
Desharnais,Vincent Desharnais,SJS,San Jose Sharks,D,20.0,0.0,8.4,0.0,0.0,0.0,50.4,4.2,134.4,0.0,117.6,,,,,vincentdesharnais,,0.0,8.4,4.2,134.4,0.0,0.0,50.4,0.0,117.6,,,,,,False,False,['D'],2,0.0,0.0,-0.9736178256750143,-0.6815100043486916,0.2930515536893388,2.5260298445768496,-0.6194488057366755,-0.34202739709864877,-1.067810319348363,-0.544774682906941,0.25756950277935675,0.0,,,,,-1.152538134068789,,,,,377
Gregor,Noah Gregor,FLA,Florida Panthers,L,21.0,4.0,4.0,0.0,0.0,0.0,72.0,-24.0,44.0,48.0,92.00000000000001,,,,,noahgregor,,4.0,4.0,-24.0,44.0,0.0,0.0,72.0,48.0,92.00000000000001,,,,,,False,False,[],2,0.0,0.0,-0.6511439938938954,-0.929087671707249,-0.81224435478202,0.12912296397909484,-0.6194488057366755,-0.34202739709864877,-0.7256126768648808,-0.31455453421687557,-0.08356467542186928,0.0,,,,,-4.3485611457430196,,,,,378
Malott,Jeff Malott,LAK,Los Angeles Kings,L,22.0,7.636363636363637,0.0,0.0,0.0,0.0,68.72727272727273,-7.636363636363637,87.81818181818181,3.8181818181818183,259.6363636363636,,,,,jeffmalott,,7.636363636363637,0.0,-7.636363636363637,87.81818181818181,0.0,0.0,68.72727272727273,3.8181818181818183,259.6363636363636,,,,,,False,False,[],3,0.0,0.0,-0.3579859650019693,-1.1541582783968467,-0.1708734214330691,1.2909382460065664,-0.6194488057366755,-0.34202739709864877,-0.7774608045138931,-0.5264617165338676,2.1502827130833193,0.0,,,,,-0.5071954296250847,,,,,379
Mailloux,Logan Mailloux,STL,St. Louis Blues,D,24.0,3.5,3.5,0.0,0.0,0.0,98.0,-52.5,80.5,0.0,101.5,,,,,loganmailloux,,3.5,3.5,-52.5,80.5,0.0,0.0,98.0,0.0,101.5,,,,,,False,False,['D'],2,0.0,0.0,-0.6914532228665353,-0.9572214975434488,-1.9292987303647762,1.096900631477082,-0.6194488057366755,-0.34202739709864877,-0.3137081072088376,-0.544774682906941,0.04302808601999184,0.0,,,,,-4.2580037262287895,,,,,380
Kunin,Luke Kunin,FLA,Florida Panthers,C,25.0,3.36,3.36,0.0,0.0,0.0,53.76,-20.16,20.16,255.36,164.64,,,,,lukekunin,,3.36,3.36,-20.16,20.16,0.0,0.0,53.76,255.36,164.64,,,,,,False,False,['C'],2,0.0,0.0,-0.7027398069788745,-0.9650989687775847,-0.661735975756133,-0.5029816824086316,-0.6194488057366755,-0.34202739709864877,-1.0145795749620434,0.6799965081242072,0.88440355522411,0.0,,,,,-3.2442121483702744,,,,,381
Douglas,Curtis Douglas,TBL,Tampa Bay Lightning,C,26.0,0.0,6.461538461538462,0.0,0.0,0.0,48.46153846153846,3.230769230769231,187.3846153846154,6.461538461538462,93.6923076923077,,,,,curtisdouglas,,0.0,6.461538461538462,3.230769230769231,187.3846153846154,0.0,0.0,48.46153846153846,6.461538461538462,93.6923076923077,,,,,,False,False,['C'],3,0.0,0.0,-0.9736178256750143,-0.790582682975189,0.25506265994482397,3.930888131979618,-0.6194488057366755,-0.34202739709864877,-1.098520364186624,-0.5137835090448167,-0.06101373816097109,0.0,,,,,-0.213043530953498,,,,,382
Foligno,Marcus Foligno,MIN,Minnesota Wild,L,27.0,0.0,6.222222222222221,0.0,0.0,0.0,80.88888888888889,-28.0,105.77777777777779,6.222222222222221,270.6666666666667,,,,,marcusfoligno,,0.0,6.222222222222221,-28.0,105.77777777777779,0.0,0.0,80.88888888888889,6.222222222222221,270.6666666666667,,,,,,False,False,[],2,0.0,0.0,-0.9736178256750143,-0.8040484457685837,-0.9690239162673191,1.7671271744170887,-0.6194488057366755,-0.34202739709864877,-0.5847906017687977,-0.5149313302989695,2.2972676099408558,0.0,,,,,-0.7434935382560641,,,,,383
Reaves,Ryan Reaves,SJS,San Jose Sharks,R,30.0,5.6,0.0,0.0,0.0,0.0,47.6,-22.4,58.8,0.0,302.40000000000003,,,,,ryanreaves,,5.6,0.0,-22.4,58.8,0.0,0.0,47.6,0.0,302.40000000000003,,,,,,False,False,[],2,0.0,0.0,-0.5221544611814479,-1.1541582783968467,-0.7495325301879003,0.5215369223070457,-0.6194488057366755,-0.34202739709864877,-1.112169273003629,-0.544774682906941,2.7201318516694593,0.0,,,,,-1.8025966545355838,,,,,384
Xhekaj,Arber Xhekaj,MTL,Montréal Canadiens,D,32.0,2.625,2.625,0.0,0.0,0.0,63.0,-15.75,154.875,0.0,186.375,,,,,arberxhekaj,,2.625,2.625,-15.75,154.875,0.0,0.0,63.0,0.0,186.375,,,,,,False,False,['D'],2,0.0,0.0,-0.7619943735686551,-1.0064556927567982,-0.4888865092185906,3.0689133443582546,-0.6194488057366755,-0.34202739709864877,-0.868195027899665,-0.544774682906941,1.1740344678492527,0.0,,,,,-0.38883467697846696,,,,,385
McNabb,Brayden McNabb,VGK,Vegas Golden Knights,D,34.0,2.4705882352941178,2.4705882352941178,0.0,0.0,1.0,71.6470588235294,-12.352941176470589,44.470588235294116,0.0,145.76470588235296,,,,,braydenmcnabb,,2.4705882352941178,2.4705882352941178,-12.352941176470589,44.470588235294116,0.0,0.0,71.6470588235294,0.0,145.76470588235296,,,,,,False,False,['D'],2,0.0,0.0,-0.7744428119278527,-1.0151440801473894,-0.3557391610454138,0.14160035534087384,-0.6194488057366755,-0.34202739709864877,-0.7312041416113431,-0.544774682906941,0.6328798072893459,0.0,,,,,-3.6083009178440446,,,,,386
Kulak,Brett Kulak,PIT,Pittsburgh Penguins,D,35.0,0.0,4.8,0.0,0.0,0.0,84.0,-16.8,28.8,0.0,12.0,,,,,brettkulak,,0.0,4.8,-16.8,28.8,0.0,0.0,84.0,0.0,12.0,,,,,,False,False,['D'],2,0.0,0.0,-0.9736178256750143,-0.8840735503693296,-0.5300411441084817,-0.2738967770063683,-0.6194488057366755,-0.34202739709864877,-0.5355028754851686,-0.544774682906941,-1.1496089823007016,0.0,,,,,-5.8529920406873295,,,,,387
Rooney,Kevin Rooney,UTA,Utah Mammoth,C,1.0,84.0,0.0,0.0,0.0,0.0,84.0,84.0,0.0,168.0,0.0,,,,,kevinrooney,,84.0,0.0,84.0,0.0,0.0,0.0,84.0,168.0,0.0,,,,,,False,False,['C'],1,0.0,0.0,5.798332641728481,-1.1541582783968467,3.4208038053210563,-1.0375131283472458,-0.6194488057366755,-0.34202739709864877,-0.5355028754851686,0.260995837508288,-1.3095156283325264,0.0,,,,,4.481966171160714,,,,,388
Blueger,Teddy Blueger,VAN,Vancouver Canucks,C,2.0,42.0,0.0,0.0,0.0,1.0,84.0,0.0,0.0,378.0,126.0,,,,,teddyblueger,,42.0,0.0,0.0,0.0,0.0,0.0,84.0,378.0,126.0,,,,,,False,False,['C'],2,0.0,0.0,2.4123574080267334,-1.1541582783968467,0.12843301412977468,-1.0375131283472458,-0.6194488057366755,-0.34202739709864877,-0.5355028754851686,1.2682089880273242,0.3695041550016342,0.0,,,,,0.48985308012088097,,,,,389
Kerfoot,Alexander Kerfoot,UTA,Utah Mammoth,C,2.0,42.0,0.0,0.0,0.0,0.0,84.0,0.0,0.0,126.0,84.0,,,,,alexanderkerfoot,,42.0,0.0,0.0,0.0,0.0,0.0,84.0,126.0,84.0,,,,,,False,False,['C'],1,0.0,0.0,2.4123574080267334,-1.1541582783968467,0.12843301412977468,-1.0375131283472458,-0.6194488057366755,-0.34202739709864877,-0.5355028754851686,0.05955320740448074,-0.19016910610975268,0.0,,,,,-1.2784759616133492,,,,,390
Kaliyev,Arthur Kaliyev,OTT,Ottawa Senators,R,2.0,0.0,42.0,42.0,0.0,0.0,168.0,0.0,0.0,0.0,0.0,,,,,arthurkaliyev,,0.0,42.0,0.0,0.0,42.0,0.0,168.0,0.0,0.0,,,,,,False,False,[],2,0.0,0.0,-0.9736178256750143,1.2090830918439288,0.12843301412977468,-1.0375131283472458,3.1773101400058703,-0.34202739709864877,0.7952657341728172,-0.544774682906941,-1.3095156283325264,0.0,,,,,1.1026433177920147,,,,,391
Robidas,Justin Robidas,CAR,Carolina Hurricanes,C,2.0,0.0,42.0,0.0,0.0,0.0,84.0,0.0,0.0,504.0,126.0,,,,,justinrobidas,,0.0,42.0,0.0,0.0,0.0,0.0,84.0,504.0,126.0,,,,,,False,False,['C'],2,0.0,0.0,-0.9736178256750143,1.2090830918439288,0.12843301412977468,-1.0375131283472458,-0.6194488057366755,-0.34202739709864877,-0.5355028754851686,1.872536878338746,0.3695041550016342,0.0,,,,,0.07144710697133067,,,,,392
Bogosian,Zach Bogosian,MIN,Minnesota Wild,D,17.0,4.9411764705882355,4.9411764705882355,0.0,0.0,0.0,74.11764705882352,34.588235294117645,9.882352941176471,0.0,69.17647058823529,,,,,zachbogosian,,4.9411764705882355,4.9411764705882355,34.588235294117645,9.882352941176471,0.0,0.0,74.11764705882352,0.0,69.17647058823529,,,,,,False,False,['D'],2,0.0,0.0,-0.5752677981806911,-0.876129881897932,1.4841151046203025,-0.7754879097498859,-0.6194488057366755,-0.34202739709864877,-0.6920638883861082,-0.544774682906941,-0.38770084532553634,0.0,,,,,-3.3287861046621163,,,,,393
Harkins,Jansen Harkins,ANA,Anaheim Ducks,C,15.0,11.2,0.0,0.0,0.0,0.0,50.4,-16.8,33.6,274.4,274.4,,,,,jansenharkins,,11.2,0.0,-16.8,33.6,0.0,0.0,50.4,274.4,274.4,,,,,,False,False,['C'],2,0.0,0.0,-0.07069109668788168,-1.1541582783968467,-0.5300411441084817,-0.146627385116222,-0.6194488057366755,-0.34202739709864877,-1.067810319348363,0.7713171671045996,2.3470163442618674,0.0,,,,,-0.8124709151266525,,,,,394
Cholowski,Dennis Cholowski,NJD,New Jersey Devils,D,15.0,0.0,5.6,0.0,0.0,0.0,56.0,-28.0,11.2,0.0,16.8,,,,,dennischolowski,,0.0,5.6,-28.0,11.2,0.0,0.0,56.0,0.0,16.8,,,,,,False,False,['D'],2,0.0,0.0,-0.9736178256750143,-0.8390594290314101,-0.9690239162673191,-0.7405512139369046,-0.6194488057366755,-0.34202739709864877,-0.9790924120378305,-0.544774682906941,-1.0856463238879717,0.0,,,,,-7.093242006578716,,,,,395
Carlile,Declan Carlile,TBL,Tampa Bay Lightning,D,14.0,6.0,6.0,0.0,0.0,0.0,72.0,12.0,36.0,0.0,90.0,,,,,declancarlile,,6.0,6.0,12.0,36.0,0.0,0.0,72.0,0.0,90.0,,,,,,False,False,['D'],3,0.0,0.0,-0.48990707800333605,-0.8165523683624503,0.598771698585672,-0.08299268917114892,-0.6194488057366755,-0.34202739709864877,-0.7256126768648808,-0.544774682906941,-0.11021578309384028,0.0,,,,,-3.1327597826522497,,,,,396
Regenda,Pavol Regenda,SJS,San Jose Sharks,L,2.0,84.0,0.0,84.0,0.0,0.0,168.0,-84.0,0.0,42.0,126.0,,,,,pavolregenda,,84.0,0.0,-84.0,0.0,84.0,0.0,168.0,42.0,126.0,,,,,,False,False,[],2,0.0,0.0,5.798332641728481,-1.1541582783968467,-3.163937777061507,-1.0375131283472458,6.974069085748416,-0.34202739709864877,0.7952657341728172,-0.3433320528031337,0.3695041550016342,0.0,,,,,7.896202982943967,,,,,397
McGing,Hugh McGing,STL,St. Louis Blues,L,3.0,28.0,28.0,0.0,0.0,0.0,112.0,0.0,0.0,112.0,0.0,,,,,hughmcging,,28.0,28.0,0.0,0.0,0.0,0.0,112.0,112.0,0.0,,,,,,False,False,[],2,0.0,0.0,1.2836989967928174,0.421335968430337,0.12843301412977468,-1.0375131283472458,-0.6194488057366755,-0.34202739709864877,-0.09191333893250665,-0.0075943359634550135,-1.3095156283325264,0.0,,,,,-1.574544655058129,,,,,398
Warren,Marshall Warren,NYI,New York Islanders,D,3.0,0.0,56.0,0.0,0.0,0.0,28.0,28.0,112.0,0.0,84.0,,,,,marshallwarren,,0.0,56.0,28.0,112.0,0.0,0.0,28.0,0.0,84.0,,,,,,False,False,['D'],3,0.0,0.0,-0.9736178256750143,1.9968302152575208,1.2258899445268687,1.932106015756167,-0.6194488057366755,-0.34202739709864877,-1.4226819485904925,-0.544774682906941,-0.19016910610975268,0.0,,,,,1.0621064094230324,,,,,399
Stenberg,Otto Stenberg,STL,St. Louis Blues,C,3.0,0.0,56.0,0.0,0.0,0.0,28.0,56.0,0.0,28.0,112.0,,,,,ottostenberg,,0.0,56.0,56.0,0.0,0.0,0.0,28.0,28.0,112.0,,,,,,False,False,['C'],2,0.0,0.0,-0.9736178256750143,1.9968302152575208,2.3233468749239625,-1.0375131283472458,-0.6194488057366755,-0.34202739709864877,-1.4226819485904925,-0.4104795961710695,0.18294640129783857,0.0,,,,,-0.3026452101398249,,,,,400
Fabbri,Robby Fabbri,STL,St. Louis Blues,C,5.0,0.0,33.6,0.0,0.0,0.0,100.8,-16.8,100.8,0.0,151.20000000000002,,,,,robbyfabbri,,0.0,33.6,-16.8,100.8,0.0,0.0,100.8,0.0,151.20000000000002,,,,,,False,False,['C'],2,0.0,0.0,-0.9736178256750143,0.7364348177957738,-0.5300411441084817,1.6351441013458254,-0.6194488057366755,-0.34202739709864877,-0.2693491535535715,-0.544774682906941,0.7053081116684665,0.0,,,,,-0.202371978269267,,,,,401
Harris,Jordan Harris,BOS,Boston Bruins,D,5.0,16.8,16.8,0.0,0.0,0.0,151.20000000000002,0.0,0.0,0.0,67.2,,,,,jordanharris,,16.8,16.8,0.0,0.0,0.0,0.0,151.20000000000002,0.0,67.2,,,,,,False,False,['D'],2,0.0,0.0,0.3807722678056848,-0.20886173030053645,0.12843301412977468,-1.0375131283472458,-0.6194488057366755,-0.34202739709864877,0.5291120122412203,-0.544774682906941,-0.4140384105543074,0.0,,,,,-2.1283468607676754,,,,,402
Guhle,Kaiden Guhle,MTL,Montréal Canadiens,D,5.0,16.8,16.8,0.0,0.0,1.0,117.6,16.8,117.6,0.0,268.8,,,,,kaidenguhle,,16.8,16.8,16.8,117.6,0.0,0.0,117.6,0.0,268.8,,,,,,False,False,['D'],2,0.0,0.0,0.3807722678056848,-0.20886173030053645,0.786907172368031,2.0805869729613375,-0.6194488057366755,-0.34202739709864877,-0.003195431621974355,-0.544774682906941,2.2723932427803497,0.0,,,,,3.8023516082506275,,,,,403
Kapanen,Kasperi Kapanen,EDM,Edmonton Oilers,R,6.0,0.0,28.0,0.0,0.0,0.0,56.0,-28.0,0.0,0.0,224.0,,,,,kasperikapanen,,0.0,28.0,-28.0,0.0,0.0,0.0,56.0,0.0,224.0,,,,,,False,False,[],2,0.0,0.0,-0.9736178256750143,0.421335968430337,-0.9690239162673191,-1.0375131283472458,-0.6194488057366755,-0.34202739709864877,-0.9790924120378305,-0.544774682906941,1.6754084309282036,0.0,,,,,-3.3687537687111346,,,,,404
Lycksell,Olle Lycksell,OTT,Ottawa Senators,R,7.0,12.0,12.0,0.0,0.0,1.0,84.0,-24.0,0.0,0.0,48.0,,,,,ollelycksell,,12.0,12.0,-24.0,0.0,0.0,0.0,84.0,0.0,48.0,,,,,,False,False,[],2,0.0,0.0,-0.0061963303316578565,-0.4789464583280537,-0.81224435478202,-1.0375131283472458,-0.6194488057366755,-0.34202739709864877,-0.5355028754851686,-0.544774682906941,-0.6698890442052271,0.0,,,,,-5.046543077221639,,,,,405
Nadeau,Bradly Nadeau,CAR,Carolina Hurricanes,L,7.0,24.0,0.0,12.0,0.0,0.0,96.0,-12.0,0.0,0.0,96.0,,,,,bradlynadeau,,24.0,0.0,-12.0,0.0,12.0,0.0,96.0,0.0,96.0,,,,,,False,False,[],2,0.0,0.0,0.9612251650116985,-1.1541582783968467,-0.3419056703261227,-1.0375131283472458,0.4653394644754805,-0.34202739709864877,-0.34539307410545633,-0.544774682906941,-0.030262460077927867,0.0,,,,,-2.36947006177201,,,,,406
Tanev,Chris Tanev,TOR,Toronto Maple Leafs,D,8.0,0.0,21.0,0.0,0.0,0.0,63.0,52.5,0.0,0.0,21.0,,,,,christanev,,0.0,21.0,52.5,0.0,0.0,0.0,63.0,0.0,21.0,,,,,,False,False,['D'],3,0.0,0.0,-0.9736178256750143,0.027462406723541066,2.186164758624326,-1.0375131283472458,-0.6194488057366755,-0.34202739709864877,-0.868195027899665,-0.544774682906941,-1.029678997776833,0.0,,,,,-3.2016287000931563,,Chris Tanev,Better Safe Than Sorokin,Harley Pesner,407
Lekkerimäki,Jonathan Lekkerimaki,VAN,Vancouver Canucks,R,8.0,10.5,10.5,0.0,0.0,0.0,42.0,0.0,0.0,0.0,63.0,,,,,jonathanlekkerimaki,,10.5,10.5,0.0,0.0,0.0,0.0,42.0,0.0,63.0,,,,,,False,False,[],2,0.0,0.0,-0.12712401724957742,-0.5633479358366529,0.12843301412977468,-1.0375131283472458,-0.6194488057366755,-0.34202739709864877,-1.2008871803141614,-0.544774682906941,-0.4700057366654461,0.0,,,,,-4.776695870025574,,,,,408
Legault,Charles Alexis Legault,CAR,Carolina Hurricanes,D,8.0,10.5,10.5,0.0,0.0,0.0,105.0,42.0,105.0,0.0,94.5,,,,,charlesalexislegault,,10.5,10.5,42.0,105.0,0.0,0.0,105.0,0.0,94.5,,,,,,False,False,['D'],2,0.0,0.0,-0.12712401724957742,-0.5633479358366529,1.7746184097254156,1.7465048192497037,-0.6194488057366755,-0.34202739709864877,-0.20281072307067213,-0.544774682906941,-0.05025079083190597,0.0,,,,,1.0713388762440452,,,,,409
Schwindt,Cole Schwindt,FLA,Florida Panthers,R,10.0,16.8,0.0,0.0,0.0,0.0,58.8,0.0,0.0,226.8,75.60000000000001,,,,,coleschwindt,,16.8,0.0,0.0,0.0,0.0,0.0,58.8,226.8,75.60000000000001,,,,,,False,False,[],2,0.0,0.0,0.3807722678056848,-1.1541582783968467,0.12843301412977468,-1.0375131283472458,-0.6194488057366755,-0.34202739709864877,-0.9347334583825644,0.5430155196536182,-0.30210375833202996,0.0,,,,,-3.337764024704933,,,,,410
Gatcomb,Marc Gatcomb,NYI,New York Islanders,C,10.0,8.4,8.4,0.0,0.0,0.0,126.0,8.4,16.8,0.0,453.6,,,,,marcgatcomb,,8.4,8.4,8.4,16.8,0.0,0.0,126.0,0.0,453.6,,,,,,False,False,['C'],3,0.0,0.0,-0.29642277893466473,-0.6815100043486916,0.45767009324890284,-0.592070256731734,-0.6194488057366755,-0.34202739709864877,0.12988142934382432,-0.544774682906941,4.734955591670452,0.0,,,,,2.2462531885058237,,,,,411
McGroarty,Rutger McGroarty,PIT,Pittsburgh Penguins,R,11.0,7.636363636363637,7.636363636363637,0.0,0.0,0.0,175.63636363636363,-22.909090909090907,0.0,7.636363636363637,99.27272727272728,,,,,rutgermcgroarty,,7.636363636363637,7.636363636363637,-22.909090909090907,0.0,0.0,0.0,175.63636363636363,7.636363636363637,99.27272727272728,,,,,,False,False,[],2,0.0,0.0,-0.3579859650019693,-0.7244780292621603,-0.7694862925587564,-1.0375131283472458,-0.6194488057366755,-0.34202739709864877,0.9162446986871794,-0.5081487501607942,0.013348443385297186,0.0,,,,,-3.429495226093774,,,,,412
Smith,Brendan Smith,CBJ,Columbus Blue Jackets,D,12.0,0.0,14.0,0.0,0.0,0.0,70.0,-7.0,77.0,0.0,77.0,,,,,brendansmith,,0.0,14.0,-7.0,77.0,0.0,0.0,70.0,0.0,77.0,,,,,,False,False,['D'],2,0.0,0.0,-0.9736178256750143,-0.3664111549832549,-0.14593121846949877,1.0041000332238503,-0.6194488057366755,-0.34202739709864877,-0.7572976437614996,-0.544774682906941,-0.2834479829616505,0.0,,,,,-3.0288566783693334,,,,,413
Hunt,Daemon Hunt,MIN,Minnesota Wild,D,12.0,0.0,14.0,0.0,0.0,0.0,21.0,21.0,28.0,0.0,77.0,,,,,daemonhunt,,0.0,14.0,21.0,28.0,0.0,0.0,21.0,0.0,77.0,,,,,,False,False,['D'],2,0.0,0.0,-0.9736178256750143,-0.3664111549832549,0.9515257119275952,-0.2951083423213927,-0.6194488057366755,-0.34202739709864877,-1.533579332728658,-0.544774682906941,-0.2834479829616505,0.0,,,,,-4.006889812484641,,,,,414
Sebrango,Donovan Sebrango,FLA,Florida Panthers,D,12.0,0.0,14.0,0.0,0.0,0.0,56.0,0.0,98.0,0.0,126.0,,,,,donovansebrango,,0.0,14.0,0.0,98.0,0.0,0.0,56.0,0.0,126.0,,,,,,False,False,['D'],2,0.0,0.0,-0.9736178256750143,-0.3664111549832549,0.12843301412977468,1.5609036227432402,-0.6194488057366755,-0.34202739709864877,-0.9790924120378305,-0.544774682906941,0.3695041550016342,0.0,,,,,-1.766531486563716,,,,,415
Heinen,Danton Heinen,PIT,Pittsburgh Penguins,L,13.0,6.461538461538462,6.461538461538462,0.0,0.0,0.0,90.46153846153845,6.461538461538462,51.69230769230769,32.30769230769231,103.38461538461539,,,,,dantonheinen,,6.461538461538462,6.461538461538462,6.461538461538462,51.69230769230769,0.0,0.0,90.46153846153845,32.30769230769231,103.38461538461539,,,,,,False,False,[],2,0.0,0.0,-0.4526985589516685,-0.790582682975189,0.3816923057598733,0.3330803227774062,-0.6194488057366755,-0.34202739709864877,-0.43313605935763133,-0.38981881359632004,0.0681416297878105,0.0,,,,,-2.244798059391043,,,,,416
Morrow,Scott Morrow,NYR,New York Rangers,D,13.0,0.0,12.923076923076923,6.461538461538462,0.0,0.0,90.46153846153845,-12.923076923076923,12.923076923076923,0.0,25.846153846153847,,,,,scottmorrow,,0.0,12.923076923076923,-12.923076923076923,12.923076923076923,6.461538461538462,0.0,90.46153846153845,0.0,25.846153846153847,,,,,,False,False,['D'],2,0.0,0.0,-0.9736178256750143,-0.4270070875535312,-0.3780855691304225,-0.6948647655660829,-0.03533204485320684,-0.34202739709864877,-0.43313605935763133,-0.544774682906941,-0.9651013138024422,0.0,,,,,-4.793946745943921,,,,,417
Fisker Molgaard,Oscar Fisker Molgaard,SEA,Seattle Kraken,C,2.0,0.0,42.0,0.0,0.0,0.0,42.0,42.0,0.0,210.0,42.0,,,,,oscarfiskermolgaard,,0.0,42.0,42.0,0.0,0.0,0.0,42.0,210.0,42.0,,,,,,False,False,['C'],3,0.0,0.0,-0.9736178256750143,1.2090830918439288,1.7746184097254156,-1.0375131283472458,-0.6194488057366755,-0.34202739709864877,-1.2008871803141614,0.4624384676120952,-0.7498423672211395,0.0,,,,,-1.4771967352114457,,,,,418
Toninato,Dominic Toninato,CHI,Chicago Blackhawks,C,3.0,0.0,28.0,0.0,0.0,0.0,84.0,28.0,112.0,168.0,280.0,,,,,dominictoninato,,0.0,28.0,28.0,112.0,0.0,0.0,84.0,168.0,280.0,,,,,,False,False,['C'],3,0.0,0.0,-0.9736178256750143,0.421335968430337,1.2258899445268687,1.932106015756167,-0.6194488057366755,-0.34202739709864877,-0.5355028754851686,0.260995837508288,2.421639445743386,0.0,,,,,3.7913703079695398,,,,,419
Giles,Patrick Giles,SJS,San Jose Sharks,R,3.0,0.0,28.0,0.0,0.0,0.0,56.0,28.0,0.0,252.0,84.0,,,,,patrickgiles,,0.0,28.0,28.0,0.0,0.0,0.0,56.0,252.0,84.0,,,,,,False,False,[],2,0.0,0.0,-0.9736178256750143,0.421335968430337,1.2258899445268687,-1.0375131283472458,-0.6194488057366755,-0.34202739709864877,-0.9790924120378305,0.6638810977159025,-0.19016910610975268,0.0,,,,,-1.8307616643320594,,,,,420
Ivan,Ivan Ivan,COL,Colorado Avalanche,C,3.0,0.0,28.0,0.0,0.0,0.0,84.0,28.0,0.0,0.0,28.0,,,,,ivanivan,,0.0,28.0,28.0,0.0,0.0,0.0,84.0,0.0,28.0,,,,,,False,False,['C'],2,0.0,0.0,-0.9736178256750143,0.421335968430337,1.2258899445268687,-1.0375131283472458,-0.6194488057366755,-0.34202739709864877,-0.5355028754851686,-0.544774682906941,-0.9364001209249352,0.0,,,,,-3.3420589232174236,,,,,421
Tomasino,Philip Tomasino,PIT,Pittsburgh Penguins,R,9.0,0.0,9.333333333333332,0.0,0.0,0.0,84.0,-18.666666666666664,0.0,18.666666666666664,102.66666666666667,,,,,philiptomasino,,0.0,9.333333333333332,-18.666666666666664,0.0,0.0,0.0,84.0,18.666666666666664,102.66666666666667,,,,,,False,False,[],2,0.0,0.0,-0.9736178256750143,-0.6289935294544522,-0.6032049394682878,-1.0375131283472458,-0.6194488057366755,-0.34202739709864877,-0.5355028754851686,-0.45524462508302665,0.058574565495308206,0.0,,,,,-5.136978560853211,,,,,422
Beck,Owen Beck,MTL,Montréal Canadiens,C,9.0,9.333333333333332,0.0,0.0,0.0,0.0,74.66666666666666,37.33333333333333,37.33333333333333,317.3333333333333,168.0,,,,,owenbeck,,9.333333333333332,0.0,37.33333333333333,37.33333333333333,0.0,0.0,74.66666666666666,317.3333333333333,168.0,,,,,,False,False,['C'],2,0.0,0.0,-0.22117888485240383,-1.1541582783968467,1.5917089213258997,-0.047640080312775085,-0.6194488057366755,-0.34202739709864877,-0.683366054336056,0.9772363000996026,0.9291774161130211,0.0,,,,,0.43030313680511745,,,,,423
Halonen,Brian Halonen,NJD,New Jersey Devils,L,9.0,9.333333333333332,0.0,0.0,0.0,1.0,37.33333333333333,-9.333333333333332,46.66666666666667,0.0,168.0,,,,,brianhalonen,,9.333333333333332,0.0,-9.333333333333332,46.66666666666667,0.0,0.0,37.33333333333333,0.0,168.0,,,,,,False,False,[],2,0.0,0.0,-0.22117888485240383,-1.1541582783968467,-0.23738596266925657,0.1998281816958429,-0.6194488057366755,-0.34202739709864877,-1.2748187697396052,-0.544774682906941,0.9291774161130211,0.0,,,,,-3.264787183591513,,,,,424
Mitchell,Travis Mitchell,NYI,New York Islanders,D,9.0,9.333333333333332,0.0,0.0,0.0,0.0,37.33333333333333,0.0,56.0,0.0,121.33333333333333,,,,,travismitchell,,9.333333333333332,0.0,0.0,56.0,0.0,0.0,37.33333333333333,0.0,121.33333333333333,,,,,,False,False,['D'],3,0.0,0.0,-0.22117888485240383,-1.1541582783968467,0.12843301412977468,0.4472964437044605,-0.6194488057366755,-0.34202739709864877,-1.2748187697396052,-0.544774682906941,0.30731823710036893,0.0,,,,,-3.273359123796517,,,,,425
Brandsegg-Nygård,Michael Brandsegg-Nygard,DET,Detroit Red Wings,R,9.0,0.0,9.333333333333332,0.0,0.0,0.0,130.66666666666666,-46.66666666666667,18.666666666666664,0.0,261.3333333333333,,,,,michaelbrandseggnygard,,0.0,9.333333333333332,-46.66666666666667,18.666666666666664,0.0,0.0,130.66666666666666,0.0,261.3333333333333,,,,,,False,False,[],3,0.0,0.0,-0.9736178256750143,-0.6289935294544522,-1.700661869865382,-0.5425766043300104,-0.6194488057366755,-0.34202739709864877,0.2038130187692678,-0.544774682906941,2.172895774138325,0.0,,,,,-2.9753919221595315,,,,,426
Brunicke,Harrison Brunicke,PIT,Pittsburgh Penguins,D,9.0,9.333333333333332,0.0,0.0,0.0,0.0,74.66666666666666,-37.33333333333333,56.0,0.0,37.33333333333333,,,,,harrisonbrunicke,,9.333333333333332,0.0,-37.33333333333333,56.0,0.0,0.0,74.66666666666666,0.0,37.33333333333333,,,,,,False,False,['D'],2,0.0,0.0,-0.22117888485240383,-1.1541582783968467,-1.3348428930663503,0.4472964437044605,-0.6194488057366755,-0.34202739709864877,-0.683366054336056,-0.544774682906941,-0.8120282851224048,0.0,,,,,-5.264528837811866,,,,,427
Koppanen,Joona Koppanen,PIT,Pittsburgh Penguins,L,10.0,0.0,8.4,0.0,0.0,0.0,50.4,-8.4,16.8,100.8,75.60000000000001,,,,,joonakoppanen,,0.0,8.4,-8.4,16.8,0.0,0.0,50.4,100.8,75.60000000000001,,,,,,False,False,[],2,0.0,0.0,-0.9736178256750143,-0.6815100043486916,-0.2008040649893535,-0.592070256731734,-0.6194488057366755,-0.34202739709864877,-1.067810319348363,-0.06131237065780362,-0.30210375833202996,0.0,,,,,-4.840704802918315,,,,,428
Slaggert,Landon Slaggert,CHI,Chicago Blackhawks,L,10.0,8.4,0.0,0.0,0.0,0.0,42.0,0.0,100.8,0.0,134.4,,,,,landonslaggert,,8.4,0.0,0.0,100.8,0.0,0.0,42.0,0.0,134.4,,,,,,False,False,[],3,0.0,0.0,-0.29642277893466473,-1.1541582783968467,0.12843301412977468,1.6351441013458254,-0.6194488057366755,-0.34202739709864877,-1.2008871803141614,-0.544774682906941,0.48143880722391164,0.0,,,,,-1.9127032006884264,,,,,429
Davidson,Jared Davidson,MTL,Montréal Canadiens,C,10.0,0.0,8.4,0.0,0.0,0.0,75.60000000000001,-33.6,84.0,0.0,151.20000000000002,,,,,jareddavidson,,0.0,8.4,-33.6,84.0,0.0,0.0,75.60000000000001,0.0,151.20000000000002,,,,,,False,False,['C'],2,0.0,0.0,-0.9736178256750143,-0.6815100043486916,-1.1885153023467379,1.1897012297303138,-0.6194488057366755,-0.34202739709864877,-0.668579736450967,-0.544774682906941,0.7053081116684665,0.0,,,,,-3.123464413164896,,,,,430
Mermis,Dakota Mermis,TOR,Toronto Maple Leafs,D,11.0,7.636363636363637,0.0,0.0,0.0,0.0,38.18181818181818,-22.909090909090907,84.0,0.0,61.09090909090909,,,,,dakotamermis,,7.636363636363637,0.0,-22.909090909090907,84.0,0.0,0.0,38.18181818181818,0.0,61.09090909090909,,,,,,False,False,['D'],3,0.0,0.0,-0.3579859650019693,-1.1541582783968467,-0.7694862925587564,1.1897012297303138,-0.6194488057366755,-0.34202739709864877,-1.2613766625713427,-0.544774682906941,-0.4954454303523273,0.0,,,,,-4.355002284893194,,,,,431
Joseph,Pierre-Olivier Joseph,VAN,Vancouver Canucks,D,11.0,0.0,7.636363636363637,0.0,0.0,0.0,76.36363636363636,-30.545454545454547,15.272727272727273,0.0,30.545454545454547,,,,,pierreolivierjoseph,,0.0,7.636363636363637,-30.545454545454547,15.272727272727273,0.0,0.0,76.36363636363636,0.0,30.545454545454547,,,,,,False,False,['D'],2,0.0,0.0,-0.9736178256750143,-0.7244780292621603,-1.0687927281216005,-0.632565063242235,-0.6194488057366755,-0.34202739709864877,-0.6564818399995309,-0.544774682906941,-0.9024805293424268,0.0,,,,,-6.4646669013852325,,,,,432
Ford,Parker Ford,WPG,Winnipeg Jets,C,11.0,0.0,7.636363636363637,0.0,0.0,0.0,53.45454545454545,-15.272727272727273,30.545454545454547,221.45454545454544,152.72727272727272,,,,,parkerford,,0.0,7.636363636363637,-15.272727272727273,30.545454545454547,0.0,0.0,53.45454545454545,221.45454545454544,152.72727272727272,,,,,,False,False,['C'],1,0.0,0.0,-0.9736178256750143,-0.7244780292621603,-0.4701798569959129,-0.2276169981372242,-0.6194488057366755,-0.34202739709864877,-1.019418733542618,0.5173773667313153,0.7256598666179712,0.0,,,,,-3.1337504130989675,,,,,433
Parekh,Zayne Parekh,CGY,Calgary Flames,D,11.0,0.0,7.636363636363637,7.636363636363637,0.0,0.0,84.0,0.0,0.0,0.0,38.18181818181818,,,,,zayneparekh,,0.0,7.636363636363637,0.0,0.0,7.636363636363637,0.0,84.0,0.0,38.18181818181818,,,,,,False,False,['D'],2,0.0,0.0,-0.9736178256750143,-0.7244780292621603,0.12843301412977468,-1.0375131283472458,0.07087100258015111,-0.34202739709864877,-0.5355028754851686,-0.544774682906941,-0.800721754594902,0.0,,,,,-4.759331676660156,,,,,434
Boqvist,Adam Boqvist,NYI,New York Islanders,D,12.0,0.0,7.0,0.0,0.0,0.0,35.0,-7.0,14.0,0.0,28.0,,,,,adamboqvist,,0.0,7.0,-7.0,14.0,0.0,0.0,35.0,0.0,28.0,,,,,,False,False,['D'],3,0.0,0.0,-0.9736178256750143,-0.7602847166900508,-0.14593121846949877,-0.6663107353343193,-0.6194488057366755,-0.34202739709864877,-1.311784564452327,-0.544774682906941,-0.9364001209249352,0.0,,,,,-6.3005800672884105,,,,,435
Iorio,Vincent Iorio,SJS,San Jose Sharks,D,12.0,0.0,7.0,0.0,0.0,0.0,28.0,-35.0,42.0,0.0,63.0,,,,,vincentiorio,,0.0,7.0,-35.0,42.0,0.0,0.0,28.0,0.0,63.0,,,,,,False,False,['D'],2,0.0,0.0,-0.9736178256750143,-0.7602847166900508,-1.2433881488665925,0.07609405069153391,-0.6194488057366755,-0.34202739709864877,-1.4226819485904925,-0.544774682906941,-0.4700057366654461,0.0,,,,,-6.300135211538328,,,,,436
Del Bel Belluz,Luca Del Bel Belluz,CBJ,Columbus Blue Jackets,C,12.0,0.0,7.0,0.0,0.0,0.0,77.0,-7.0,28.0,147.0,14.0,,,,,lucadelbelbelluz,,0.0,7.0,-7.0,28.0,0.0,0.0,77.0,147.0,14.0,,,,,,False,False,['C'],2,0.0,0.0,-0.9736178256750143,-0.7602847166900508,-0.14593121846949877,-0.2951083423213927,-0.6194488057366755,-0.34202739709864877,-0.646400259623334,0.16027452245638435,-1.1229578746287308,0.0,,,,,-4.745501917786961,,,,,437
Zamula,Egor Zamula,PHI,Philadelphia Flyers,D,13.0,0.0,6.461538461538462,0.0,0.0,0.0,58.15384615384615,25.846153846153847,25.846153846153847,0.0,12.923076923076923,,,,,egorzamula,,0.0,6.461538461538462,25.846153846153847,25.846153846153847,0.0,0.0,58.15384615384615,0.0,12.923076923076923,,,,,,False,False,['D'],3,0.0,0.0,-0.9736178256750143,-0.790582682975189,1.141470180650169,-0.35221640278491984,-0.6194488057366755,-0.34202739709864877,-0.944970139995318,-0.544774682906941,-1.1373084710674843,0.0,,,,,-4.563476227590021,,,,,438
Rempe,Matt Rempe,NYR,New York Rangers,C,13.0,6.461538461538462,0.0,0.0,0.0,0.0,64.61538461538461,-6.461538461538462,45.230769230769226,12.923076923076923,284.3076923076923,,,,,mattrempe,,6.461538461538462,0.0,-6.461538461538462,45.230769230769226,0.0,0.0,64.61538461538461,12.923076923076923,284.3076923076923,,,,,,False,False,['C'],2,0.0,0.0,-0.4526985589516685,-1.1541582783968467,-0.1248262775003239,0.16175614138682454,-0.6194488057366755,-0.34202739709864877,-0.8426033238677807,-0.48279233518269266,2.4790418314984004,0.0,,,,,-1.3777570038494122,,,,,439
MacDermid,Kurtis MacDermid,OTT,Ottawa Senators,L,14.0,0.0,6.0,0.0,0.0,0.0,12.0,-12.0,168.0,0.0,78.0,,,,,kurtismacdermid,,0.0,6.0,-12.0,168.0,0.0,0.0,12.0,0.0,78.0,,,,,,False,False,[],2,0.0,0.0,-0.9736178256750143,-0.8165523683624503,-0.3419056703261227,3.4169155878078734,-0.6194488057366755,-0.34202739709864877,-1.676161683763442,-0.544774682906941,-0.2701224291256651,0.0,,,,,-2.167695275187086,,,,,440
Lafferty,Sam Lafferty,CHI,Chicago Blackhawks,C,14.0,6.0,0.0,0.0,0.0,0.0,12.0,6.0,84.0,30.0,84.0,,,,,samlafferty,,6.0,0.0,6.0,84.0,0.0,0.0,12.0,30.0,84.0,,,,,,False,False,['C'],3,0.0,0.0,-0.48990707800333605,-1.1541582783968467,0.36360235635772337,1.1897012297303138,-0.6194488057366755,-0.34202739709864877,-1.676161683763442,-0.4008870899756501,-0.19016910610975268,0.0,,,,,-3.319455852996315,,,,,441
Ostapchuk,Zack Ostapchuk,SJS,San Jose Sharks,C,14.0,0.0,6.0,0.0,0.0,0.0,48.0,-12.0,12.0,330.0,228.0,,,,,zackostapchuk,,0.0,6.0,-12.0,12.0,0.0,0.0,48.0,330.0,228.0,,,,,,False,False,['C'],2,0.0,0.0,-0.9736178256750143,-0.8165523683624503,-0.3419056703261227,-0.7193396486218803,-0.6194488057366755,-0.34202739709864877,-1.1058322796243054,1.037988839337259,1.728710646272145,0.0,,,,,-2.152024509835693,,,,,442
Kirkland,Justin Kirkland,CGY,Calgary Flames,C,9.0,0.0,9.333333333333332,0.0,0.0,0.0,46.66666666666667,-9.333333333333332,0.0,336.0,121.33333333333333,,,,,justinkirkland,,0.0,9.333333333333332,-9.333333333333332,0.0,0.0,0.0,46.66666666666667,336.0,121.33333333333333,,,,,,False,False,['C'],2,0.0,0.0,-0.9736178256750143,-0.6289935294544522,-0.23738596266925657,-1.0375131283472458,-0.6194488057366755,-0.34202739709864877,-1.1269555908887177,1.066766357923517,0.30731823710036893,0.0,,,,,-3.591857644846125,,,,,443
Soderstrom,Victor Soderstrom,BOS,Boston Bruins,D,8.0,0.0,10.5,0.0,0.0,0.0,84.0,31.5,0.0,0.0,10.5,,,,,victorsoderstrom,,0.0,10.5,31.5,0.0,0.0,0.0,84.0,0.0,10.5,,,,,,False,False,['D'],2,0.0,0.0,-0.9736178256750143,-0.5633479358366529,1.3630720608265054,-1.0375131283472458,-0.6194488057366755,-0.34202739709864877,-0.5355028754851686,-0.544774682906941,-1.1695973130546797,0.0,,,,,-4.422757903314521,,,,,444
Crookshank,Angus Crookshank,NJD,New Jersey Devils,C,8.0,10.5,0.0,0.0,0.0,0.0,42.0,10.5,42.0,10.5,52.5,,,,,anguscrookshank,,10.5,0.0,10.5,42.0,0.0,0.0,42.0,10.5,52.5,,,,,,False,False,['C'],2,0.0,0.0,-0.12712401724957742,-1.1541582783968467,0.5399793630286849,0.07609405069153391,-0.6194488057366755,-0.34202739709864877,-1.2008871803141614,-0.49441402538098916,-0.6099240519432928,0.0,,,,,-3.931910342399973,,,,,445
Gridin,Matvei Gridin,CGY,Calgary Flames,R,4.0,21.0,0.0,0.0,0.0,0.0,189.0,-63.0,0.0,0.0,21.0,,,,,matveigridin,,21.0,0.0,-63.0,0.0,0.0,0.0,189.0,0.0,21.0,,,,,,False,False,[],2,0.0,0.0,0.7193697911758594,-1.1541582783968467,-2.3408450792636866,-1.0375131283472458,-0.6194488057366755,-0.34202739709864877,1.1279578865873137,-0.544774682906941,-1.029678997776833,0.0,,,,,-5.221118691763705,,,,,446
Martin,Brady Martin,NSH,Nashville Predators,C,3.0,0.0,28.0,0.0,0.0,0.0,56.0,0.0,0.0,140.0,0.0,,,,,bradymartin,,0.0,28.0,0.0,0.0,0.0,0.0,56.0,140.0,0.0,,,,,,False,False,['C'],2,0.0,0.0,-0.9736178256750143,0.421335968430337,0.12843301412977468,-1.0375131283472458,-0.6194488057366755,-0.34202739709864877,-0.9790924120378305,0.1267007507724165,-1.3095156283325264,0.0,,,,,-4.5847454638954135,,,,,447
Hutson,Quinn Hutson,EDM,Edmonton Oilers,R,3.0,28.0,0.0,0.0,0.0,1.0,84.0,0.0,0.0,0.0,0.0,,,,,quinnhutson,,28.0,0.0,0.0,0.0,0.0,0.0,84.0,0.0,0.0,,,,,,False,False,[],2,0.0,0.0,1.2836989967928174,-1.1541582783968467,0.12843301412977468,-1.0375131283472458,-0.6194488057366755,-0.34202739709864877,-0.5355028754851686,-0.544774682906941,-1.3095156283325264,0.0,,,,,-4.130808785381461,,,,,448
Aube-Kubel,Nicolas Aube-Kubel,MIN,Minnesota Wild,R,4.0,0.0,21.0,0.0,0.0,0.0,84.0,21.0,126.0,0.0,84.0,,,,,nicolasaubekubel,,0.0,21.0,21.0,126.0,0.0,0.0,84.0,0.0,84.0,,,,,,False,False,[],2,0.0,0.0,-0.9736178256750143,0.027462406723541066,0.9515257119275952,2.3033084087690936,-0.6194488057366755,-0.34202739709864877,-0.5355028754851686,-0.544774682906941,-0.19016910610975268,0.0,,,,,0.07675583440802913,,,,,449
Tufte,Riley Tufte,BOS,Boston Bruins,L,4.0,21.0,0.0,21.0,0.0,0.0,84.0,-21.0,0.0,0.0,147.0,,,,,rileytufte,,21.0,0.0,-21.0,0.0,21.0,0.0,84.0,0.0,147.0,,,,,,False,False,[],2,0.0,0.0,0.7193697911758594,-1.1541582783968467,-0.6946596836680456,-1.0375131283472458,1.2789306671345977,-0.34202739709864877,-0.5355028754851686,-0.544774682906941,0.6493407855573277,0.0,,,,,-1.6609948020351122,,,,,450
Jones,Max Jones,EDM,Edmonton Oilers,L,4.0,0.0,21.0,0.0,0.0,0.0,126.0,21.0,0.0,0.0,231.0,,,,,maxjones,,0.0,21.0,21.0,0.0,0.0,0.0,126.0,0.0,231.0,,,,,,False,False,[],2,0.0,0.0,-0.9736178256750143,0.027462406723541066,0.9515257119275952,-1.0375131283472458,-0.6194488057366755,-0.34202739709864877,0.12988142934382432,-0.544774682906941,1.7686873077801013,0.0,,,,,-0.6398249839894636,,,,,451
Fleury,Cale Fleury,SEA,Seattle Kraken,D,4.0,0.0,21.0,0.0,0.0,0.0,63.0,0.0,105.0,0.0,126.0,,,,,calefleury,,0.0,21.0,0.0,105.0,0.0,0.0,63.0,0.0,126.0,,,,,,False,False,['D'],3,0.0,0.0,-0.9736178256750143,0.027462406723541066,0.12843301412977468,1.7465048192497037,-0.6194488057366755,-0.34202739709864877,-0.868195027899665,-0.544774682906941,0.3695041550016342,0.0,,,,,-1.0761593442122908,,,,,452
Nielsen,Tristen Nielsen,COL,Colorado Avalanche,C,4.0,0.0,21.0,0.0,0.0,0.0,63.0,21.0,0.0,0.0,189.0,,,,,tristennielsen,,0.0,21.0,21.0,0.0,0.0,0.0,63.0,0.0,189.0,,,,,,False,False,['C'],2,0.0,0.0,-0.9736178256750143,0.027462406723541066,0.9515257119275952,-1.0375131283472458,-0.6194488057366755,-0.34202739709864877,-0.868195027899665,-0.544774682906941,1.2090140466687145,0.0,,,,,-2.19757470234434,,,,,453
Lambert,Brad Lambert,WPG,Winnipeg Jets,C,4.0,21.0,0.0,0.0,0.0,0.0,63.0,-21.0,42.0,0.0,63.0,,,,,bradlambert,,21.0,0.0,-21.0,42.0,0.0,0.0,63.0,0.0,63.0,,,,,,False,False,['C'],1,0.0,0.0,0.7193697911758594,-1.1541582783968467,-0.6946596836680456,0.07609405069153391,-0.6194488057366755,-0.34202739709864877,-0.868195027899665,-0.544774682906941,-0.4700057366654461,0.0,,,,,-3.8978057705048754,,,,,454
Lardis,Nick Lardis,CHI,Chicago Blackhawks,L,4.0,21.0,0.0,0.0,0.0,0.0,84.0,-21.0,0.0,0.0,147.0,,,,,nicklardis,,21.0,0.0,-21.0,0.0,0.0,0.0,84.0,0.0,147.0,,,,,,False,False,[],3,0.0,0.0,0.7193697911758594,-1.1541582783968467,-0.6946596836680456,-1.0375131283472458,-0.6194488057366755,-0.34202739709864877,-0.5355028754851686,-0.544774682906941,0.6493407855573277,0.0,,,,,-3.5593742749063852,,,,,455
Laine,Patrik Laine,MTL,Montréal Canadiens,L,5.0,0.0,16.8,0.0,0.0,0.0,100.8,-50.4,33.6,33.6,33.6,,,,,patriklaine,,0.0,16.8,-50.4,33.6,0.0,0.0,100.8,33.6,33.6,,,,,,False,False,[],2,0.0,0.0,-0.9736178256750143,-0.20886173030053645,-1.8469894605849941,-0.146627385116222,-0.6194488057366755,-0.34202739709864877,-0.2693491535535715,-0.38362057882389516,-0.861777019443417,0.0,,,,,-5.652319356332974,,,,,456
Santini,Steven Santini,TBL,Tampa Bay Lightning,D,8.0,0.0,10.5,0.0,0.0,0.0,31.5,0.0,0.0,0.0,63.0,,,,,stevensantini,,0.0,10.5,0.0,0.0,0.0,0.0,31.5,0.0,63.0,,,,,,False,False,['D'],3,0.0,0.0,-0.9736178256750143,-0.5633479358366529,0.12843301412977468,-1.0375131283472458,-0.6194488057366755,-0.34202739709864877,-1.3672332565214096,-0.544774682906941,-0.4700057366654461,0.0,,,,,-5.789535754658259,,,,,457
Luff,Matt Luff,STL,St. Louis Blues,R,5.0,16.8,0.0,0.0,0.0,0.0,84.0,-33.6,0.0,0.0,134.4,,,,,mattluff,,16.8,0.0,-33.6,0.0,0.0,0.0,84.0,0.0,134.4,,,,,,False,False,[],2,0.0,0.0,0.3807722678056848,-1.1541582783968467,-1.1885153023467379,-1.0375131283472458,-0.6194488057366755,-0.34202739709864877,-0.5355028754851686,-0.544774682906941,0.48143880722391164,0.0,,,,,-4.559729395288668,,,,,458
Lamoureux,Maveric Lamoureux,UTA,Utah Mammoth,D,5.0,0.0,16.8,0.0,0.0,0.0,67.2,67.2,33.6,0.0,184.8,,,,,mavericlamoureux,,0.0,16.8,67.2,33.6,0.0,0.0,67.2,0.0,184.8,,,,,,False,False,['D'],1,0.0,0.0,-0.9736178256750143,-0.20886173030053645,2.7623296470828,-0.146627385116222,-0.6194488057366755,-0.34202739709864877,-0.8016565974167656,-0.544774682906941,1.1530467205575758,0.0,,,,,0.2783619433895719,,,,,459
Xhekaj,Florian Xhekaj,MTL,Montréal Canadiens,L,5.0,0.0,16.8,0.0,0.0,0.0,67.2,-16.8,117.6,0.0,151.20000000000002,,,,,florianxhekaj,,0.0,16.8,-16.8,117.6,0.0,0.0,67.2,0.0,151.20000000000002,,,,,,False,False,[],2,0.0,0.0,-0.9736178256750143,-0.20886173030053645,-0.5300411441084817,2.0805869729613375,-0.6194488057366755,-0.34202739709864877,-0.8016565974167656,-0.544774682906941,0.7053081116684665,0.0,,,,,-1.2345330986132597,,,,,460
Clattenburg,Connor Clattenburg,EDM,Edmonton Oilers,C,5.0,16.8,0.0,0.0,0.0,0.0,50.4,16.8,218.4,0.0,285.59999999999997,,,,,connorclattenburg,,16.8,0.0,16.8,218.4,0.0,0.0,50.4,0.0,285.59999999999997,,,,,,False,False,['C'],2,0.0,0.0,0.3807722678056848,-1.1541582783968467,0.786907172368031,4.753244202654409,-0.6194488057366755,-0.34202739709864877,-1.067810319348363,-0.544774682906941,2.496262547224904,0.0,,,,,4.688966706565553,,,,,461
Ahcan,Jack Ahcan,COL,Colorado Avalanche,D,6.0,0.0,14.0,0.0,0.0,0.0,28.0,56.0,0.0,0.0,70.0,,,,,jackahcan,,0.0,14.0,56.0,0.0,0.0,0.0,28.0,0.0,70.0,,,,,,False,False,['D'],2,0.0,0.0,-0.9736178256750143,-0.3664111549832549,2.3233468749239625,-1.0375131283472458,-0.6194488057366755,-0.34202739709864877,-1.4226819485904925,-0.544774682906941,-0.3767268598135483,0.0,,,,,-3.359854928227859,,,,,462
Cardwell,Ethan Cardwell,SJS,San Jose Sharks,R,6.0,14.0,0.0,0.0,0.0,1.0,70.0,14.0,28.0,0.0,126.0,,,,,ethancardwell,,14.0,0.0,14.0,28.0,0.0,0.0,70.0,0.0,126.0,,,,,,False,False,[],2,0.0,0.0,0.15504058555890154,-1.1541582783968467,0.6771614793283217,-0.2951083423213927,-0.6194488057366755,-0.34202739709864877,-0.7572976437614996,-0.544774682906941,0.3695041550016342,0.0,,,,,-2.511108930333147,,,,,463
Geekie,Conor Geekie,TBL,Tampa Bay Lightning,C,6.0,0.0,14.0,0.0,0.0,0.0,70.0,0.0,56.0,112.0,210.0,,,,,conorgeekie,,0.0,14.0,0.0,56.0,0.0,0.0,70.0,112.0,210.0,,,,,,False,False,['C'],3,0.0,0.0,-0.9736178256750143,-0.3664111549832549,0.12843301412977468,0.4472964437044605,-0.6194488057366755,-0.34202739709864877,-0.7572976437614996,-0.0075943359634550135,1.488850677224408,0.0,,,,,-1.001817028159905,,,,,464
Jones,Caleb Jones,PIT,Pittsburgh Penguins,D,7.0,0.0,12.0,0.0,0.0,0.0,60.0,12.0,0.0,0.0,120.0,,,,,calebjones,,0.0,12.0,12.0,0.0,0.0,0.0,60.0,0.0,120.0,,,,,,False,False,['D'],2,0.0,0.0,-0.9736178256750143,-0.4789464583280537,0.598771698585672,-1.0375131283472458,-0.6194488057366755,-0.34202739709864877,-0.9157224782445931,-0.544774682906941,0.2895508319857218,0.0,,,,,-4.023728245765779,,,,,465
Colangelo,Sam Colangelo,ANA,Anaheim Ducks,R,7.0,12.0,0.0,0.0,0.0,0.0,36.0,-36.0,48.0,12.0,108.00000000000001,,,,,samcolangelo,,12.0,0.0,-36.0,48.0,0.0,0.0,36.0,12.0,108.00000000000001,,,,,,False,False,[],2,0.0,0.0,-0.0061963303316578565,-1.1541582783968467,-1.2825830392379174,0.23518079055421673,-0.6194488057366755,-0.34202739709864877,-1.2959420810040176,-0.48721964573442467,0.12964418595389715,0.0,,,,,-4.822750601032074,,,,,466
Mukhamadullin,Shakir Mukhamadullin,SJS,San Jose Sharks,D,18.0,9.333333333333332,18.666666666666664,0.0,0.0,0.0,65.33333333333333,9.333333333333332,37.33333333333333,0.0,46.66666666666667,,,,,shakirmukhamadullin,,9.333333333333332,18.666666666666664,9.333333333333332,37.33333333333333,0.0,0.0,65.33333333333333,0.0,46.66666666666667,,,,,,False,False,['D'],2,0.0,0.0,-0.22117888485240383,-0.10382878051205771,0.49425199092880595,-0.047640080312775085,-0.6194488057366755,-0.34202739709864877,-0.8312292331869433,-0.544774682906941,-0.6876564493198742,0.0,,,,,-2.9035323229975134,,,,,467
McDonagh,Ryan McDonagh,TBL,Tampa Bay Lightning,D,17.0,19.764705882352942,19.764705882352942,0.0,0.0,0.0,84.0,9.882352941176471,0.0,0.0,44.470588235294116,,,,,ryanmcdonagh,,19.764705882352942,19.764705882352942,9.882352941176471,0.0,0.0,0.0,84.0,0.0,44.470588235294116,,,,,,False,False,['D'],3,0.0,0.0,0.6197822843022788,-0.042044692401187585,0.5157707542699255,-1.0375131283472458,-0.6194488057366755,-0.34202739709864877,-0.5355028754851686,-0.544774682906941,-0.7169204106851756,0.0,,,,,-2.7026789540888387,,,,,468
Crozier,Max Crozier,TBL,Tampa Bay Lightning,D,17.0,4.9411764705882355,24.705882352941178,0.0,0.0,0.0,123.52941176470588,14.823529411764707,64.23529411764706,0.0,84.0,,,,,maxcrozier,,4.9411764705882355,24.705882352941178,14.823529411764707,64.23529411764706,0.0,0.0,123.52941176470588,0.0,84.0,,,,,,False,False,['D'],3,0.0,0.0,-0.5752677981806911,0.2359837040977272,0.7094396243400009,0.6656507925355938,-0.6194488057366755,-0.34202739709864877,0.09074117611858946,-0.544774682906941,-0.19016910610975268,0.0,,,,,-0.5698724929407978,,,,,469
Ekman-Larsson,Oliver Ekman-Larsson,TOR,Toronto Maple Leafs,D,35.0,14.4,38.4,7.2,0.0,0.0,124.80000000000001,-7.2,62.400000000000006,0.0,112.8,,,,,oliverekmanlarsson,,14.4,38.4,-7.2,62.400000000000006,7.2,0.0,124.80000000000001,0.0,112.8,,,,,,False,False,['D'],3,0.0,0.0,0.18728796873701345,1.006519545823291,-0.15377019654376375,0.6169889662246557,0.03142415639061815,-0.34202739709864877,0.11087044920585326,-0.544774682906941,0.19360684436662684,0.0,,,,,1.106125654198705,,Oliver Ekman-Larsson,KYYYYLE….,jeremy elgressy,470
Couturier,Sean Couturier,PHI,Philadelphia Flyers,C,33.0,12.727272727272728,35.63636363636364,0.0,0.0,1.0,127.27272727272727,2.5454545454545454,35.63636363636364,778.909090909091,89.0909090909091,,,,,seancouturier,,12.727272727272728,35.63636363636364,2.5454545454545454,35.63636363636364,0.0,0.0,127.27272727272727,778.909090909091,89.0909090909091,,,,,,False,False,['C'],3,0.0,0.0,0.05243527544672747,0.8510162175650237,0.22820182598405592,-0.09263430976888717,-0.6194488057366755,-0.34202739709864877,0.15004459009621793,3.19107045720003,-0.12232992294473606,0.0,,,,,3.2963279307431077,,Sean Couturier,Oy Matvey,Henry,471
Dunn,Vince Dunn,SEA,Seattle Kraken,D,33.0,12.727272727272728,35.63636363636364,25.454545454545457,0.0,1.0,203.63636363636365,-35.63636363636364,76.36363636363636,0.0,25.454545454545457,,,,,vincedunn,,12.727272727272728,35.63636363636364,-35.63636363636364,76.36363636363636,25.454545454545457,0.0,203.63636363636365,0.0,25.454545454545457,,,,,,False,False,['D'],3,0.0,0.0,0.05243527544672747,0.8510162175650237,-1.268330351830163,0.9872271971778082,1.6816172219860799,-0.34202739709864877,1.3598342352398418,-0.544774682906941,-0.9703197125074435,0.0,,,,,1.8066780030722844,,Vince Dunn,Oy Matvey,Henry,472
Tolvanen,Eeli Tolvanen,SEA,Seattle Kraken,R,33.0,12.727272727272728,35.63636363636364,22.909090909090907,0.0,0.0,127.27272727272727,-33.090909090909086,30.545454545454547,0.0,221.45454545454544,,,,,eelitolvanen,,12.727272727272728,35.63636363636364,-33.090909090909086,30.545454545454547,22.909090909090907,0.0,127.27272727272727,0.0,221.45454545454544,,,,,,False,False,[],3,0.0,0.0,0.05243527544672747,0.8510162175650237,-1.1685615399758815,-0.2276169981372242,1.451510619213804,-0.34202739709864877,0.15004459009621793,-0.544774682906941,1.641488839345695,0.0,,,,,1.8635149235487727,,,,,473
Michkov,Matvei Michkov,PHI,Philadelphia Flyers,R,34.0,19.764705882352942,27.176470588235297,12.352941176470589,0.0,0.0,160.58823529411765,-2.4705882352941178,84.0,0.0,39.529411764705884,,,,,matveimichkov,,19.764705882352942,27.176470588235297,-2.4705882352941178,84.0,12.352941176470589,0.0,160.58823529411765,0.0,39.529411764705884,,,,,,False,False,"['LW', 'RW']",3,0.0,0.0,0.6197822843022788,0.3749979023471847,0.031598579094736984,1.1897012297303138,0.49724500183466164,-0.34202739709864877,0.6778449744971127,-0.544774682906941,-0.7827643237571035,0.0,,,,,1.7216035680435948,,Matvei Michkov,Oy Matvey,Henry,474
Burns,Brent Burns,COL,Colorado Avalanche,D,35.0,12.0,33.6,2.4,0.0,3.0,172.79999999999998,50.4,38.4,0.0,14.4,,,,,brentburns,,12.0,33.6,50.4,38.4,2.4,0.0,172.79999999999998,0.0,14.4,,,,,,False,False,['D'],2,0.0,0.0,-0.0061963303316578565,0.7364348177957738,2.1038554888445438,-0.019357993226075825,-0.4024911516942443,-0.34202739709864877,0.8713096547247018,-0.544774682906941,-1.1176276530943365,0.0,,,,,1.2791247530131153,,Brent Burns,Hagel Cream Cheese & Larks,Ilan Weintraub,475
Bunting,Michael Bunting,NSH,Nashville Predators,L,35.0,21.599999999999998,24.0,16.8,0.0,0.0,146.4,-19.2,14.4,7.2,52.8,,,,,michaelbunting,,21.599999999999998,24.0,-19.2,14.4,16.8,0.0,146.4,7.2,52.8,,,,,,False,False,[],2,0.0,0.0,0.7677408659430272,0.19626536174073933,-0.6241088809996611,-0.6557049526768072,0.899254772560343,-0.34202739709864877,0.4530680916893352,-0.5102416606034311,-0.6059263857924972,0.0,,,,,-0.42168018523760065,,,,,476
Olofsson,Victor Olofsson,COL,Colorado Avalanche,L,35.0,16.8,28.8,14.4,0.0,2.0,175.20000000000002,0.0,9.6,7.2,14.4,,,,,victorolofsson,,16.8,28.8,0.0,9.6,14.4,0.0,175.20000000000002,7.2,14.4,,,,,,False,False,"['LW', 'RW']",2,0.0,0.0,0.3807722678056848,0.4663500897682566,0.12843301412977468,-0.7829743445669534,0.6822971185179117,-0.34202739709864877,0.9093316150006449,-0.5102416606034311,-1.1176276530943365,0.0,,,,,-0.18568695014109715,,Victor Olofsson,Better Safe Than Sorokin,Harley Pesner,477
Quinn,Jack Quinn,BUF,Buffalo Sabres,R,35.0,16.8,28.8,4.8,0.0,2.0,151.20000000000002,-12.0,24.0,7.2,45.599999999999994,,,,,jackquinn,,16.8,28.8,-12.0,24.0,4.8,0.0,151.20000000000002,7.2,45.599999999999994,,,,,,False,False,[],2,0.0,0.0,0.3807722678056848,0.4663500897682566,-0.3419056703261227,-0.4011661688965146,-0.18553349765181307,-0.34202739709864877,0.5291120122412203,-0.5102416606034311,-0.7018703734115922,0.0,,,,,-1.1065103981729607,,,,,478
Frost,Morgan Frost,CGY,Calgary Flames,C,36.0,18.666666666666664,25.666666666666668,16.333333333333332,0.0,2.0,149.33333333333331,-16.333333333333332,42.0,620.6666666666667,49.0,,,,,morganfrost,,18.666666666666664,25.666666666666668,-16.333333333333332,42.0,16.333333333333332,0.0,149.33333333333331,620.6666666666667,49.0,,,,,,False,False,['C'],2,0.0,0.0,0.5312600559702066,0.2900447811947384,-0.51175019526853,0.07609405069153391,0.8570685620520924,-0.34202739709864877,0.4995393764710423,2.432099739738211,-0.6565634903692418,0.0,,,,,3.1757654833814044,,,,,479
Hughes,Luke Hughes,NJD,New Jersey Devils,D,36.0,7.0,37.33333333333333,11.666666666666668,0.0,0.0,191.33333333333331,-7.0,51.333333333333336,0.0,23.333333333333336,,,,,lukehughes,,7.0,37.33333333333333,-7.0,51.333333333333336,11.666666666666668,0.0,191.33333333333331,0.0,23.333333333333336,,,,,,False,False,['D'],2,0.0,0.0,-0.4092886200580564,0.9465007173727313,-0.14593121846949877,0.3235623127001517,0.43520645696958743,-0.34202739709864877,1.1649236813000352,-0.544774682906941,-0.9985860388262002,0.0,,,,,0.4295852109831606,,Luke Hughes,Hintz 57,Ryan,480
Faulk,Justin Faulk,STL,St. Louis Blues,D,37.0,20.432432432432435,22.702702702702705,15.891891891891893,0.0,3.0,156.64864864864865,-4.54054054054054,49.94594594594595,0.0,70.37837837837837,,,,,justinfaulk,,20.432432432432435,22.702702702702705,-4.54054054054054,49.94594594594595,15.891891891891893,0.0,156.64864864864865,0.0,70.37837837837837,,,,,,False,False,['D'],2,0.0,0.0,0.6736133690988091,0.12326948930086995,-0.04953297458326756,0.286776489969141,0.8171626872469906,-0.34202739709864877,0.6154321382730893,-0.544774682906941,-0.37168475836209447,0.0,,,,,1.208234360937948,,Justin Faulk,Oy Matvey,Henry,481
Buchnevich,Pavel Buchnevich,STL,St. Louis Blues,L,37.0,11.351351351351353,31.783783783783786,18.16216216216216,0.0,0.0,140.75675675675674,-18.16216216216216,22.702702702702705,13.621621621621623,47.67567567567568,,,,,pavelbuchnevich,,11.351351351351353,31.783783783783786,-18.16216216216216,22.702702702702705,18.16216216216216,0.0,140.75675675675674,13.621621621621623,47.67567567567568,,,,,,False,False,[],2,0.0,0.0,-0.05848938413400134,0.6342405963799566,-0.5834309407223943,-0.4355633018397973,1.0223929005303714,-0.34202739709864877,0.36366510401347024,-0.4794419380084089,-0.6742108454493305,0.0,,,,,-0.552865206328783,,,,,482
Zucker,Jason Zucker,BUF,Buffalo Sabres,L,21.0,36.0,36.0,36.0,0.0,1.0,196.0,-40.0,40.0,68.0,88.0,,,,,jasonzucker,,36.0,36.0,-40.0,40.0,36.0,0.0,196.0,68.0,88.0,,,,,,False,False,[],2,0.0,0.0,1.9286466603550552,0.8714771818095324,-1.4393626007232165,0.023065137403972966,2.6349160048997926,-0.34202739709864877,1.2388552707254792,-0.21862947226268165,-0.13686689076581107,0.0,,,,,4.560073894343475,,,,,483
Roslovic,Jack Roslovic,EDM,Edmonton Oilers,C,24.0,35.0,28.0,14.0,0.0,2.0,192.5,0.0,28.0,94.5,35.0,,,,,jackroslovic,,35.0,28.0,0.0,28.0,14.0,0.0,192.5,94.5,35.0,,,,,,False,False,['C'],2,0.0,0.0,1.8480282024097754,0.421335968430337,0.12843301412977468,-0.2951083423213927,0.6461375095108398,-0.34202739709864877,1.1834065786563963,-0.0915287651733747,-0.8431212440730373,0.0,,,,,2.6555555244706692,,,,,484
Leonard,Ryan Leonard,WSH,Washington Capitals,R,29.0,20.27586206896552,31.86206896551724,14.482758620689657,0.0,2.0,176.68965517241378,20.27586206896552,34.758620689655174,14.482758620689657,124.55172413793105,,,,,ryanleonard,,20.27586206896552,31.86206896551724,20.27586206896552,34.758620689655174,14.482758620689657,0.0,176.68965517241378,14.482758620689657,124.55172413793105,,,,,,False,False,[],2,0.0,0.0,0.6609909078361743,0.6386455197168449,0.9231432051069807,-0.1159071870737729,0.6897784169331681,-0.34202739709864877,0.9329314524132982,-0.47531170700907643,0.35020507703227616,0.0,,,,,3.2624482878572443,,,,,485
Nemec,Simon Nemec,NJD,New Jersey Devils,D,31.0,18.967741935483872,29.806451612903228,2.7096774193548385,0.0,2.0,135.48387096774192,10.838709677419354,43.354838709677416,0.0,24.38709677419355,,,,,simonnemec,,18.967741935483872,29.806451612903228,10.838709677419354,43.354838709677416,2.7096774193548385,0.0,135.48387096774192,0.0,24.38709677419355,,,,,,False,False,['D'],2,0.0,0.0,0.5555322798677105,0.5229807585482199,0.5532550517028433,0.11201686291859124,-0.37449661568876924,-0.34202739709864877,0.2801294981761773,-0.544774682906941,-0.9845440573646244,0.0,,,,,-0.22192830184544088,,Simon Nemec,KYYYYLE….,jeremy elgressy,486
Beniers,Matty Beniers,SEA,Seattle Kraken,C,33.0,10.181818181818182,35.63636363636364,12.727272727272728,0.0,1.0,150.1818181818182,-12.727272727272728,15.272727272727273,554.909090909091,30.545454545454547,,,,,mattybeniers,,10.181818181818182,35.63636363636364,-12.727272727272728,15.272727272727273,12.727272727272728,0.0,150.1818181818182,554.909090909091,30.545454545454547,,,,,,False,False,['C'],3,0.0,0.0,-0.15277534477762097,0.8510162175650237,-0.37041104514163165,-0.632565063242235,0.5310842081247023,-0.34202739709864877,0.5129814836393052,2.1167097633130583,-0.9024805293424268,0.0,,,,,1.611532293039526,,,,,487
Kane,Evander Kane,VAN,Vancouver Canucks,L,34.0,14.823529411764707,29.647058823529413,12.352941176470589,0.0,1.0,214.94117647058823,-7.411764705882353,113.64705882352942,19.764705882352942,148.23529411764704,,,,,evanderkane,,14.823529411764707,29.647058823529413,-7.411764705882353,113.64705882352942,12.352941176470589,0.0,214.94117647058823,19.764705882352942,148.23529411764704,,,,,,False,False,['LW'],2,0.0,0.0,0.22143225680795547,0.514012100596642,-0.1620702909753384,1.9757768855223938,0.49724500183466164,-0.34202739709864877,1.5389305454522797,-0.4499781510933846,0.6658017638253094,0.0,,,,,4.45912271487187,,Evander Kane,Hagel Cream Cheese & Larks,Ilan Weintraub,488
Cates,Noah Cates,PHI,Philadelphia Flyers,L,34.0,19.764705882352942,24.705882352941178,12.352941176470589,0.0,2.0,155.64705882352942,29.647058823529413,24.705882352941178,481.7647058823529,81.52941176470588,,,,,noahcates,,19.764705882352942,24.705882352941178,29.647058823529413,24.705882352941178,12.352941176470589,0.0,155.64705882352942,481.7647058823529,81.52941176470588,,,,,,False,False,[],3,0.0,0.0,0.6197822843022788,0.2359837040977272,1.2904462345502272,-0.382450081853846,0.49724500183466164,-0.34202739709864877,0.599564468046643,1.765890780048495,-0.2230910626457166,0.0,,,,,4.061343931281822,,,,,489
Huberdeau,Jonathan Huberdeau,CGY,Calgary Flames,L,31.0,18.967741935483872,32.516129032258064,13.548387096774194,0.0,1.0,135.48387096774192,-2.7096774193548385,89.41935483870967,8.129032258064516,48.7741935483871,,,,,jonathanhuberdeau,,18.967741935483872,32.516129032258064,-2.7096774193548385,89.41935483870967,13.548387096774194,0.0,135.48387096774192,8.129032258064516,48.7741935483871,,,,,,False,False,"['C', 'LW']",2,0.0,0.0,0.5555322798677105,0.675447943725044,0.022227504736507545,1.333392478638543,0.6053121445028555,-0.34202739709864877,0.2801294981761773,-0.505785786757817,-0.6595724863967223,0.0,,,,,1.9646561793936494,,Jonathan Huberdeau,KYYYYLE….,jeremy elgressy,490
Tarasenko,Vladimir Tarasenko,MIN,Minnesota Wild,R,30.0,19.6,33.6,19.6,0.0,1.0,165.2,-2.8,5.6,14.0,75.60000000000001,,,,,vladimirtarasenko,,19.6,33.6,-2.8,5.6,19.6,0.0,165.2,14.0,75.60000000000001,,,,,,False,False,[],2,0.0,0.0,0.606503950052468,0.7364348177957738,0.018687321090065306,-0.8890321711420752,1.1523720356098461,-0.34202739709864877,0.7509067805175508,-0.47762713953900526,-0.30210375833202996,0.0,,,,,1.2541144389539447,,,,,491
Point,Brayden Point,TBL,Tampa Bay Lightning,C,28.0,18.0,39.0,12.0,0.0,0.0,189.0,-21.0,24.0,414.0,12.0,,,,,braydenpoint,,18.0,39.0,-21.0,24.0,12.0,0.0,189.0,414.0,12.0,,,,,,False,False,['C'],3,0.0,0.0,0.47751441734002037,1.0402801368267307,-0.6946596836680456,-0.4011661688965146,0.4653394644754805,-0.34202739709864877,1.1279578865873137,1.4408740995448732,-1.1496089823007016,0.0,,,,,1.9645037728105075,,Brayden Point,KYYYYLE….,jeremy elgressy,492
Tippett,Owen Tippett,PHI,Philadelphia Flyers,R,34.0,24.705882352941178,27.176470588235297,2.4705882352941178,0.0,0.0,180.35294117647058,0.0,49.411764705882355,7.411764705882353,153.1764705882353,,,,,owentippett,,24.705882352941178,27.176470588235297,0.0,49.411764705882355,2.4705882352941178,0.0,180.35294117647058,7.411764705882353,153.1764705882353,,,,,,False,False,"['LW', 'RW']",3,0.0,0.0,1.018132311796602,0.3749979023471847,0.12843301412977468,0.2726129646395539,-0.39611004422240803,-0.34202739709864877,0.9909670002989914,-0.5092259834768574,0.7316456768972376,0.0,,,,,2.26942544531143,,Owen Tippett,Oy Matvey,Henry,493
Miller,J.T. Miller,NYR,New York Rangers,C,35.0,24.0,28.8,12.0,0.0,3.0,184.8,-26.4,24.0,705.6,177.6,,,,,jtmiller,,24.0,28.8,-26.4,24.0,12.0,0.0,184.8,705.6,177.6,,,,,,False,False,"['C', 'RW']",2,0.0,0.0,0.9612251650116985,0.4663500897682566,-0.9063120916731994,-0.4011661688965146,0.4653394644754805,-0.34202739709864877,1.0614194561044146,2.839461502837021,1.0571027329384808,0.0,,,,,5.2013927534669895,,J.T. Miller,Filip Use the Forceberg,Philip,494
Mantha,Anthony Mantha,PIT,Pittsburgh Penguins,R,35.0,24.0,28.8,14.4,0.0,0.0,151.20000000000002,16.8,36.0,2.4,38.4,,,,,anthonymantha,,24.0,28.8,16.8,36.0,14.4,0.0,151.20000000000002,2.4,38.4,,,,,,False,False,[],2,0.0,0.0,0.9612251650116985,0.4663500897682566,0.786907172368031,-0.08299268917114892,0.6822971185179117,-0.34202739709864877,0.5291120122412203,-0.5332636754724377,-0.797814361030687,0.0,,,,,1.6697934351341956,,,,,495
Blake,Jackson Blake,CAR,Carolina Hurricanes,R,35.0,24.0,28.8,14.4,0.0,1.0,180.0,0.0,57.6,0.0,16.8,,,,,jacksonblake,,24.0,28.8,0.0,57.6,14.4,0.0,180.0,0.0,16.8,,,,,,False,False,[],2,0.0,0.0,0.9612251650116985,0.4663500897682566,0.12843301412977468,0.4897195743345093,0.6822971185179117,-0.34202739709864877,0.9853755355525294,-0.544774682906941,-1.0856463238879717,0.0,,,,,1.740952093421119,,,,,496
Fantilli,Adam Fantilli,CBJ,Columbus Blue Jackets,C,35.0,28.8,24.0,7.2,0.0,2.0,223.2,-28.8,31.200000000000003,491.99999999999994,88.8,,,,,adamfantilli,,28.8,24.0,-28.8,31.200000000000003,7.2,0.0,223.2,491.99999999999994,88.8,,,,,,False,False,['C'],2,0.0,0.0,1.348193763149041,0.19626536174073933,-1.000379828564379,-0.2102620810612951,0.03142415639061815,-0.34202739709864877,1.6697708205194934,1.8149818411662293,-0.1262064476970228,0.0,,,,,3.381760188544775,,Adam Fantilli,Oy Matvey,Henry,497
Wennberg,Alexander Wennberg,SJS,San Jose Sharks,C,36.0,16.333333333333332,35.0,14.0,0.0,2.0,105.0,-28.0,18.666666666666664,632.3333333333334,23.333333333333336,,,,,alexanderwennberg,,16.333333333333332,35.0,-28.0,18.666666666666664,14.0,0.0,105.0,632.3333333333334,23.333333333333336,,,,,,False,False,['C'],2,0.0,0.0,0.3431503207645541,0.8152095301371329,-0.9690239162673191,-0.5425766043300104,0.6461375095108398,-0.34202739709864877,-0.20281072307067213,2.488056025878157,-0.9985860388262002,0.0,,,,,1.2375287066978335,,,,,498
McTavish,Mason McTavish,ANA,Anaheim Ducks,C,36.0,18.666666666666664,32.666666666666664,9.333333333333332,0.0,2.0,156.33333333333334,-7.0,79.33333333333333,520.3333333333334,84.0,,,,,masonmctavish,,18.666666666666664,32.666666666666664,-7.0,79.33333333333333,9.333333333333332,0.0,156.33333333333334,520.3333333333334,84.0,,,,,,False,False,['C'],2,0.0,0.0,0.5312600559702066,0.6839183429015342,-0.14593121846949877,1.0659670987260046,0.22427540442833466,-0.34202739709864877,0.6104367606092082,1.9508756789346713,-0.19016910610975268,0.0,,,,,4.3886056198920596,,Mason McTavish,Oy Matvey,Henry,499
Hughes,Jack Hughes,NJD,New Jersey Devils,C,18.0,51.333333333333336,46.66666666666667,23.333333333333336,0.0,2.0,331.33333333333337,14.0,0.0,242.66666666666666,9.333333333333332,,,,,jackhughes,,51.333333333333336,46.66666666666667,14.0,0.0,23.333333333333336,0.0,331.33333333333337,242.66666666666666,9.333333333333332,,,,,,False,False,"['C', 'LW']",2,0.0,0.0,3.164796348849344,1.4716654663151265,0.6771614793283217,-1.0375131283472458,1.4898617196758503,-0.34202739709864877,3.3828713640633454,0.6191160688039452,-1.1851437925299961,0.0,,,,,8.240788129060043,,Jack Hughes,Oy Matvey,Henry,500
Nichushkin,Valeri Nichushkin,COL,Colorado Avalanche,R,27.0,24.888888888888886,40.44444444444444,9.333333333333332,0.0,1.0,208.44444444444443,18.666666666666664,24.888888888888886,3.1111111111111107,74.66666666666666,,,,,valerinichushkin,,24.888888888888886,40.44444444444444,18.666666666666664,24.888888888888886,9.333333333333332,0.0,208.44444444444443,3.1111111111111107,74.66666666666666,,,,,,False,False,"['LW', 'RW']",2,0.0,0.0,1.0328860165186136,1.121555633686863,0.8600709677278372,-0.377597762990932,0.22427540442833466,-0.34202739709864877,1.4360061758599953,-0.5298530066029553,-0.3145409419122832,0.0,,,,,3.1107750896168245,,Valeri Nichushkin,Hagel Cream Cheese & Larks,Ilan Weintraub,501
Theodore,Shea Theodore,VGK,Vegas Golden Knights,D,31.0,10.838709677419354,43.354838709677416,10.838709677419354,0.0,2.0,200.51612903225808,13.548387096774194,16.258064516129032,0.0,2.7096774193548385,,,,,sheatheodore,,10.838709677419354,43.354838709677416,13.548387096774194,16.258064516129032,10.838709677419354,0.0,200.51612903225808,0.0,2.7096774193548385,,,,,,False,False,['D'],2,0.0,0.0,-0.09981776536488596,1.285316684432341,0.6594605610961104,-0.606439381622557,0.3603599544549492,-0.34202739709864877,1.3104019701694571,-0.544774682906941,-1.2734076760027595,0.0,,,,,0.7490722671570655,,Shea Theodore,Hintz 57,Ryan,502
McAvoy,Charlie McAvoy,BOS,Boston Bruins,D,25.0,3.36,60.48,30.24,0.0,0.0,137.76,-3.36,100.8,0.0,104.16,,,,,charliemcavoy,,3.36,60.48,-3.36,100.8,30.24,0.0,137.76,0.0,104.16,,,,,,False,False,['D'],2,0.0,0.0,-0.7027398069788745,2.24890929474987,-0.0032618175178765743,1.6351441013458254,2.1142176351979574,-0.34202739709864877,0.3161890346959422,-0.544774682906941,0.07847405922371296,0.0,,,,,4.800130420710968,,Charlie McAvoy,Hintz 57,Ryan,503
Eberle,Jordan Eberle,SEA,Seattle Kraken,R,33.0,25.454545454545457,25.454545454545457,20.363636363636363,0.0,2.0,206.1818181818182,2.5454545454545454,30.545454545454547,20.363636363636363,68.72727272727273,,,,,jordaneberle,,25.454545454545457,25.454545454545457,2.5454545454545454,30.545454545454547,20.363636363636363,0.0,206.1818181818182,20.363636363636363,68.72727272727273,,,,,,False,False,[],3,0.0,0.0,1.0784883765684692,0.278109218718775,0.22820182598405592,-0.2276169981372242,1.2214040164415287,-0.34202739709864877,1.400160556744629,-0.4471055289172163,-0.39368665560480237,0.0,,,,,2.795927414699566,,,,,504
Perron,David Perron,OTT,Ottawa Senators,L,35.0,16.8,31.200000000000003,16.8,0.0,1.0,115.2,0.0,24.0,4.8,108.00000000000001,,,,,davidperron,,16.8,31.200000000000003,0.0,24.0,16.8,0.0,115.2,4.8,108.00000000000001,,,,,,False,False,[],2,0.0,0.0,0.3807722678056848,0.6013924537820153,0.12843301412977468,-0.4011661688965146,0.899254772560343,-0.34202739709864877,-0.04121739189791667,-0.5217526680379345,0.12964418595389715,0.0,,,,,0.8333330683007005,,,,,505
Stamkos,Steven Stamkos,NSH,Nashville Predators,C,35.0,33.6,14.4,9.6,0.0,5.0,199.2,-19.2,52.8,300.0,64.8,,,,,stevenstamkos,,33.6,14.4,-19.2,52.8,9.6,0.0,199.2,300.0,64.8,,,,,,False,False,"['C', 'LW', 'RW']",2,0.0,0.0,1.735162361286384,-0.3439040943142951,-0.6241088809996611,0.36245018244436294,0.2483818104330493,-0.34202739709864877,1.2895512177600688,0.894101246405968,-0.44601973976067244,0.0,,,,,2.7735867061565553,,Steven Stamkos,Oy Matvey,Henry,506
Jones,Seth Jones,FLA,Florida Panthers,D,35.0,12.0,36.0,24.0,0.0,0.0,160.8,0.0,24.0,0.0,79.2,,,,,sethjones,,12.0,36.0,0.0,24.0,24.0,0.0,160.8,0.0,79.2,,,,,,False,False,['D'],2,0.0,0.0,-0.0061963303316578565,0.8714771818095324,0.12843301412977468,-0.4011661688965146,1.5501277346876365,-0.34202739709864877,0.68119985334499,-0.544774682906941,-0.2541317645224826,0.0,,,,,1.682941440215689,,Seth Jones,Hintz 57,Ryan,507
Coronato,Matt Coronato,CGY,Calgary Flames,R,35.0,26.4,21.599999999999998,16.8,0.0,2.0,230.4,-45.599999999999994,33.6,72.0,12.0,,,,,mattcoronato,,26.4,21.599999999999998,-45.599999999999994,33.6,16.8,0.0,230.4,72.0,12.0,,,,,,False,False,['RW'],2,0.0,0.0,1.1547094640803697,0.0612229977269806,-1.658853986802635,-0.146627385116222,0.899254772560343,-0.34202739709864877,1.783836701347321,-0.19944445987184287,-1.1496089823007016,0.0,,,,,0.4024617245249644,,Matt Coronato,Oy Matvey,Henry,508
Dobson,Noah Dobson,MTL,Montréal Canadiens,D,36.0,14.0,32.666666666666664,4.666666666666666,0.0,1.0,154.0,4.666666666666666,46.66666666666667,0.0,32.666666666666664,,,,,noahdobson,,14.0,32.666666666666664,4.666666666666666,46.66666666666667,4.666666666666666,0.0,154.0,0.0,32.666666666666664,,,,,,False,False,['D'],2,0.0,0.0,0.15504058555890154,0.6839183429015342,0.3113425025292903,0.1998281816958429,-0.19758670065417042,-0.34202739709864877,0.5734709658964863,-0.544774682906941,-0.8742142030236701,0.0,,,,,-0.0350024051013752,,Noah Dobson,Hagel Cream Cheese & Larks,Ilan Weintraub,509
Copp,Andrew Copp,DET,Detroit Red Wings,C,37.0,6.810810810810811,38.5945945945946,11.351351351351353,0.0,0.0,111.24324324324324,-4.54054054054054,31.783783783783786,447.2432432432433,45.40540540540541,,,,,andrewcopp,,6.810810810810811,38.5945945945946,-4.54054054054054,31.783783783783786,11.351351351351353,0.0,111.24324324324324,447.2432432432433,45.40540540540541,,,,,,False,False,['C'],3,0.0,0.0,-0.42454076075040653,1.0174689266892716,-0.04953297458326756,-0.19478337123681788,0.40670226068022897,-0.34202739709864877,-0.10390224532582186,1.600317107928196,-0.7044634541580541,0.0,,,,,1.2052380921446797,,,,,510
Cuylle,Will Cuylle,NYR,New York Rangers,L,38.0,19.894736842105264,24.315789473684212,15.473684210526315,0.0,1.0,163.57894736842107,-26.52631578947368,48.631578947368425,50.8421052631579,280.7368421052632,,,,,willcuylle,,19.894736842105264,24.315789473684212,-26.52631578947368,48.631578947368425,15.473684210526315,0.0,163.57894736842107,50.8421052631579,280.7368421052632,,,,,,False,False,"['LW', 'RW']",2,0.0,0.0,0.6302651797626556,0.21403409384781294,-0.9112630251937879,0.25192676317134133,0.7793571216421573,-0.34202739709864877,0.7252252810329235,-0.30092307804443746,2.431458274885691,0.0,,,,,3.478053214005708,,Will Cuylle,Better Safe Than Sorokin,Harley Pesner,511
Haula,Erik Haula,NSH,Nashville Predators,L,35.0,12.0,31.200000000000003,19.2,0.0,0.0,120.0,-31.200000000000003,48.0,513.5999999999999,108.00000000000001,,,,,erikhaula,,12.0,31.200000000000003,-31.200000000000003,48.0,19.2,0.0,120.0,513.5999999999999,108.00000000000001,,,,,,False,False,[],2,0.0,0.0,-0.0061963303316578565,0.6013924537820153,-1.0944475654555585,0.23518079055421673,1.1162124266027742,-0.34202739709864877,0.03482652865396819,1.9185809080767586,0.12964418595389715,0.0,,,,,2.5931660007377646,,,,,512
Landeskog,Gabriel Landeskog,COL,Colorado Avalanche,L,35.0,14.4,28.8,7.2,0.0,1.0,180.0,31.200000000000003,60.0,148.79999999999998,127.19999999999999,,,,,gabriellandeskog,,14.4,28.8,31.200000000000003,60.0,7.2,0.0,180.0,148.79999999999998,127.19999999999999,,,,,,False,False,"['LW', 'RW']",2,0.0,0.0,0.18728796873701345,0.4663500897682566,1.351313593715108,0.5533542702795824,0.03142415639061815,-0.34202739709864877,0.9853755355525294,0.16890777803226173,0.3854948196048165,0.0,,,,,3.7874808149815373,,Gabriel Landeskog,The Makar Of The Devil,Lev,513
Rodrigues,Evan Rodrigues,FLA,Florida Panthers,C,35.0,19.2,24.0,4.8,0.0,0.0,192.0,0.0,38.4,458.40000000000003,88.8,,,,,evanrodrigues,,19.2,24.0,0.0,38.4,4.8,0.0,192.0,458.40000000000003,88.8,,,,,,False,False,"['C', 'LW', 'RW']",2,0.0,0.0,0.5742565668743559,0.19626536174073933,0.12843301412977468,-0.019357993226075825,-0.18553349765181307,-0.34202739709864877,1.1754853369322418,1.653827737083184,-0.1262064476970228,0.0,,,,,3.055142681086735,,Evan Rodrigues,KYYYYLE….,jeremy elgressy,514
Stankoven,Logan Stankoven,CAR,Carolina Hurricanes,C,35.0,14.4,24.0,4.8,0.0,1.0,187.20000000000002,9.6,40.8,456.0,38.4,,,,,loganstankoven,,14.4,24.0,9.6,40.8,4.8,0.0,187.20000000000002,456.0,38.4,,,,,,False,False,"['C', 'RW']",2,0.0,0.0,0.18728796873701345,0.19626536174073933,0.5047039616944926,0.044276702718997266,-0.18553349765181307,-0.34202739709864877,1.099441416380357,1.6423167296486805,-0.797814361030687,0.0,,,,,2.3489168851391313,,Logan Stankoven,Hintz 57,Ryan,515
Hyman,Zach Hyman,EDM,Edmonton Oilers,L,18.0,42.0,32.666666666666664,28.0,0.0,1.0,214.66666666666666,9.333333333333332,37.33333333333333,0.0,144.66666666666669,,,,,zachhyman,,42.0,32.666666666666664,9.333333333333332,37.33333333333333,28.0,0.0,214.66666666666666,0.0,144.66666666666669,,,,,,False,False,"['LW', 'RW']",2,0.0,0.0,2.4123574080267334,0.6839183429015342,0.49425199092880595,-0.047640080312775085,1.9117238247583552,-0.34202739709864877,1.5345816284272535,-0.544774682906941,0.6182478266066953,0.0,,,,,6.720638861331013,,Zach Hyman,Better Safe Than Sorokin,Harley Pesner,516
Montour,Brandon Montour,SEA,Seattle Kraken,D,27.0,18.666666666666664,31.11111111111111,12.444444444444443,0.0,1.0,211.55555555555557,-12.444444444444443,65.33333333333333,0.0,105.77777777777779,,,,,brandonmontour,,18.666666666666664,31.11111111111111,-12.444444444444443,65.33333333333333,12.444444444444443,0.0,211.55555555555557,0.0,105.77777777777779,,,,,,False,False,['D'],3,0.0,0.0,0.5312600559702066,0.5963908847444686,-0.359325621602267,0.6947647057130781,0.5055168078166713,-0.34202739709864877,1.485293902143625,-0.544774682906941,0.10003184409615172,0.0,,,,,2.6671304988763445,,Brandon Montour,Better Safe Than Sorokin,Harley Pesner,517
Kyrou,Jordan Kyrou,STL,St. Louis Blues,R,28.0,24.0,24.0,12.0,0.0,0.0,207.0,-27.000000000000004,0.0,0.0,18.0,,,,,jordankyrou,,24.0,24.0,-27.000000000000004,0.0,12.0,0.0,207.0,0.0,18.0,,,,,,False,False,['RW'],2,0.0,0.0,0.9612251650116985,0.19626536174073933,-0.9298290258959946,-1.0375131283472458,0.4653394644754805,-0.34202739709864877,1.413122588656882,-0.544774682906941,-1.0696556592847892,0.0,,,,,-0.8878473136488191,,Jordan Kyrou,Hintz 57,Ryan,518
Drouin,Jonathan Drouin,NYI,New York Islanders,L,30.0,8.4,36.4,8.4,0.0,0.0,120.4,8.4,47.6,151.20000000000002,16.8,,,,,jonathandrouin,,8.4,36.4,8.4,47.6,8.4,0.0,120.4,151.20000000000002,16.8,,,,,,False,False,[],3,0.0,0.0,-0.29642277893466473,0.8939842424784921,0.45767009324890284,0.2245750078967046,0.13990298341183377,-0.34202739709864877,0.041163522033292016,0.18041878546676515,-1.0856463238879717,0.0,,,,,0.21361813461470525,,,,,519
Gritsyuk,Arseny Gritsyuk,NJD,New Jersey Devils,R,32.0,18.375,23.625,7.875,0.0,0.0,191.625,-7.875,31.5,10.5,81.375,,,,,arsenygritsyuk,,18.375,23.625,-7.875,31.5,7.875,0.0,191.625,10.5,81.375,,,,,,False,False,[],2,0.0,0.0,0.5077463390695003,0.17516499236358954,-0.18022674754440796,-0.20230774406816104,0.09244349659005191,-0.34202739709864877,1.1695444056391258,-0.49441402538098916,-0.22514868492921436,0.0,,,,,0.5007746346408462,,,,,520
Drysdale,Jamie Drysdale,PHI,Philadelphia Flyers,D,34.0,7.411764705882353,32.11764705882353,2.4705882352941178,0.0,1.0,91.41176470588235,4.9411764705882355,44.470588235294116,0.0,17.294117647058822,,,,,jamiedrysdale,,7.411764705882353,32.11764705882353,4.9411764705882355,44.470588235294116,2.4705882352941178,0.0,91.41176470588235,0.0,17.294117647058822,,,,,,False,False,['D'],3,0.0,0.0,-0.3760927844335294,0.6530262988460993,0.3221018841998501,0.14160035534087384,-0.39611004422240803,-0.34202739709864877,-0.418082115809464,-0.544774682906941,-1.0790619325807789,0.0,,,,,-2.039420418664947,,,,,521
McMann,Bobby McMann,TOR,Toronto Maple Leafs,C,34.0,22.235294117647058,17.294117647058822,4.9411764705882355,0.0,2.0,145.76470588235296,2.4705882352941178,79.05882352941177,9.882352941176471,182.8235294117647,,,,,bobbymcmann,,22.235294117647058,17.294117647058822,2.4705882352941178,79.05882352941177,4.9411764705882355,0.0,145.76470588235296,9.882352941176471,182.8235294117647,,,,,,False,False,['C'],3,0.0,0.0,0.8189572980494402,-0.1810588906506451,0.2252674491648124,1.0586886204316337,-0.17277128270814063,-0.34202739709864877,0.44300345514570355,-0.4973764170001628,1.1267091553288044,0.0,,,,,2.479391990662797,,,,,522
Zetterlund,Fabian Zetterlund,OTT,Ottawa Senators,L,35.0,21.599999999999998,16.8,12.0,0.0,1.0,153.6,-2.4,14.4,4.8,158.4,,,,,fabianzetterlund,,21.599999999999998,16.8,-2.4,14.4,12.0,0.0,153.6,4.8,158.4,,,,,,False,False,[],2,0.0,0.0,0.7677408659430272,-0.20886173030053645,0.03436527723859521,-0.6557049526768072,0.4653394644754805,-0.34202739709864877,0.5671339725171624,-0.5217526680379345,0.8012520992875612,0.0,,,,,0.9074849313478995,,,,,523
Buium,Zeev Buium,VAN,Vancouver Canucks,D,35.0,9.6,28.8,24.0,0.0,1.0,84.0,-16.8,24.0,0.0,26.4,,,,,zeevbuium,,9.6,28.8,-16.8,24.0,24.0,0.0,84.0,0.0,26.4,,,,,,False,False,['D'],2,0.0,0.0,-0.19968062940032916,0.4663500897682566,-0.5300411441084817,-0.4011661688965146,1.5501277346876365,-0.34202739709864877,-0.5355028754851686,-0.544774682906941,-0.9577210070625117,0.0,,,,,-1.4944360805027024,,Zeev Buium,Filip Use the Forceberg,Philip,524
Ekholm,Mattias Ekholm,EDM,Edmonton Oilers,D,37.0,6.810810810810811,31.783783783783786,4.54054054054054,0.0,1.0,158.9189189189189,6.810810810810811,31.783783783783786,0.0,79.45945945945945,,,,,mattiasekholm,,6.810810810810811,31.783783783783786,6.810810810810811,31.783783783783786,4.54054054054054,0.0,158.9189189189189,0.0,79.45945945945945,,,,,,False,False,['D'],2,0.0,0.0,-0.42454076075040653,0.6342405963799566,0.39538199719933814,-0.19478337123681788,-0.20898837916991375,-0.34202739709864877,0.6513988574530347,-0.544774682906941,-0.2506743235272,0.0,,,,,-0.28476746365759853,,,,,525
Bolduc,Zachary Bolduc,MTL,Montréal Canadiens,R,36.0,21.0,16.333333333333332,11.666666666666668,0.0,1.0,126.0,-14.0,32.666666666666664,30.333333333333332,147.0,,,,,zacharybolduc,,21.0,16.333333333333332,-14.0,32.666666666666664,11.666666666666668,0.0,126.0,30.333333333333332,147.0,,,,,,False,False,[],2,0.0,0.0,0.7193697911758594,-0.23511996774765628,-0.42029545106877225,-0.17137421131708389,0.43520645696958743,-0.34202739709864877,0.12988142934382432,-0.39928833894308025,0.6493407855573277,0.0,,,,,0.3656930968713573,,,,,526
Podkolzin,Vasily Podkolzin,EDM,Edmonton Oilers,R,37.0,20.432432432432435,15.891891891891893,0.0,0.0,4.0,127.13513513513514,27.243243243243246,29.513513513513516,24.972972972972975,265.6216216216216,,,,,vasilypodkolzin,,20.432432432432435,15.891891891891893,27.243243243243246,29.513513513513516,0.0,0.0,127.13513513513514,24.972972972972975,265.6216216216216,,,,,,False,False,"['LW', 'RW']",2,0.0,0.0,0.6736133690988091,-0.2599588410084451,1.1962289464080282,-0.25497835388756274,-0.6194488057366755,-0.34202739709864877,0.14786478893379723,-0.4249979839262988,2.2300395905881363,0.0,,,,,2.34633531337114,,Vasily Podkolzin,The Makar Of The Devil,Lev,527
Josi,Roman Josi,NSH,Nashville Predators,D,23.0,7.304347826086956,47.47826086956521,14.608695652173912,0.0,0.0,204.5217391304348,-25.56521739130435,58.43478260869565,0.0,29.217391304347824,,,,,romanjosi,,7.304347826086956,47.47826086956521,-25.56521739130435,58.43478260869565,14.608695652173912,0.0,204.5217391304348,0.0,29.217391304347824,,,,,,False,False,['D'],2,0.0,0.0,-0.3847525676399278,1.5173319662231601,-0.873592878841485,0.511853381619752,0.701163001478123,-0.34202739709864877,1.3738607818502027,-0.544774682906941,-0.9201777075593877,0.0,,,,,1.038883897124848,,Roman Josi,KYYYYLE….,jeremy elgressy,528
Klingberg,John Klingberg,SJS,San Jose Sharks,D,27.0,24.888888888888886,21.777777777777775,21.777777777777775,0.0,2.0,124.44444444444444,0.0,43.55555555555555,0.0,65.33333333333333,,,,,johnklingberg,,24.888888888888886,21.777777777777775,0.0,43.55555555555555,21.777777777777775,0.0,124.44444444444444,0.0,65.33333333333333,,,,,,False,False,['D'],2,0.0,0.0,1.0328860165186136,0.07122613580207379,0.12843301412977468,0.11733876102630339,1.3492410179816816,-0.34202739709864877,0.10523756620200973,-0.544774682906941,-0.4389127777148136,0.0,,,,,1.4786476539400533,,,,,529
Mittelstadt,Casey Mittelstadt,BOS,Boston Bruins,C,27.0,24.888888888888886,21.777777777777775,6.222222222222221,0.0,0.0,90.22222222222223,-9.333333333333332,6.222222222222221,202.22222222222223,15.555555555555555,,,,,caseymittelstadt,,24.888888888888886,21.777777777777775,-9.333333333333332,6.222222222222221,6.222222222222221,0.0,90.22222222222223,202.22222222222223,15.555555555555555,,,,,,False,False,['C'],2,0.0,0.0,1.0328860165186136,0.07122613580207379,-0.23738596266925657,-0.8725342870081674,-0.056965998960002054,-0.34202739709864877,-0.43692742291791026,0.42513427685213095,-1.102229235328309,0.0,,,,,-1.5188238748094756,,,,,530
Perry,Corey Perry,LAK,Los Angeles Kings,R,28.0,21.0,24.0,15.0,0.0,0.0,168.0,12.0,75.0,12.0,42.0,,,,,coreyperry,,21.0,24.0,12.0,75.0,15.0,0.0,168.0,12.0,42.0,,,,,,False,False,[],3,0.0,0.0,0.7193697911758594,0.19626536174073933,0.598771698585672,0.9510711199362895,0.7365365320285197,-0.34202739709864877,0.7952657341728172,-0.48721964573442467,-0.7498423672211395,0.0,,,,,2.418190827585684,,,,,531
Kurashev,Philipp Kurashev,SJS,San Jose Sharks,C,31.0,16.258064516129032,24.38709677419355,2.7096774193548385,0.0,1.0,132.7741935483871,0.0,21.677419354838708,65.03225806451613,81.29032258064517,,,,,philippkurashev,,16.258064516129032,24.38709677419355,0.0,21.677419354838708,2.7096774193548385,0.0,132.7741935483871,65.03225806451613,81.29032258064517,,,,,,False,False,['C'],2,0.0,0.0,0.3370822647901783,0.21804638819457153,0.12843301412977468,-0.4627481327143273,-0.37449661568876924,-0.34202739709864877,0.237201478509791,-0.23286351371394914,-0.2262770584395195,0.0,,,,,-0.7176495720308984,,,,,532
Staal,Jordan Staal,CAR,Carolina Hurricanes,C,32.0,26.25,13.125,5.25,0.0,0.0,115.5,2.625,60.375,968.625,144.375,,,,,jordanstaal,,26.25,13.125,2.625,60.375,5.25,0.0,115.5,968.625,144.375,,,,,,False,False,['C'],2,0.0,0.0,1.142616695388578,-0.41564535019660437,0.23131960135450225,0.5632971915210001,-0.14485393751885722,-0.34202739709864877,-0.03646464686342391,4.100995973862114,0.614361206737866,0.0,,,,,5.713599337186525,,Jordan Staal,Hintz 57,Ryan,533
Tkachuk,Brady Tkachuk,OTT,Ottawa Senators,L,15.0,33.6,56.0,33.6,0.0,2.0,375.2,0.0,44.8,212.79999999999998,252.0,,,,,bradytkachuk,,33.6,56.0,0.0,44.8,33.6,0.0,375.2,212.79999999999998,252.0,,,,,,False,False,"['C', 'LW']",2,0.0,0.0,1.735162361286384,1.9968302152575208,0.12843301412977468,0.15033452929411914,2.4179583508573614,-0.34202739709864877,4.077828304662515,0.4758679762856823,2.0485239383357947,0.0,,,,,12.688911293010502,,Brady Tkachuk,Hagel Cream Cheese & Larks,Ilan Weintraub,534
DeBrusk,Jake DeBrusk,VAN,Vancouver Canucks,L,35.0,21.599999999999998,19.2,21.599999999999998,0.0,0.0,232.79999999999998,-19.2,9.6,24.0,57.6,,,,,jakedebrusk,,21.599999999999998,19.2,-19.2,9.6,21.599999999999998,0.0,232.79999999999998,24.0,57.6,,,,,,False,False,"['LW', 'RW']",2,0.0,0.0,0.7677408659430272,-0.07381936628677793,-0.6241088809996611,-0.7829743445669534,1.3331700806452051,-0.34202739709864877,1.821858661623263,-0.4296646085619083,-0.5419637273797673,0.0,,,,,1.128211283317779,,Jake DeBrusk,Hintz 57,Ryan,535
Malinski,Sam Malinski,COL,Colorado Avalanche,D,35.0,7.2,36.0,2.4,0.0,1.0,141.6,36.0,28.8,0.0,45.599999999999994,,,,,sammalinski,,7.2,36.0,36.0,28.8,2.4,0.0,141.6,0.0,45.599999999999994,,,,,,False,False,['D'],2,0.0,0.0,-0.3931649284690004,0.8714771818095324,1.5394490674974668,-0.2738967770063683,-0.4024911516942443,-0.34202739709864877,0.3770241711374501,-0.544774682906941,-0.7018703734115922,0.0,,,,,0.12972510985765429,,,,,536
Kopitar,Anze Kopitar,LAK,Los Angeles Kings,C,30.0,16.8,30.799999999999997,19.6,0.0,1.0,123.19999999999999,28.0,16.8,940.8,47.6,,,,,anzekopitar,,16.8,30.799999999999997,28.0,16.8,19.6,0.0,123.19999999999999,940.8,47.6,,,,,,False,False,['C'],3,0.0,0.0,0.3807722678056848,0.5788853931130552,1.2258899445268687,-0.592070256731734,1.1523720356098461,-0.34202739709864877,0.08552247568855793,3.967540231418341,-0.6752192657396213,0.0,,,,,5.781665428592349,,Anze Kopitar,Better Safe Than Sorokin,Harley Pesner,537
Orlov,Dmitry Orlov,SJS,San Jose Sharks,D,36.0,2.333333333333333,39.666666666666664,16.333333333333332,0.0,0.0,95.66666666666666,-2.333333333333333,51.333333333333336,0.0,114.33333333333334,,,,,dmitryorlov,,2.333333333333333,39.666666666666664,-2.333333333333333,51.333333333333336,16.333333333333332,0.0,95.66666666666666,0.0,114.33333333333334,,,,,,False,False,['D'],2,0.0,0.0,-0.7855080904693615,1.0777919046083302,0.03697826993001688,0.3235623127001517,0.8570685620520924,-0.34202739709864877,-0.35067390192155956,-0.544774682906941,0.21403936024847128,0.0,,,,,0.48645633714255154,,,,,538
McMichael,Connor McMichael,WSH,Washington Capitals,C,36.0,11.666666666666668,30.333333333333332,2.333333333333333,0.0,1.0,161.0,11.666666666666668,18.666666666666664,371.0,35.0,,,,,connormcmichael,,11.666666666666668,30.333333333333332,11.666666666666668,18.666666666666664,2.333333333333333,0.0,161.0,371.0,35.0,,,,,,False,False,"['C', 'LW']",2,0.0,0.0,-0.03306914964675099,0.5526271556659356,0.5857067351285639,-0.5425766043300104,-0.40851775319542294,-0.34202739709864877,0.6843683500346517,1.2346352163433565,-0.8431212440730373,0.0,,,,,0.8880253088286372,,Connor McMichael,Better Safe Than Sorokin,Harley Pesner,539
Heineman,Emil Heineman,NYI,New York Islanders,L,36.0,28.0,14.0,4.666666666666666,0.0,0.0,172.66666666666666,7.0,28.0,9.333333333333332,289.33333333333337,,,,,emilheineman,,28.0,14.0,7.0,28.0,4.666666666666666,0.0,172.66666666666666,9.333333333333332,289.33333333333337,,,,,,False,False,"['LW', 'RW']",3,0.0,0.0,1.2836989967928174,-0.3664111549832549,0.40279724672904815,-0.2951083423213927,-0.19758670065417042,-0.34202739709864877,0.8691973235982607,-0.5000096539949839,2.546011281545917,0.0,,,,,3.4005615996135923,,Emil Heineman,Oy Matvey,Henry,540
Finnie,Emmitt Finnie,DET,Detroit Red Wings,C,37.0,18.16216216216216,22.702702702702705,15.891891891891893,0.0,1.0,149.83783783783784,6.810810810810811,9.08108108108108,22.702702702702705,138.48648648648648,,,,,emmittfinnie,,18.16216216216216,22.702702702702705,6.810810810810811,9.08108108108108,15.891891891891893,0.0,149.83783783783784,22.702702702702705,138.48648648648648,,,,,,False,False,['C'],3,0.0,0.0,0.4905876807906062,0.12326948930086995,0.39538199719933814,-0.7967331977442664,0.8171626872469906,-0.34202739709864877,0.5075319807332527,-0.43588677474272086,0.535893502899614,0.0,,,,,1.2951799685850354,,,,,541
Lafrenière,Alexis Lafreniere,NYR,New York Rangers,L,38.0,15.473684210526315,24.315789473684212,4.421052631578947,0.0,1.0,152.5263157894737,-15.473684210526315,17.684210526315788,8.842105263157894,130.42105263157893,,,,,alexislafreniere,,15.473684210526315,24.315789473684212,-15.473684210526315,17.684210526315788,4.421052631578947,0.0,152.5263157894737,8.842105263157894,130.42105263157893,,,,,,False,False,"['LW', 'RW']",2,0.0,0.0,0.27384673410984,0.21403409384781294,-0.47805634214230347,-0.5686258950677597,-0.2197899693427233,-0.34202739709864877,0.5501241481831884,-0.5023657081482448,0.42841712985546415,0.0,,,,,-0.6444432058033744,,Alexis Lafreniere,Filip Use the Forceberg,Philip,542
Trocheck,Vincent Trocheck,NYR,New York Rangers,C,24.0,21.0,38.5,7.0,0.0,1.0,140.0,-24.5,42.0,735.0,311.5,,,,,vincenttrocheck,,21.0,38.5,-24.5,42.0,7.0,0.0,140.0,735.0,311.5,,,,,,False,False,['C'],2,0.0,0.0,0.7193697911758594,1.0121463109905309,-0.8318417999676824,0.07609405069153391,0.013344351887082202,-0.34202739709864877,0.3516761976201553,2.9804713439096857,2.841394391576926,0.0,,,,,6.820627240785443,,Vincent Trocheck,Filip Use the Forceberg,Philip,543
Neighbours,Jake Neighbours,STL,St. Louis Blues,L,25.0,33.6,23.520000000000003,6.72,0.0,2.0,114.24000000000001,-26.88,47.040000000000006,6.72,218.4,,,,,jakeneighbours,,33.6,23.520000000000003,-26.88,47.040000000000006,6.72,0.0,114.24000000000001,6.72,218.4,,,,,,False,False,"['LW', 'RW']",2,0.0,0.0,1.735162361286384,0.1692568889379878,-0.9251256390514354,0.20972691217618764,-0.011967374417868127,-0.34202739709864877,-0.05642617600829355,-0.5125438620903319,1.6007853294466854,0.0,,,,,1.866841043180667,,Jake Neighbours,The Makar Of The Devil,Lev,544
Seguin,Tyler Seguin,DAL,Dallas Stars,C,27.0,21.777777777777775,31.11111111111111,12.444444444444443,0.0,2.0,96.44444444444444,31.11111111111111,6.222222222222221,392.0,56.0,,,,,tylerseguin,,21.777777777777775,31.11111111111111,31.11111111111111,6.222222222222221,12.444444444444443,0.0,96.44444444444444,392.0,56.0,,,,,,False,False,"['C', 'RW']",2,0.0,0.0,0.7820730362444102,0.5963908847444686,1.347829603459879,-0.8725342870081674,0.5055168078166713,-0.34202739709864877,-0.3383519703506522,1.33535653139526,-0.5632846135173439,0.0,,,,,2.4509685956858767,,Tyler Seguin,Hintz 57,Ryan,545
Boeser,Brock Boeser,VAN,Vancouver Canucks,R,33.0,22.909090909090907,20.363636363636363,12.727272727272728,0.0,2.0,190.90909090909093,-35.63636363636364,5.090909090909091,78.9090909090909,43.27272727272727,,,,,brockboeser,,22.909090909090907,20.363636363636363,-35.63636363636364,5.090909090909091,12.727272727272728,0.0,190.90909090909093,78.9090909090909,43.27272727272727,,,,,,False,False,"['LW', 'RW']",2,0.0,0.0,0.8732777563441205,-0.008344280704349491,-1.268330351830163,-0.9025304399789089,0.5310842081247023,-0.34202739709864877,1.1582026277159045,-0.1663067111967577,-0.7328825714298854,0.0,,,,,-0.8578571600539859,,Brock Boeser,Better Safe Than Sorokin,Harley Pesner,546
Novak,Thomas Novak,PIT,Pittsburgh Penguins,C,35.0,14.4,26.4,9.6,0.0,1.0,124.80000000000001,-4.8,19.2,79.2,21.599999999999998,,,,,thomasnovak,,14.4,26.4,-4.8,19.2,9.6,0.0,124.80000000000001,79.2,21.599999999999998,,,,,,False,False,['C'],2,0.0,0.0,0.18728796873701345,0.33130772575449785,-0.05970245965258426,-0.5284355607866609,0.2483818104330493,-0.34202739709864877,0.11087044920585326,-0.16491143756833304,-1.021683665475242,0.0,,,,,-1.238912566451055,,,,,547
Holloway,Dylan Holloway,STL,St. Louis Blues,L,33.0,20.363636363636363,22.909090909090907,7.636363636363637,0.0,1.0,193.45454545454547,-28.0,28.0,28.0,231.63636363636365,,,,,dylanholloway,,20.363636363636363,22.909090909090907,-28.0,28.0,7.636363636363637,0.0,193.45454545454547,28.0,231.63636363636365,,,,,,False,False,"['C', 'LW']",2,0.0,0.0,0.6680671361197723,0.13488246900721254,-0.9690239162673191,-0.2951083423213927,0.07087100258015111,-0.34202739709864877,1.1985289492206919,-0.4104795961710695,1.7771672056757286,0.0,,,,,1.8328775107451265,,Dylan Holloway,The Makar Of The Devil,Lev,548
Matheson,Mike Matheson,MTL,Montréal Canadiens,D,34.0,9.882352941176471,32.11764705882353,0.0,0.0,1.0,106.23529411764706,24.705882352941178,44.470588235294116,0.0,56.82352941176471,,,,,mikematheson,,9.882352941176471,32.11764705882353,24.705882352941178,44.470588235294116,0.0,0.0,106.23529411764706,0.0,56.82352941176471,,,,,,False,False,['D'],2,0.0,0.0,-0.17691777068636777,0.6530262988460993,1.0967773644801515,0.14160035534087384,-0.6194488057366755,-0.34202739709864877,-0.1832405964580547,-0.544774682906941,-0.5523106280053559,0.0,,,,,-0.5273158622249191,,Mike Matheson,KYYYYLE….,jeremy elgressy,549
Teravainen,Teuvo Teravainen,CHI,Chicago Blackhawks,C,34.0,14.823529411764707,27.176470588235297,19.764705882352942,0.0,1.0,93.88235294117648,-12.352941176470589,9.882352941176471,69.17647058823529,34.588235294117645,,,,,teuvoteravainen,,14.823529411764707,27.176470588235297,-12.352941176470589,9.882352941176471,19.764705882352942,0.0,93.88235294117648,69.17647058823529,34.588235294117645,,,,,,False,False,['C'],3,0.0,0.0,0.22143225680795547,0.3749979023471847,-0.3557391610454138,-0.7754879097498859,1.167261286377464,-0.34202739709864877,-0.37894186258422896,-0.21298682155949378,-0.8486082368290314,0.0,,,,,-1.1500999433340984,,,,,550
Brink,Bobby Brink,PHI,Philadelphia Flyers,R,34.0,22.235294117647058,19.764705882352942,9.882352941176471,0.0,1.0,155.64705882352942,-2.4705882352941178,44.470588235294116,24.705882352941178,98.82352941176471,,,,,bobbybrink,,22.235294117647058,19.764705882352942,-2.4705882352941178,44.470588235294116,9.882352941176471,0.0,155.64705882352942,24.705882352941178,98.82352941176471,,,,,,False,False,[],3,0.0,0.0,0.8189572980494402,-0.042044692401187585,0.031598579094736984,0.14160035534087384,0.27390624032039423,-0.34202739709864877,0.599564468046643,-0.4262790181399956,0.007362633106030969,0.0,,,,,1.0626384663182873,,,,,551
Samoskevich,Mackie Samoskevich,FLA,Florida Panthers,R,34.0,9.882352941176471,32.11764705882353,17.294117647058822,0.0,0.0,185.29411764705884,-9.882352941176471,24.705882352941178,0.0,163.05882352941177,,,,,mackiesamoskevich,,9.882352941176471,32.11764705882353,-9.882352941176471,24.705882352941178,17.294117647058822,0.0,185.29411764705884,0.0,163.05882352941177,,,,,,False,False,[],2,0.0,0.0,-0.17691777068636777,0.6530262988460993,-0.2589047260103761,-0.382450081853846,0.9439225248631964,-0.34202739709864877,1.0692475067494616,-0.544774682906941,0.8633335030410932,0.0,,,,,1.824455174943671,,,,,552
Letang,Kris Letang,PIT,Pittsburgh Penguins,D,35.0,4.8,36.0,16.8,0.0,1.0,136.8,2.4,38.4,0.0,98.4,,,,,krisletang,,4.8,36.0,2.4,38.4,16.8,0.0,136.8,0.0,98.4,,,,,,False,False,['D'],2,0.0,0.0,-0.5866492275376717,0.8714771818095324,0.22250075102095418,-0.019357993226075825,0.899254772560343,-0.34202739709864877,0.3009802505855655,-0.544774682906941,0.0017188691284371715,0.0,,,,,0.803122524335495,,,,,553
Hall,Taylor Hall,CAR,Carolina Hurricanes,L,35.0,16.8,24.0,4.8,0.0,0.0,134.4,9.6,33.6,28.8,43.199999999999996,,,,,taylorhall,,16.8,24.0,9.6,33.6,4.8,0.0,134.4,28.8,43.199999999999996,,,,,,False,False,[],2,0.0,0.0,0.3807722678056848,0.19626536174073933,0.5047039616944926,-0.146627385116222,-0.18553349765181307,-0.34202739709864877,0.262958290309623,-0.40664259369290173,-0.7338517026179572,0.0,,,,,-0.46998269462700304,,,,,554
Monahan,Sean Monahan,CBJ,Columbus Blue Jackets,C,35.0,12.0,28.8,19.2,0.0,2.0,148.79999999999998,-9.6,19.2,830.4000000000001,52.8,,,,,seanmonahan,,12.0,28.8,-9.6,19.2,19.2,0.0,148.79999999999998,830.4000000000001,52.8,,,,,,False,False,['C'],2,0.0,0.0,-0.0061963303316578565,0.4663500897682566,-0.2478379334349432,-0.5284355607866609,1.1162124266027742,-0.34202739709864877,0.49109005196527733,3.4380338894311913,-0.6059263857924972,0.0,,,,,3.7812628503230914,,Sean Monahan,Hagel Cream Cheese & Larks,Ilan Weintraub,555
Coyle,Charlie Coyle,CBJ,Columbus Blue Jackets,C,35.0,12.0,40.8,7.2,0.0,0.0,110.4,-12.0,14.4,655.1999999999999,129.6,,,,,charliecoyle,,12.0,40.8,-12.0,14.4,7.2,0.0,110.4,655.1999999999999,129.6,,,,,,False,False,['C'],2,0.0,0.0,-0.0061963303316578565,1.1415619098370495,-0.3419056703261227,-0.6557049526768072,0.03142415639061815,-0.34202739709864877,-0.11726131244980152,2.597730346712452,0.41747614881118156,0.0,,,,,2.725096898868263,,,,,556
Eklund,William Eklund,SJS,San Jose Sharks,L,32.0,21.0,36.75,26.25,0.0,0.0,215.25,-44.625,36.75,0.0,60.375,,,,,williameklund,,21.0,36.75,-44.625,36.75,26.25,0.0,215.25,0.0,60.375,,,,,,False,False,"['LW', 'RW']",2,0.0,0.0,0.7193697911758594,0.9136779205638319,-1.6206389686905935,-0.06310684668831357,1.7535255353524157,-0.34202739709864877,1.5438230771054342,-0.544774682906941,-0.5049853154849078,0.0,,,,,1.8548631133281364,,William Eklund,Hagel Cream Cheese & Larks,Ilan Weintraub,557
Levshunov,Artyom Levshunov,CHI,Chicago Blackhawks,D,33.0,2.5454545454545454,35.63636363636364,22.909090909090907,0.0,0.0,104.36363636363636,-25.454545454545457,56.0,0.0,84.0,,,,,artyomlevshunov,,2.5454545454545454,35.63636363636364,-25.454545454545457,56.0,22.909090909090907,0.0,104.36363636363636,0.0,84.0,,,,,,False,False,['D'],3,0.0,0.0,-0.768407205450666,0.8510162175650237,-0.8692551044130381,0.4472964437044605,1.451510619213804,-0.34202739709864877,-0.21289230344686905,-0.544774682906941,-0.19016910610975268,0.0,,,,,-0.17770251894262729,,Artyom Levshunov,Filip Use the Forceberg,Philip,558
Kreider,Chris Kreider,ANA,Anaheim Ducks,L,32.0,34.125,23.625,23.625,0.0,1.0,181.125,2.625,42.0,18.375,70.875,,,,,chriskreider,,34.125,23.625,2.625,42.0,23.625,0.0,181.125,18.375,70.875,,,,,,False,False,['LW'],2,0.0,0.0,1.7774870517076558,0.17516499236358954,0.23131960135450225,0.07609405069153391,1.5162281012435068,-0.34202739709864877,1.0031983294318774,-0.4566435322365253,-0.36506700020706107,0.0,,,,,3.615754197250431,,Chris Kreider,Slaffing From The Throne,Rob,559
Wilson,Tom Wilson,WSH,Washington Capitals,R,36.0,39.666666666666664,39.666666666666664,18.666666666666664,0.0,2.0,196.0,37.33333333333333,126.0,25.666666666666668,226.33333333333334,,,,,tomwilson,,39.666666666666664,39.666666666666664,37.33333333333333,126.0,18.666666666666664,0.0,196.0,25.666666666666668,226.33333333333334,,,,,,False,False,['RW'],2,0.0,0.0,2.2242476728210807,1.0777919046083302,1.5917089213258997,2.3033084087690936,1.0679996145933448,-0.34202739709864877,1.2388552707254792,-0.42167085339905874,1.7065013898788364,0.0,,,,,10.446714932224356,,Tom Wilson,Slaffing From The Throne,Rob,560
Larkin,Dylan Larkin,DET,Detroit Red Wings,C,37.0,40.86486486486487,36.32432432432432,15.891891891891893,0.0,4.0,256.5405405405405,13.621621621621623,59.02702702702703,919.4594594594595,38.5945945945946,,,,,dylanlarkin,,40.86486486486487,36.32432432432432,13.621621621621623,59.02702702702703,15.891891891891893,0.0,256.5405405405405,919.4594594594595,38.5945945945946,,,,,,False,False,['C'],3,0.0,0.0,2.3208445638726327,0.8897261499194997,0.6623309802689015,0.5275564205721204,0.8171626872469906,-0.34202739709864877,2.1979677821906933,3.8651855977439746,-0.7952212802842249,0.0,,,,,10.143525504431942,,Dylan Larkin,Hagel Cream Cheese & Larks,Ilan Weintraub,561
Thompson,Tage Thompson,BUF,Buffalo Sabres,C,35.0,43.199999999999996,33.6,21.599999999999998,0.0,1.0,295.2,-28.8,40.8,376.8,91.19999999999999,,,,,tagethompson,,43.199999999999996,33.6,-28.8,40.8,21.599999999999998,0.0,295.2,376.8,91.19999999999999,,,,,,False,False,"['C', 'RW']",2,0.0,0.0,2.509099557561069,0.7364348177957738,-1.000379828564379,0.044276702718997266,1.3331700806452051,-0.34202739709864877,2.810429628797767,1.2624534843100728,-0.09422511849065794,0.0,,,,,7.259231927675199,,Tage Thompson,Better Safe Than Sorokin,Harley Pesner,562
Hutson,Lane Hutson,MTL,Montréal Canadiens,D,36.0,11.666666666666668,63.0,21.0,0.0,1.0,142.33333333333334,7.0,9.333333333333332,0.0,42.0,,,,,lanehutson,,11.666666666666668,63.0,7.0,9.333333333333332,21.0,0.0,142.33333333333334,0.0,42.0,,,,,,False,False,['D'],2,0.0,0.0,-0.03306914964675099,2.3907037769643167,0.40279724672904815,-0.7900448663386281,1.2789306671345977,-0.34202739709864877,0.3886419923328772,-0.544774682906941,-0.7498423672211395,0.0,,,,,2.0013152199487316,,Lane Hutson,Better Safe Than Sorokin,Harley Pesner,563
Schmaltz,Nick Schmaltz,UTA,Utah Mammoth,C,38.0,26.52631578947368,44.21052631578947,15.473684210526315,0.0,3.0,196.73684210526315,0.0,17.684210526315788,311.6842105263158,24.315789473684212,,,,,nickschmaltz,,26.52631578947368,44.21052631578947,0.0,17.684210526315788,15.473684210526315,0.0,196.73684210526315,311.6842105263158,24.315789473684212,,,,,,False,False,"['C', 'RW']",1,0.0,0.0,1.1648928482418786,1.3334642165934434,0.12843301412977468,-0.5686258950677597,0.7793571216421573,-0.34202739709864877,1.250528679582128,0.9501416773371023,-0.9854942666364602,0.0,,,,,3.7106699987236156,,Nick Schmaltz,KYYYYLE….,jeremy elgressy,564
Keller,Clayton Keller,UTA,Utah Mammoth,R,38.0,26.52631578947368,44.21052631578947,22.105263157894736,0.0,3.0,234.3157894736842,6.63157894736842,22.105263157894736,22.105263157894736,13.26315789473684,,,,,claytonkeller,,26.52631578947368,44.21052631578947,6.63157894736842,22.105263157894736,22.105263157894736,0.0,234.3157894736842,22.105263157894736,13.26315789473684,,,,,,False,False,"['LW', 'RW']",1,0.0,0.0,1.1648928482418786,1.3334642165934434,0.3883570239606653,-0.4514040867478881,1.3788453762330857,-0.34202739709864877,1.8458725312712267,-0.43875224601020035,-1.132776703771036,0.0,,,,,3.746471562672526,,Clayton Keller,Better Safe Than Sorokin,Harley Pesner,565
Tavares,John Tavares,TOR,Toronto Maple Leafs,C,35.0,33.6,40.8,9.6,0.0,1.0,230.4,-16.8,38.4,808.8,81.6,,,,,johntavares,,33.6,40.8,-16.8,38.4,9.6,0.0,230.4,808.8,81.6,,,,,,False,False,['C'],3,0.0,0.0,1.735162361286384,1.1415619098370495,-0.5300411441084817,-0.019357993226075825,0.2483818104330493,-0.34202739709864877,1.783836701347321,3.3344348225206613,-0.22215043531611772,0.0,,,,,7.129800635675141,,John Tavares,KYYYYLE….,jeremy elgressy,566
Vilardi,Gabriel Vilardi,WPG,Winnipeg Jets,C,35.0,38.4,36.0,24.0,0.0,2.0,180.0,-7.2,28.8,57.6,24.0,,,,,gabrielvilardi,,38.4,36.0,-7.2,28.8,24.0,0.0,180.0,57.6,24.0,,,,,,False,False,"['C', 'RW']",1,0.0,0.0,2.122130959423726,0.8714771818095324,-0.15377019654376375,-0.2738967770063683,1.5501277346876365,-0.34202739709864877,0.9853755355525294,-0.2685105044788625,-0.9897023362688768,0.0,,,,,3.501204200076904,,Gabriel Vilardi,Hagel Cream Cheese & Larks,Ilan Weintraub,567
Ovechkin,Alex Ovechkin,WSH,Washington Capitals,L,36.0,32.666666666666664,39.666666666666664,18.666666666666664,0.0,3.0,221.66666666666666,11.666666666666668,9.333333333333332,4.666666666666666,126.0,,,,,alexovechkin,,32.666666666666664,39.666666666666664,11.666666666666668,9.333333333333332,18.666666666666664,0.0,221.66666666666666,4.666666666666666,126.0,,,,,,False,False,"['LW', 'RW']",2,0.0,0.0,1.6599184672041225,1.0777919046083302,0.5857067351285639,-0.7900448663386281,1.0679996145933448,-0.34202739709864877,1.645479012565419,-0.5223921684509624,0.3695041550016342,0.0,,,,,4.751935457213175,,Alex Ovechkin,Hagel Cream Cheese & Larks,Ilan Weintraub,568
Kadri,Nazem Kadri,CGY,Calgary Flames,C,36.0,18.666666666666664,53.666666666666664,25.666666666666668,0.0,1.0,263.6666666666667,-18.666666666666664,42.0,555.3333333333333,53.666666666666664,,,,,nazemkadri,,18.666666666666664,53.666666666666664,-18.666666666666664,42.0,25.666666666666668,0.0,263.6666666666667,555.3333333333333,53.666666666666664,,,,,,False,False,['C'],2,0.0,0.0,0.5312600559702066,1.865539028021922,-0.6032049394682878,0.07609405069153391,1.7007927722171028,-0.34202739709864877,2.310863317394412,2.11874453735451,-0.5943775724679765,0.0,,,,,7.0636838526147745,,Nazem Kadri,KYYYYLE….,jeremy elgressy,569
Hintz,Roope Hintz,DAL,Dallas Stars,C,32.0,28.875,49.875,36.75,0.0,1.0,191.625,36.75,26.25,666.75,76.125,,,,,roopehintz,,28.875,49.875,36.75,26.25,36.75,0.0,191.625,666.75,76.125,,,,,,False,False,['C'],2,0.0,0.0,1.3542401474949373,1.6521908487640744,1.5688452352759605,-0.3415086414480085,2.7027152717880525,-0.34202739709864877,1.1695444056391258,2.6531270699909992,-0.2951078425681377,0.0,,,,,10.122019097838356,,Roope Hintz,Hintz 57,Ryan,570
Konecny,Travis Konecny,PHI,Philadelphia Flyers,R,34.0,24.705882352941178,49.411764705882355,14.823529411764707,0.0,1.0,190.23529411764704,22.235294117647058,51.88235294117647,24.705882352941178,116.11764705882352,,,,,traviskonecny,,24.705882352941178,49.411764705882355,22.235294117647058,51.88235294117647,14.823529411764707,0.0,190.23529411764704,24.705882352941178,116.11764705882352,,,,,,False,False,"['LW', 'RW']",3,0.0,0.0,1.018132311796602,1.6261256865923013,0.999942929445114,0.33811926928889385,0.720583763348929,-0.34202739709864877,1.1475280131999308,-0.4262790181399956,0.23781632885777834,0.0,,,,,5.319941887290905,,Travis Konecny,Slaffing From The Throne,Rob,571
Guenther,Dylan Guenther,UTA,Utah Mammoth,R,38.0,35.368421052631575,30.94736842105263,17.684210526315788,0.0,5.0,267.4736842105263,0.0,17.684210526315788,35.368421052631575,75.15789473684211,,,,,dylanguenther,,35.368421052631575,30.94736842105263,0.0,17.684210526315788,17.684210526315788,0.0,267.4736842105263,35.368421052631575,75.15789473684211,,,,,,False,False,"['LW', 'RW']",1,0.0,0.0,1.8777297395475097,0.5871774680963563,0.12843301412977468,-0.5686258950677597,0.9791865398391333,-0.34202739709864877,2.3711759298204313,-0.375138783872156,-0.30799505581741304,0.0,,,,,4.349915559577228,,Dylan Guenther,Filip Use the Forceberg,Philip,572
Malkin,Evgeni Malkin,PIT,Pittsburgh Penguins,C,26.0,25.846153846153847,67.84615384615385,42.0,0.0,1.0,213.23076923076923,16.153846153846153,64.61538461538461,303.6923076923077,32.30769230769231,,,,,evgenimalkin,,25.846153846153847,67.84615384615385,16.153846153846153,64.61538461538461,42.0,0.0,213.23076923076923,303.6923076923077,32.30769230769231,,,,,,False,False,"['C', 'LW']",2,0.0,0.0,1.1100592412183687,2.6633854735305604,0.7615812432050212,0.6757286855585691,3.1773101400058703,-0.34202739709864877,1.5118334470655788,0.911810488612896,-0.8789977351699212,0.0,,,,,9.590683586928295,,Evgeni Malkin,Hintz 57,Ryan,573
Knies,Matthew Knies,TOR,Toronto Maple Leafs,L,32.0,18.375,57.75,5.25,0.0,0.0,175.875,-5.25,21.0,0.0,212.625,,,,,matthewknies,,18.375,57.75,-5.25,21.0,5.25,0.0,175.875,0.0,212.625,,,,,,False,False,['LW'],3,0.0,0.0,0.5077463390695003,2.0952986056842198,-0.07734016031968041,-0.480709538827856,-0.14485393751885722,-0.34202739709864877,0.9200252913282534,-0.544774682906941,1.5238302560438697,0.0,,,,,3.45719477545386,,Matthew Knies,Filip Use the Forceberg,Philip,574
Rust,Bryan Rust,PIT,Pittsburgh Penguins,R,33.0,30.545454545454547,43.27272727272727,38.18181818181818,0.0,3.0,216.36363636363635,-17.81818181818182,30.545454545454547,0.0,25.454545454545457,,,,,bryanrust,,30.545454545454547,43.27272727272727,-17.81818181818182,30.545454545454547,38.18181818181818,0.0,216.36363636363635,0.0,25.454545454545457,,,,,,False,False,['RW'],2,0.0,0.0,1.488909617017166,1.28069646669971,-0.5699486688501942,-0.2276169981372242,2.832150235847457,-0.34202739709864877,1.5614658427637784,-0.544774682906941,-0.9703197125074435,0.0,,,,,4.50853470282766,,Bryan Rust,Hagel Cream Cheese & Larks,Ilan Weintraub,575
Smith,Will Smith,SJS,San Jose Sharks,C,33.0,30.545454545454547,43.27272727272727,20.363636363636363,0.0,3.0,203.63636363636365,12.727272727272728,30.545454545454547,20.363636363636363,17.81818181818182,,,,,willsmith,,30.545454545454547,43.27272727272727,12.727272727272728,30.545454545454547,20.363636363636363,0.0,203.63636363636365,20.363636363636363,17.81818181818182,,,,,,False,False,"['C', 'RW']",2,0.0,0.0,1.488909617017166,1.28069646669971,0.627277073401181,-0.2276169981372242,1.2214040164415287,-0.34202739709864877,1.3598342352398418,-0.4471055289172163,-1.0720784872549685,0.0,,,,,3.8892929973913706,,Will Smith,Hintz 57,Ryan,576
Lehkonen,Artturi Lehkonen,COL,Colorado Avalanche,L,35.0,31.200000000000003,38.4,4.8,0.0,0.0,213.6,76.8,9.6,0.0,62.400000000000006,,,,,artturilehkonen,,31.200000000000003,38.4,76.8,9.6,4.8,0.0,213.6,0.0,62.400000000000006,,,,,,False,False,"['LW', 'RW']",2,0.0,0.0,1.5416780622177129,1.006519545823291,3.1386005946475177,-0.7829743445669534,-0.18553349765181307,-0.34202739709864877,1.5176829794157236,-0.544774682906941,-0.4780010689670373,0.0,,,,,4.871170190912851,,Artturi Lehkonen,Hintz 57,Ryan,577
Morrissey,Josh Morrissey,WPG,Winnipeg Jets,D,35.0,12.0,57.6,19.2,0.0,0.0,151.20000000000002,21.599999999999998,28.8,0.0,50.4,,,,,joshmorrissey,,12.0,57.6,21.599999999999998,28.8,19.2,0.0,151.20000000000002,0.0,50.4,,,,,,False,False,['D'],1,0.0,0.0,-0.0061963303316578565,2.08685845793336,0.9750426461503898,-0.2738967770063683,1.1162124266027742,-0.34202739709864877,0.5291120122412203,-0.544774682906941,-0.6379077149988622,0.0,,,,,2.9024226405852667,,Josh Morrissey,Slaffing From The Throne,Rob,578
Caufield,Cole Caufield,MTL,Montréal Canadiens,R,36.0,39.666666666666664,42.0,30.333333333333332,0.0,5.0,228.66666666666669,14.0,18.666666666666664,4.666666666666666,70.0,,,,,colecaufield,,39.666666666666664,42.0,14.0,18.666666666666664,30.333333333333332,0.0,228.66666666666669,4.666666666666666,70.0,,,,,,False,False,"['LW', 'RW']",2,0.0,0.0,2.2242476728210807,1.2090830918439288,0.6771614793283217,-0.5425766043300104,2.122654877299608,-0.34202739709864877,1.756376396703585,-0.5223921684509624,-0.3767268598135483,0.0,,,,,6.205800488303354,,Cole Caufield,Oy Matvey,Henry,579
Zegras,Trevor Zegras,PHI,Philadelphia Flyers,C,34.0,37.05882352941176,49.411764705882355,29.647058823529413,0.0,2.0,197.64705882352942,4.9411764705882355,69.17647058823529,126.0,27.176470588235297,,,,,trevorzegras,,37.05882352941176,49.411764705882355,4.9411764705882355,69.17647058823529,29.647058823529413,0.0,197.64705882352942,126.0,27.176470588235297,,,,,,False,False,"['C', 'LW', 'RW']",3,0.0,0.0,2.01400738053241,1.6261256865923013,0.3221018841998501,0.7966634018342736,2.0606163324345337,-0.34202739709864877,1.264948772875636,0.05955320740448074,-0.947374106436923,0.0,,,,,6.854615162337913,,Trevor Zegras,Better Safe Than Sorokin,Harley Pesner,580
Batherson,Drake Batherson,OTT,Ottawa Senators,R,32.0,36.75,55.125,31.5,0.0,2.0,178.5,13.125,31.5,13.125,123.375,,,,,drakebatherson,,36.75,55.125,13.125,31.5,31.5,0.0,178.5,13.125,123.375,,,,,,False,False,"['LW', 'RW']",2,0.0,0.0,1.9891105038140149,1.9475960200441713,0.6428659502534125,-0.20230774406816104,2.228120403570234,-0.34202739709864877,0.9616118103800654,-0.48182386099950125,0.3345245761821725,0.0,,,,,7.07767026207776,,Drake Batherson,Filip Use the Forceberg,Philip,581
Johnston,Wyatt Johnston,DAL,Dallas Stars,C,37.0,43.13513513513513,49.94594594594595,49.94594594594595,0.0,3.0,211.13513513513513,-2.27027027027027,22.702702702702705,420.0,24.972972972972975,,,,,wyattjohnston,,43.13513513513513,49.94594594594595,-2.27027027027027,22.702702702702705,49.94594594594595,0.0,211.13513513513513,420.0,24.972972972972975,,,,,,False,False,"['C', 'RW']",2,0.0,0.0,2.503870252180834,1.65618281053813,0.03945001977325356,-0.4355633018397973,3.8956158864977035,-0.34202739709864877,1.4786333985917828,1.4696516181311314,-0.9767369325365667,0.0,,,,,9.289076354237823,,Wyatt Johnston,Slaffing From The Throne,Rob,582
Rantanen,Mikko Rantanen,DAL,Dallas Stars,R,36.0,32.666666666666664,81.66666666666667,53.666666666666664,0.0,1.0,205.33333333333334,0.0,161.0,56.0,60.666666666666664,,,,,mikkorantanen,,32.666666666666664,81.66666666666667,0.0,161.0,53.666666666666664,0.0,205.33333333333334,56.0,60.666666666666664,,,,,,False,False,"['LW', 'RW']",2,0.0,0.0,1.6599184672041225,3.441033274849106,0.12843301412977468,3.2313143913014097,4.231965402712133,-0.34202739709864877,1.3867184495763665,-0.276184509435198,-0.5010986956160788,0.0,,,,,12.960072397622985,,Mikko Rantanen,Hagel Cream Cheese & Larks,Ilan Weintraub,583
Necas,Martin Necas,COL,Colorado Avalanche,C,35.0,38.4,74.39999999999999,21.599999999999998,0.0,0.0,184.8,81.6,52.8,21.599999999999998,81.6,,,,,martinnecas,,38.4,74.39999999999999,81.6,52.8,21.599999999999998,0.0,184.8,21.599999999999998,81.6,,,,,,False,False,['RW'],2,0.0,0.0,2.122130959423726,3.0321550060296696,3.326736068429877,0.36245018244436294,1.3331700806452051,-0.34202739709864877,1.0614194561044146,-0.4411756159964116,-0.22215043531611772,0.0,,,,,10.232708304666076,,Martin Necas,Slaffing From The Throne,Rob,584
Bedard,Connor Bedard,CHI,Chicago Blackhawks,C,31.0,51.483870967741936,67.74193548387096,35.225806451612904,0.0,3.0,279.0967741935484,21.677419354838708,81.29032258064517,401.03225806451616,24.38709677419355,,,,,connorbedard,,51.483870967741936,67.74193548387096,21.677419354838708,81.29032258064517,35.225806451612904,0.0,279.0967741935484,401.03225806451616,24.38709677419355,,,,,,False,False,"['C', 'RW']",3,0.0,0.0,3.1769324607980955,2.657521351023759,0.9780770892759117,1.117855605276199,2.564929664886105,-0.34202739709864877,2.5553145404946696,1.378677527116509,-0.9845440573646244,0.0,,,,,13.102736784407975,,Connor Bedard,Oy Matvey,Henry,585
Robertson,Jason Robertson,DAL,Dallas Stars,L,37.0,52.21621621621622,47.67567567567568,43.13513513513513,0.0,3.0,320.1081081081081,38.5945945945946,22.702702702702705,0.0,54.48648648648649,,,,,jasonrobertson,,52.21621621621622,47.67567567567568,38.5945945945946,22.702702702702705,43.13513513513513,0.0,320.1081081081081,0.0,54.48648648648649,,,,,,False,False,"['LW', 'RW']",2,0.0,0.0,3.235973005413645,1.5284400337683581,1.641143918190634,-0.4355633018397973,3.27992524664756,-0.34202739709864877,3.2050359192291697,-0.544774682906941,-0.5834530193231596,0.0,,,,,10.98469972208082,,Jason Robertson,Slaffing From The Throne,Rob,586
Kucherov,Nikita Kucherov,TBL,Tampa Bay Lightning,R,31.0,35.225806451612904,81.29032258064517,29.806451612903228,0.0,3.0,265.5483870967742,24.38709677419355,43.354838709677416,0.0,29.806451612903228,,,,,nikitakucherov,,35.225806451612904,81.29032258064517,24.38709677419355,43.354838709677416,29.806451612903228,0.0,265.5483870967742,0.0,29.806451612903228,,,,,,False,False,['RW'],3,0.0,0.0,1.8662323703329031,3.4198572769078805,1.0842825986691793,0.11201686291859124,2.075025284790293,-0.34202739709864877,2.340674442162736,-0.544774682906941,-0.9123281527050905,0.0,,,,,9.098958603070905,,Nikita Kucherov,Better Safe Than Sorokin,Harley Pesner,587
Makar,Cale Makar,COL,Colorado Avalanche,D,35.0,26.4,76.8,31.200000000000003,0.0,3.0,252.0,76.8,38.4,0.0,38.4,,,,,calemakar,,26.4,76.8,76.8,38.4,31.200000000000003,0.0,252.0,0.0,38.4,,,,,,False,False,['D'],2,0.0,0.0,1.1547094640803697,3.1671973700434286,3.1386005946475177,-0.019357993226075825,2.2010006968149303,-0.34202739709864877,2.1260343438308027,-0.544774682906941,-0.797814361030687,0.0,,,,,10.083568035154697,,Cale Makar,The Makar Of The Devil,Lev,588
Kaprizov,Kirill Kaprizov,MIN,Minnesota Wild,L,37.0,49.94594594594595,45.40540540540541,31.783783783783786,0.0,2.0,281.5135135135135,4.54054054054054,27.243243243243246,0.0,38.5945945945946,,,,,kirillkaprizov,,49.94594594594595,45.40540540540541,4.54054054054054,27.243243243243246,31.783783783783786,0.0,281.5135135135135,0.0,38.5945945945946,,,,,,False,False,['LW'],2,0.0,0.0,3.052947317105443,1.4006972569985867,0.3063990028428169,-0.3151733365383076,2.253774180230657,-0.34202739709864877,2.5936016931700947,-0.544774682906941,-0.7952212802842249,0.0,,,,,7.6102227535194755,,Kirill Kaprizov,Slaffing From The Throne,Rob,589
Eichel,Jack Eichel,VGK,Vegas Golden Knights,C,31.0,32.516129032258064,78.58064516129032,43.354838709677416,0.0,3.0,317.03225806451616,16.258064516129032,5.419354838709677,628.6451612903226,43.354838709677416,,,,,jackeichel,,32.516129032258064,78.58064516129032,16.258064516129032,5.419354838709677,43.354838709677416,0.0,317.03225806451616,628.6451612903226,43.354838709677416,,,,,,False,False,['C'],2,0.0,0.0,1.647782355255371,3.267390091731056,0.7656660704893776,-0.8938218794390161,3.2997862350298233,-0.34202739709864877,3.1563068158240823,2.47036661929198,-0.7317883910562561,0.0,,,,,12.639660520027771,,Jack Eichel,Oy Matvey,Henry,590
Marchand,Brad Marchand,FLA,Florida Panthers,L,34.0,49.411764705882355,49.411764705882355,27.176470588235297,0.0,2.0,237.1764705882353,-4.9411764705882355,64.23529411764706,2.4705882352941178,61.76470588235294,,,,,bradmarchand,,49.411764705882355,49.411764705882355,-4.9411764705882355,64.23529411764706,27.176470588235297,0.0,237.1764705882353,2.4705882352941178,61.76470588235294,,,,,,False,False,"['LW', 'RW']",2,0.0,0.0,3.0098824492682184,1.6261256865923013,-0.06523585594030071,0.6656507925355938,1.8372775709202664,-0.34202739709864877,1.8911928244793939,-0.5329251164302464,-0.4864667149334281,0.0,,,,,7.603474239393149,,Brad Marchand,KYYYYLE….,jeremy elgressy,591
Panarin,Artemi Panarin,NYR,New York Rangers,L,37.0,29.513513513513516,52.21621621621622,18.16216216216216,0.0,2.0,256.5405405405405,-9.08108108108108,31.783783783783786,0.0,13.621621621621623,,,,,artemipanarin,,29.513513513513516,52.21621621621622,-9.08108108108108,31.783783783783786,18.16216216216216,0.0,256.5405405405405,0.0,13.621621621621623,,,,,,False,False,['LW'],2,0.0,0.0,1.4057161223316195,1.7839255873079014,-0.2274989632963098,-0.19478337123681788,1.0223929005303714,-0.34202739709864877,2.1979677821906933,-0.544774682906941,-1.1279999760801847,0.0,,,,,3.972918001741683,,Artemi Panarin,KYYYYLE….,jeremy elgressy,592
Suzuki,Nick Suzuki,MTL,Montréal Canadiens,C,36.0,23.333333333333336,70.0,44.333333333333336,0.0,0.0,172.66666666666666,23.333333333333336,14.0,716.3333333333334,58.33333333333333,,,,,nicksuzuki,,23.333333333333336,70.0,23.333333333333336,14.0,44.333333333333336,0.0,172.66666666666666,716.3333333333334,58.33333333333333,,,,,,False,False,['C'],2,0.0,0.0,0.9074795263815123,2.7845773386711126,1.042980456127353,-0.6663107353343193,3.388241192547123,-0.34202739709864877,0.8691973235982607,2.8909412860857717,-0.5321916545667114,0.0,,,,,10.342887336411454,,Nick Suzuki,Filip Use the Forceberg,Philip,593
DeBrincat,Alex DeBrincat,DET,Detroit Red Wings,R,37.0,45.40540540540541,45.40540540540541,27.243243243243246,0.0,4.0,306.4864864864865,11.351351351351353,22.702702702702705,13.621621621621623,36.32432432432432,,,,,alexdebrincat,,45.40540540540541,45.40540540540541,11.351351351351353,22.702702702702705,27.243243243243246,0.0,306.4864864864865,13.621621621621623,36.32432432432432,,,,,,False,False,"['LW', 'RW']",3,0.0,0.0,2.6868959404890376,1.4006972569985867,0.5733479859123803,-0.4355633018397973,1.8433137536638953,-0.34202739709864877,2.9892356041494965,-0.4794419380084089,-0.8254738889929486,0.0,,,,,7.410984015273594,,Alex DeBrincat,Hintz 57,Ryan,594
Pastrnak,David Pastrnak,BOS,Boston Bruins,R,32.0,36.75,65.625,42.0,0.0,2.0,291.375,-23.625,73.5,2.625,115.5,,,,,davidpastrnak,,36.75,65.625,-23.625,73.5,42.0,0.0,291.375,2.625,115.5,,,,,,False,False,['RW'],2,0.0,0.0,1.9891105038140149,2.5384063626043654,-0.7975462708927732,0.9112994349706187,3.1773101400058703,-0.34202739709864877,2.7498321296079835,-0.532184518525453,0.22958583972378746,0.0,,,,,9.923786224209765,,David Pastrnak,Hintz 57,Ryan,595
Geekie,Morgan Geekie,BOS,Boston Bruins,C,37.0,56.75675675675676,31.783783783783786,27.243243243243246,0.0,4.0,208.86486486486487,-6.810810810810811,27.243243243243246,111.24324324324324,140.75675675675674,,,,,morgangeekie,,56.75675675675676,31.783783783783786,-6.810810810810811,27.243243243243246,27.243243243243246,0.0,208.86486486486487,111.24324324324324,140.75675675675674,,,,,,False,False,"['C', 'LW', 'RW']",2,0.0,0.0,3.60202438203005,0.6342405963799566,-0.1385159689397887,-0.3151733365383076,1.8433137536638953,-0.34202739709864877,1.4426666794118375,-0.011223932902262356,0.5661461116083375,0.0,,,,,7.28145088761507,,Morgan Geekie,Oy Matvey,Henry,596
Raymond,Lucas Raymond,DET,Detroit Red Wings,L,35.0,26.4,64.8,33.6,0.0,3.0,184.8,14.4,9.6,2.4,38.4,,,,,lucasraymond,,26.4,64.8,14.4,9.6,33.6,0.0,184.8,2.4,38.4,,,,,,False,False,['RW'],3,0.0,0.0,1.1547094640803697,2.4919855499746357,0.6928394354768516,-0.7829743445669534,2.4179583508573614,-0.34202739709864877,1.0614194561044146,-0.5332636754724377,-0.797814361030687,0.0,,,,,5.362832478324906,,Lucas Raymond,The Makar Of The Devil,Lev,597
Nylander,William Nylander,TOR,Toronto Maple Leafs,R,31.0,29.806451612903228,67.74193548387096,18.967741935483872,0.0,2.0,173.41935483870967,-5.419354838709677,32.516129032258064,48.7741935483871,10.838709677419354,,,,,williamnylander,,29.806451612903228,67.74193548387096,-5.419354838709677,32.516129032258064,18.967741935483872,0.0,173.41935483870967,48.7741935483871,10.838709677419354,,,,,,False,False,"['C', 'RW']",3,0.0,0.0,1.4293323401778388,2.657521351023759,-0.0839780046567596,-0.175365634897868,1.095216524598668,-0.34202739709864877,0.8811217735055903,-0.31084130601219706,-1.1650838190134587,0.0,,,,,3.9858958276269245,,William Nylander,Hagel Cream Cheese & Larks,Ilan Weintraub,598
Marner,Mitch Marner,VGK,Vegas Golden Knights,R,34.0,17.294117647058822,71.6470588235294,24.705882352941178,0.0,0.0,153.1764705882353,19.764705882352942,24.705882352941178,51.88235294117647,32.11764705882353,,,,,mitchmarner,,17.294117647058822,71.6470588235294,19.764705882352942,24.705882352941178,24.705882352941178,0.0,153.1764705882353,51.88235294117647,32.11764705882353,,,,,,False,False,"['LW', 'RW']",2,0.0,0.0,0.42060727055511693,2.877253470837417,0.9031084944100763,-0.382450081853846,1.6139388094059988,-0.34202739709864877,0.5604242148214081,-0.2959337868963556,-0.8815301933649952,0.0,,,,,4.473390800816172,,Mitch Marner,Better Safe Than Sorokin,Harley Pesner,599
Gauthier,Cutter Gauthier,ANA,Anaheim Ducks,L,36.0,42.0,42.0,18.666666666666664,0.0,3.0,310.33333333333337,30.333333333333332,32.666666666666664,58.33333333333333,63.0,,,,,cuttergauthier,,42.0,42.0,30.333333333333332,32.666666666666664,18.666666666666664,0.0,310.33333333333337,58.33333333333333,63.0,,,,,,False,False,['LW'],2,0.0,0.0,2.4123574080267334,1.2090830918439288,1.3173446887266262,-0.17137421131708389,1.0679996145933448,-0.34202739709864877,3.050179211648849,-0.26499325220720876,-0.4700057366654461,0.0,,,,,7.8085634175510945,,Cutter Gauthier,Filip Use the Forceberg,Philip,600
Barzal,Mathew Barzal,NYI,New York Islanders,C,35.0,24.0,45.599999999999994,19.2,0.0,1.0,196.8,16.8,48.0,280.8,36.0,,,,,mathewbarzal,,24.0,45.599999999999994,16.8,48.0,19.2,0.0,196.8,280.8,36.0,,,,,,False,False,"['C', 'RW']",3,0.0,0.0,0.9612251650116985,1.4116466378645665,0.786907172368031,0.23518079055421673,1.1162124266027742,-0.34202739709864877,1.2515292574841268,0.8020131869299418,-0.8297956902370519,0.0,,,,,5.392891549479654,,Mathew Barzal,Hintz 57,Ryan,601
Carlson,John Carlson,WSH,Washington Capitals,D,32.0,18.375,55.125,15.75,0.0,0.0,173.25,23.625,31.5,0.0,31.5,,,,,johncarlson,,18.375,55.125,23.625,31.5,15.75,0.0,173.25,0.0,31.5,,,,,,False,False,['D'],2,0.0,0.0,0.5077463390695003,1.9475960200441713,1.0544122991523228,-0.20230774406816104,0.8043357989167793,-0.34202739709864877,0.8784387722764413,-0.544774682906941,-0.8897606824989863,0.0,,,,,3.2136587228864784,,John Carlson,Slaffing From The Throne,Rob,602
Dahlin,Rasmus Dahlin,BUF,Buffalo Sabres,D,32.0,10.5,63.0,28.875,0.0,0.0,228.375,-13.125,97.125,0.0,70.875,,,,,rasmusdahlin,,10.5,63.0,-13.125,97.125,28.875,0.0,228.375,0.0,70.875,,,,,,False,False,['D'],2,0.0,0.0,-0.12712401724957742,2.3907037769643167,-0.38599992199386307,1.5377034731799324,1.9908229694613249,-0.34202739709864877,1.7517556723644945,-0.544774682906941,-0.36506700020706107,0.0,,,,,5.905992872513977,,Rasmus Dahlin,The Makar Of The Devil,Lev,603
Matthews,Auston Matthews,TOR,Toronto Maple Leafs,C,30.0,39.2,25.2,11.2,0.0,2.0,310.8,11.2,33.6,842.8,53.199999999999996,,,,,austonmatthews,,39.2,25.2,11.2,33.6,11.2,0.0,310.8,842.8,53.199999999999996,,,,,,False,False,['C'],3,0.0,0.0,2.1866257257799506,0.2637865437476186,0.5674157862886122,-0.146627385116222,0.3930202464613367,-0.34202739709864877,3.057572370591393,3.4975074278427907,-0.6005961642581031,0.0,,,,,8.876677154238727,,Auston Matthews,Slaffing From The Throne,Rob,604
Evangelista,Luke Evangelista,NSH,Nashville Predators,R,34.0,12.352941176470589,46.94117647058824,17.294117647058822,0.0,0.0,190.23529411764704,17.294117647058822,19.764705882352942,0.0,17.294117647058822,,,,,lukeevangelista,,12.352941176470589,46.94117647058824,17.294117647058822,19.764705882352942,17.294117647058822,0.0,190.23529411764704,0.0,17.294117647058822,,,,,,False,False,[],2,0.0,0.0,0.022257243060793845,1.4871114883428438,0.8062740593750385,-0.513462691152526,0.9439225248631964,-0.34202739709864877,1.1475280131999308,-0.544774682906941,-1.0790619325807789,0.0,,,,,1.9277666251029089,,,,,605
Giroux,Claude Giroux,OTT,Ottawa Senators,R,35.0,16.8,40.8,19.2,0.0,1.0,139.20000000000002,19.2,24.0,537.6,72.0,,,,,claudegiroux,,16.8,40.8,19.2,24.0,19.2,0.0,139.20000000000002,537.6,72.0,,,,,,False,False,"['LW', 'RW']",2,0.0,0.0,0.3807722678056848,1.1415619098370495,0.8809749092592104,-0.4011661688965146,1.1162124266027742,-0.34202739709864877,0.33900221086150806,2.033690982421792,-0.3500757521415775,0.0,,,,,4.798945388651278,,Claude Giroux,The Makar Of The Devil,Lev,606
Ehlers,Nikolaj Ehlers,CAR,Carolina Hurricanes,L,35.0,19.2,38.4,19.2,0.0,3.0,213.6,9.6,14.4,24.0,14.4,,,,,nikolajehlers,,19.2,38.4,9.6,14.4,19.2,0.0,213.6,24.0,14.4,,,,,,False,False,"['LW', 'RW']",2,0.0,0.0,0.5742565668743559,1.006519545823291,0.5047039616944926,-0.6557049526768072,1.1162124266027742,-0.34202739709864877,1.5176829794157236,-0.4296646085619083,-1.1176276530943365,0.0,,,,,2.1743508689789364,,Nikolaj Ehlers,Hintz 57,Ryan,607
Doan,Josh Doan,BUF,Buffalo Sabres,R,35.0,24.0,33.6,21.599999999999998,0.0,1.0,213.6,-16.8,28.8,9.6,72.0,,,,,joshdoan,,24.0,33.6,-16.8,28.8,21.599999999999998,0.0,213.6,9.6,72.0,,,,,,False,False,"['LW', 'RW']",2,0.0,0.0,0.9612251650116985,0.7364348177957738,-0.5300411441084817,-0.2738967770063683,1.3331700806452051,-0.34202739709864877,1.5176829794157236,-0.49873065316892795,-0.3500757521415775,0.0,,,,,2.553741319344397,,Josh Doan,KYYYYLE….,jeremy elgressy,608
Schaefer,Matthew Schaefer,NYI,New York Islanders,D,36.0,21.0,35.0,25.666666666666668,0.0,2.0,228.66666666666669,14.0,42.0,0.0,35.0,,,,,matthewschaefer,,21.0,35.0,14.0,42.0,25.666666666666668,0.0,228.66666666666669,0.0,35.0,,,,,,False,False,['D'],3,0.0,0.0,0.7193697911758594,0.8152095301371329,0.6771614793283217,0.07609405069153391,1.7007927722171028,-0.34202739709864877,1.756376396703585,-0.544774682906941,-0.8431212440730373,0.0,,,,,4.015080696174909,,Matthew Schaefer,Oy Matvey,Henry,609
Kane,Patrick Kane,DET,Detroit Red Wings,R,24.0,21.0,59.5,31.5,0.0,2.0,245.0,-7.0,28.0,0.0,21.0,,,,,patrickkane,,21.0,59.5,-7.0,28.0,31.5,0.0,245.0,0.0,21.0,,,,,,False,False,['RW'],3,0.0,0.0,0.7193697911758594,2.1937669961109187,-0.14593121846949877,-0.2951083423213927,2.228120403570234,-0.34202739709864877,2.0151369596926374,-0.544774682906941,-1.029678997776833,0.0,,,,,4.7988735119763355,,Patrick Kane,Oy Matvey,Henry,610
Lindholm,Elias Lindholm,BOS,Boston Bruins,C,27.0,15.555555555555555,56.0,37.33333333333333,0.0,1.0,121.33333333333333,-3.1111111111111107,87.1111111111111,728.0,74.66666666666666,,,,,eliaslindholm,,15.555555555555555,56.0,-3.1111111111111107,87.1111111111111,37.33333333333333,0.0,121.33333333333333,728.0,74.66666666666666,,,,,,False,False,['C'],2,0.0,0.0,0.2804470756960033,1.9968302152575208,0.006493355196764271,1.2721906503998526,2.755448034923365,-0.34202739709864877,0.05594983991838058,2.946897572225718,-0.3145409419122832,0.0,,,,,8.657688404606672,,Elias Lindholm,Slaffing From The Throne,Rob,611
Burakovsky,Andre Burakovsky,CHI,Chicago Blackhawks,L,30.0,25.2,39.2,16.8,0.0,1.0,112.0,-14.0,22.4,0.0,22.4,,,,,andreburakovsky,,25.2,39.2,-14.0,22.4,16.8,0.0,112.0,0.0,22.4,,,,,,False,False,[],3,0.0,0.0,1.0579673145460342,1.0515336671612108,-0.42029545106877225,-0.44358929952656334,0.899254772560343,-0.34202739709864877,-0.09191333893250665,-0.544774682906941,-1.0110232224064533,0.0,,,,,0.15513236232770278,,,,,612
Meier,Timo Meier,NJD,New Jersey Devils,R,31.0,29.806451612903228,32.516129032258064,24.38709677419355,0.0,1.0,270.96774193548384,-16.258064516129032,27.096774193548388,59.612903225806456,168.0,,,,,timomeier,,29.806451612903228,32.516129032258064,-16.258064516129032,27.096774193548388,24.38709677419355,0.0,270.96774193548384,59.612903225806456,168.0,,,,,,False,False,"['LW', 'RW']",2,0.0,0.0,1.4293323401778388,0.675447943725044,-0.5088000422298282,-0.3190568838060976,1.5851209046944805,-0.34202739709864877,2.426530481495509,-0.25885611114669843,0.9291774161130211,0.0,,,,,5.616868651924619,,Timo Meier,Oy Matvey,Henry,613
Raddysh,Darren Raddysh,TBL,Tampa Bay Lightning,D,29.0,20.27586206896552,49.241379310344826,23.17241379310345,0.0,0.0,191.17241379310346,14.482758620689657,49.241379310344826,0.0,75.3103448275862,,,,,darrenraddysh,,20.27586206896552,49.241379310344826,14.482758620689657,49.241379310344826,23.17241379310345,0.0,191.17241379310346,0.0,75.3103448275862,,,,,,False,False,['D'],3,0.0,0.0,0.6609909078361743,1.6165385005061315,0.6960831505420647,0.2680952884568407,1.475314750535074,-0.34202739709864877,1.162374316147434,-0.544774682906941,-0.3059635739259017,0.0,,,,,4.686631260092228,,Darren Raddysh,The Makar Of The Devil,Lev,614
Dvorak,Christian Dvorak,PHI,Philadelphia Flyers,C,33.0,17.81818181818182,40.72727272727273,0.0,0.0,0.0,150.1818181818182,20.363636363636363,20.363636363636363,544.7272727272727,40.72727272727273,,,,,christiandvorak,,17.81818181818182,40.72727272727273,20.363636363636363,20.363636363636363,0.0,0.0,150.1818181818182,544.7272727272727,40.72727272727273,,,,,,False,False,['C'],3,0.0,0.0,0.4628565158954242,1.1374697169881478,0.9265835089640247,-0.4975823748738981,-0.6194488057366755,-0.34202739709864877,0.5129814836393052,2.0678751863181954,-0.7668021630123937,0.0,,,,,2.8819056710834814,,,,,615
Fiala,Kevin Fiala,LAK,Los Angeles Kings,L,34.0,29.647058823529413,27.176470588235297,22.235294117647058,0.0,2.0,247.05882352941177,-17.294117647058822,49.411764705882355,7.411764705882353,42.0,,,,,kevinfiala,,29.647058823529413,27.176470588235297,-17.294117647058822,49.411764705882355,22.235294117647058,0.0,247.05882352941177,7.411764705882353,42.0,,,,,,False,False,['LW'],3,0.0,0.0,1.4164823392909254,0.3749979023471847,-0.5494080311154892,0.2726129646395539,1.3906000478917313,-0.34202739709864877,2.0477538373803332,-0.5092259834768574,-0.7498423672211395,0.0,,,,,3.351943312637594,,Kevin Fiala,Slaffing From The Throne,Rob,616
Dorofeyev,Pavel Dorofeyev,VGK,Vegas Golden Knights,R,34.0,37.05882352941176,19.764705882352942,34.588235294117645,0.0,1.0,229.76470588235296,-19.764705882352942,24.705882352941178,0.0,37.05882352941176,,,,,paveldorofeyev,,37.05882352941176,19.764705882352942,-19.764705882352942,24.705882352941178,34.588235294117645,0.0,229.76470588235296,0.0,37.05882352941176,,,,,,False,False,"['LW', 'RW']",2,0.0,0.0,2.01400738053241,-0.042044692401187585,-0.6462424661505268,-0.382450081853846,2.507293855463068,-0.34202739709864877,1.7737720648036892,-0.544774682906941,-0.8156862802930674,0.0,,,,,3.5218477000949493,,Pavel Dorofeyev,Filip Use the Forceberg,Philip,617
Svechnikov,Andrei Svechnikov,CAR,Carolina Hurricanes,R,35.0,19.2,36.0,19.2,0.0,1.0,230.4,-9.6,57.6,9.6,136.8,,,,,andreisvechnikov,,19.2,36.0,-9.6,57.6,19.2,0.0,230.4,9.6,136.8,,,,,,False,False,"['LW', 'RW']",2,0.0,0.0,0.5742565668743559,0.8714771818095324,-0.2478379334349432,0.4897195743345093,1.1162124266027742,-0.34202739709864877,1.783836701347321,-0.49873065316892795,0.5134201364302766,0.0,,,,,4.2603266036962495,,Andrei Svechnikov,Filip Use the Forceberg,Philip,618
Voronkov,Dmitri Voronkov,CBJ,Columbus Blue Jackets,L,35.0,31.200000000000003,24.0,14.4,0.0,0.0,163.2,0.0,100.8,9.6,127.19999999999999,,,,,dmitrivoronkov,,31.200000000000003,24.0,0.0,100.8,14.4,0.0,163.2,9.6,127.19999999999999,,,,,,False,False,[],2,0.0,0.0,1.5416780622177129,0.19626536174073933,0.12843301412977468,1.6351441013458254,0.6822971185179117,-0.34202739709864877,0.7192218136209321,-0.49873065316892795,0.3854948196048165,0.0,,,,,4.447776240910136,,,,,619
Lee,Anders Lee,NYI,New York Islanders,L,36.0,21.0,32.666666666666664,11.666666666666668,0.0,2.0,207.66666666666669,2.333333333333333,49.0,63.0,72.33333333333334,,,,,anderslee,,21.0,32.666666666666664,2.333333333333333,49.0,11.666666666666668,0.0,207.66666666666669,63.0,72.33333333333334,,,,,,False,False,[],3,0.0,0.0,0.7193697911758594,0.6839183429015342,0.2198877583295325,0.2616952471979972,0.43520645696958743,-0.34202739709864877,1.4236842442890885,-0.24261073775123013,-0.34563390086291557,0.0,,,,,2.8134898051508044,,,,,620
Toffoli,Tyler Toffoli,SJS,San Jose Sharks,C,36.0,23.333333333333336,30.333333333333332,11.666666666666668,0.0,0.0,191.33333333333331,-4.666666666666666,4.666666666666666,4.666666666666666,56.0,,,,,tylertoffoli,,23.333333333333336,30.333333333333332,-4.666666666666666,4.666666666666666,11.666666666666668,0.0,191.33333333333331,4.666666666666666,56.0,,,,,,False,False,"['LW', 'RW']",2,0.0,0.0,0.9074795263815123,0.5526271556659356,-0.054476474269740935,-0.9137789973429371,0.43520645696958743,-0.34202739709864877,1.1649236813000352,-0.5223921684509624,-0.5632846135173439,0.0,,,,,0.6642771696374377,,Tyler Toffoli,Better Safe Than Sorokin,Harley Pesner,621
Slafkovský,Juraj Slafkovsky,MTL,Montréal Canadiens,L,36.0,23.333333333333336,30.333333333333332,28.0,0.0,1.0,165.66666666666669,7.0,46.66666666666667,23.333333333333336,135.33333333333334,,,,,jurajslafkovsky,,23.333333333333336,30.333333333333332,7.0,46.66666666666667,28.0,0.0,165.66666666666669,23.333333333333336,135.33333333333334,,,,,,False,False,"['LW', 'RW']",2,0.0,0.0,0.9074795263815123,0.5526271556659356,0.40279724672904815,0.1998281816958429,1.9117238247583552,-0.34202739709864877,0.7582999394600957,-0.4328621106270481,0.4938759908041647,0.0,,,,,4.451742357769258,,Juraj Slafkovský,Slaffing From The Throne,Rob,622
Rielly,Morgan Rielly,TOR,Toronto Maple Leafs,D,34.0,12.352941176470589,46.94117647058824,9.882352941176471,0.0,2.0,172.94117647058823,-17.294117647058822,14.823529411764707,0.0,34.588235294117645,,,,,morganrielly,,12.352941176470589,46.94117647058824,-17.294117647058822,14.823529411764707,9.882352941176471,0.0,172.94117647058823,0.0,34.588235294117645,,,,,,False,False,['D'],3,0.0,0.0,0.022257243060793845,1.4871114883428438,-0.5494080311154892,-0.6444753004512059,0.27390624032039423,-0.34202739709864877,0.8735462406232869,-0.544774682906941,-0.8486082368290314,0.0,,,,,-0.2724724360539973,,Morgan Rielly,Hintz 57,Ryan,623
Andersson,Rasmus Andersson,CGY,Calgary Flames,D,36.0,16.333333333333332,42.0,18.666666666666664,0.0,0.0,212.33333333333331,11.666666666666668,88.66666666666667,0.0,42.0,,,,,rasmusandersson,,16.333333333333332,42.0,11.666666666666668,88.66666666666667,18.666666666666664,0.0,212.33333333333331,0.0,42.0,,,,,,False,False,['D'],2,0.0,0.0,0.3431503207645541,1.2090830918439288,0.5857067351285639,1.3134353607346227,1.0679996145933448,-0.34202739709864877,1.4976158337145316,-0.544774682906941,-0.7498423672211395,0.0,,,,,4.380346509552817,,Rasmus Andersson,Better Safe Than Sorokin,Harley Pesner,624
Verhaeghe,Carter Verhaeghe,FLA,Florida Panthers,C,34.0,27.176470588235297,42.0,12.352941176470589,0.0,2.0,210.0,9.882352941176471,24.705882352941178,39.529411764705884,84.0,,,,,carterverhaeghe,,27.176470588235297,42.0,9.882352941176471,24.705882352941178,12.352941176470589,0.0,210.0,39.529411764705884,84.0,,,,,,False,False,['LW'],2,0.0,0.0,1.2173073255437636,1.2090830918439288,0.5157707542699255,-0.382450081853846,0.49724500183466164,-0.34202739709864877,1.46065003900181,-0.3551816192798283,-0.19016910610975268,0.0,,,,,3.630228008152014,,Carter Verhaeghe,The Makar Of The Devil,Lev,625
Gostisbehere,Shayne Gostisbehere,CAR,Carolina Hurricanes,D,26.0,9.692307692307693,74.3076923076923,25.846153846153847,0.0,0.0,138.9230769230769,29.076923076923077,12.923076923076923,0.0,32.30769230769231,,,,,shaynegostisbehere,,9.692307692307693,74.3076923076923,29.076923076923077,12.923076923076923,25.846153846153847,0.0,138.9230769230769,0.0,32.30769230769231,,,,,,False,False,['D'],2,0.0,0.0,-0.19223892558999553,3.0269610689522177,1.2680998264652183,-0.6948647655660829,1.7170182377971992,-0.34202739709864877,0.33461506159889876,-0.544774682906941,-0.8789977351699212,0.0,,,,,3.693790688481945,,Shayne Gostisbehere,Oy Matvey,Henry,626
Forsberg,Filip Forsberg,NSH,Nashville Predators,L,35.0,38.4,28.8,14.4,0.0,1.0,268.8,2.4,48.0,14.4,163.2,,,,,filipforsberg,,38.4,28.8,2.4,48.0,14.4,0.0,268.8,14.4,163.2,,,,,,False,False,['LW'],2,0.0,0.0,2.122130959423726,0.4663500897682566,0.22250075102095418,0.23518079055421673,0.6822971185179117,-0.34202739709864877,2.3921880657624,-0.4757086382999213,0.865214757700291,0.0,,,,,6.168126497349186,,Filip Forsberg,Filip Use the Forceberg,Philip,627
Chychrun,Jakob Chychrun,WSH,Washington Capitals,D,36.0,32.666666666666664,32.666666666666664,14.0,0.0,3.0,291.6666666666667,51.333333333333336,77.0,0.0,79.33333333333333,,,,,jakobchychrun,,32.666666666666664,32.666666666666664,51.333333333333336,77.0,14.0,0.0,291.6666666666667,0.0,79.33333333333333,,,,,,False,False,['D'],2,0.0,0.0,1.6599184672041225,0.6839183429015342,2.140437386524447,1.0041000332238503,0.6461375095108398,-0.34202739709864877,2.754452853947074,-0.544774682906941,-0.25235502401101795,0.0,,,,,7.74980748929526,,Jakob Chychrun,Hintz 57,Ryan,628
Hischier,Nico Hischier,NJD,New Jersey Devils,C,36.0,23.333333333333336,42.0,18.666666666666664,0.0,1.0,207.66666666666669,-7.0,32.666666666666664,935.6666666666667,67.66666666666667,,,,,nicohischier,,23.333333333333336,42.0,-7.0,32.666666666666664,18.666666666666664,0.0,207.66666666666669,935.6666666666667,67.66666666666667,,,,,,False,False,['C'],2,0.0,0.0,0.9074795263815123,1.2090830918439288,-0.14593121846949877,-0.17137421131708389,1.0679996145933448,-0.34202739709864877,1.4236842442890885,3.9429194655167654,-0.40781981876418083,0.0,,,,,7.484013296975227,,Nico Hischier,Oy Matvey,Henry,629
Demidov,Ivan Demidov,MTL,Montréal Canadiens,R,36.0,18.666666666666664,46.66666666666667,21.0,0.0,2.0,112.0,-2.333333333333333,42.0,0.0,35.0,,,,,ivandemidov,,18.666666666666664,46.66666666666667,-2.333333333333333,42.0,21.0,0.0,112.0,0.0,35.0,,,,,,False,False,['RW'],2,0.0,0.0,0.5312600559702066,1.4716654663151265,0.03697826993001688,0.07609405069153391,1.2789306671345977,-0.34202739709864877,-0.09191333893250665,-0.544774682906941,-0.8431212440730373,0.0,,,,,1.5730918470303479,,Ivan Demidov,The Makar Of The Devil,Lev,630
Hertl,Tomas Hertl,VGK,Vegas Golden Knights,C,34.0,34.588235294117645,32.11764705882353,29.647058823529413,0.0,2.0,239.64705882352942,-14.823529411764707,19.764705882352942,788.1176470588235,108.70588235294119,,,,,tomashertl,,34.588235294117645,32.11764705882353,-14.823529411764707,19.764705882352942,29.647058823529413,0.0,239.64705882352942,788.1176470588235,108.70588235294119,,,,,,False,False,"['C', 'LW']",2,0.0,0.0,1.8148323667852484,0.6530262988460993,-0.4525735960804515,-0.513462691152526,2.0606163324345337,-0.34202739709864877,1.9303330777046286,3.2352370231586187,0.1390504592498868,0.0,,,,,8.52503187384739,,Tomas Hertl,Filip Use the Forceberg,Philip,631
Cozens,Dylan Cozens,OTT,Ottawa Senators,C,35.0,26.4,38.4,36.0,0.0,0.0,194.4,-21.599999999999998,81.6,496.8,244.79999999999998,,,,,dylancozens,,26.4,38.4,-21.599999999999998,81.6,36.0,0.0,194.4,496.8,244.79999999999998,,,,,,False,False,['C'],2,0.0,0.0,1.1547094640803697,1.006519545823291,-0.7181766178908405,1.1260665337852405,2.6349160048997926,-0.34202739709864877,1.2135072972081842,1.8380038560352363,1.9525799507166997,0.0,,,,,9.866098637559324,,Dylan Cozens,Slaffing From The Throne,Rob,632
Seider,Moritz Seider,DET,Detroit Red Wings,D,37.0,13.621621621621623,47.67567567567568,27.243243243243246,0.0,1.0,195.24324324324323,29.513513513513516,74.91891891891892,0.0,143.02702702702703,,,,,moritzseider,,13.621621621621623,47.67567567567568,29.513513513513516,74.91891891891892,27.243243243243246,0.0,195.24324324324323,0.0,143.02702702702703,,,,,,False,False,['D'],3,0.0,0.0,0.12453630417420122,1.5284400337683581,1.2852119407645495,0.9489212991273343,1.8433137536638953,-0.34202739709864877,1.2268663643321636,-0.544774682906941,0.5963987203170613,0.0,,,,,6.666886336141975,,Moritz Seider,The Makar Of The Devil,Lev,633
Peterka,JJ Peterka,UTA,Utah Mammoth,R,38.0,30.94736842105263,28.736842105263158,2.2105263157894735,0.0,2.0,179.0526315789474,11.052631578947368,35.368421052631575,8.842105263157894,19.894736842105264,,,,,jjpeterka,,30.94736842105263,28.736842105263158,11.052631578947368,35.368421052631575,2.2105263157894735,0.0,179.0526315789474,8.842105263157894,19.894736842105264,,,,,,False,False,"['LW', 'RW']",1,0.0,0.0,1.5213112938946944,0.46279634334684183,0.5616396971812591,-0.09973866178827352,-0.41961938753969935,-0.34202739709864877,0.9703668670225526,-0.5023657081482448,-1.0444072414902905,0.0,,,,,1.107955805380191,,JJ Peterka,Better Safe Than Sorokin,Harley Pesner,634
Hughes,Quinn Hughes,MIN,Minnesota Wild,D,31.0,8.129032258064516,62.32258064516129,37.935483870967744,0.0,0.0,230.32258064516128,-21.677419354838708,32.516129032258064,0.0,8.129032258064516,,,,,quinnhughes,,8.129032258064516,62.32258064516129,-21.677419354838708,32.516129032258064,37.935483870967744,0.0,230.32258064516128,0.0,8.129032258064516,,,,,,False,False,['D'],2,0.0,0.0,-0.318267780442418,2.3525869806701105,-0.7212110610163626,-0.175365634897868,2.8098818549340114,-0.34202739709864877,1.7826101864997097,-0.544774682906941,-1.2011917713432259,0.0,,,,,3.642240694398368,,Quinn Hughes,Better Safe Than Sorokin,Harley Pesner,635
Bennett,Sam Bennett,FLA,Florida Panthers,C,35.0,28.8,31.200000000000003,12.0,0.0,4.0,216.00000000000003,7.2,67.2,576.0,170.39999999999998,,,,,sambennett,,28.8,31.200000000000003,7.2,67.2,12.0,0.0,216.00000000000003,576.0,170.39999999999998,,,,,,False,False,['C'],2,0.0,0.0,1.348193763149041,0.6013924537820153,0.41063622480331313,0.7442583581148019,0.4653394644754805,-0.34202739709864877,1.5557049396916667,2.217867101373844,0.9611587453193857,0.0,,,,,7.9625236536109,,Sam Bennett,Oy Matvey,Henry,636
Bertuzzi,Tyler Bertuzzi,CHI,Chicago Blackhawks,L,32.0,42.0,26.25,34.125,0.0,1.0,175.875,-31.5,57.75,89.25,70.875,,,,,tylerbertuzzi,,42.0,26.25,-31.5,57.75,34.125,0.0,175.875,89.25,70.875,,,,,,False,False,"['LW', 'RW']",3,0.0,0.0,2.4123574080267334,0.322867578003638,-1.1062060325669558,0.49369674283107634,2.4654178376791434,-0.34202739709864877,0.9200252913282534,-0.11670909393635061,-0.36506700020706107,0.0,,,,,4.684355334059828,,Tyler Bertuzzi,Hagel Cream Cheese & Larks,Ilan Weintraub,637
Strome,Dylan Strome,WSH,Washington Capitals,C,34.0,14.823529411764707,49.411764705882355,14.823529411764707,0.0,1.0,140.8235294117647,32.11764705882353,49.411764705882355,798.0,19.764705882352942,,,,,dylanstrome,,14.823529411764707,49.411764705882355,32.11764705882353,49.411764705882355,14.823529411764707,0.0,140.8235294117647,798.0,19.764705882352942,,,,,,False,False,['C'],2,0.0,0.0,0.22143225680795547,1.6261256865923013,1.3872806695852649,0.2726129646395539,0.720583763348929,-0.34202739709864877,0.3647229486952334,3.2826352890653965,-1.046139976044815,0.0,,,,,6.4872262055911705,,Dylan Strome,Hintz 57,Ryan,638
Karlsson,Erik Karlsson,PIT,Pittsburgh Penguins,D,35.0,7.2,55.2,24.0,0.0,0.0,187.20000000000002,-9.6,28.8,0.0,14.4,,,,,erikkarlsson,,7.2,55.2,-9.6,28.8,24.0,0.0,187.20000000000002,0.0,14.4,,,,,,False,False,['D'],2,0.0,0.0,-0.3931649284690004,1.9518160939196014,-0.2478379334349432,-0.2738967770063683,1.5501277346876365,-0.34202739709864877,1.099441416380357,-0.544774682906941,-1.1176276530943365,0.0,,,,,1.6820558729773567,,Erik Karlsson,KYYYYLE….,jeremy elgressy,639
Sanderson,Jake Sanderson,OTT,Ottawa Senators,D,35.0,16.8,45.599999999999994,26.4,0.0,1.0,182.39999999999998,9.6,4.8,0.0,28.8,,,,,jakesanderson,,16.8,45.599999999999994,9.6,4.8,26.4,0.0,182.39999999999998,0.0,28.8,,,,,,False,False,['D'],2,0.0,0.0,0.3807722678056848,1.4116466378645665,0.5047039616944926,-0.9102437364570997,1.7670853887300677,-0.34202739709864877,1.0233974958284715,-0.544774682906941,-0.9257396778561469,0.0,,,,,2.364820257604447,,Jake Sanderson,Oy Matvey,Henry,640
Zacha,Pavel Zacha,BOS,Boston Bruins,C,36.0,23.333333333333336,37.33333333333333,30.333333333333332,0.0,1.0,133.0,-11.666666666666668,51.333333333333336,529.6666666666666,72.33333333333334,,,,,pavelzacha,,23.333333333333336,37.33333333333333,-11.666666666666668,51.333333333333336,30.333333333333332,0.0,133.0,529.6666666666666,72.33333333333334,,,,,,False,False,"['C', 'LW']",2,0.0,0.0,0.9074795263815123,0.9465007173727313,-0.32884070686901445,0.3235623127001517,2.122654877299608,-0.34202739709864877,0.2407788134819898,1.995640707846628,-0.34563390086291557,0.0,,,,,5.520114950252043,,Pavel Zacha,Hintz 57,Ryan,641
Eriksson Ek,Joel Eriksson Ek,MIN,Minnesota Wild,C,37.0,18.16216216216216,40.86486486486487,18.16216216216216,0.0,2.0,242.91891891891893,18.16216216216216,36.32432432432432,903.5675675675675,138.48648648648648,,,,,joelerikssonek,,18.16216216216216,40.86486486486487,18.16216216216216,36.32432432432432,18.16216216216216,0.0,242.91891891891893,903.5675675675675,138.48648648648648,,,,,,False,False,['C'],2,0.0,0.0,0.4905876807906062,1.1452117034590434,0.8402969689819437,-0.07439340593532827,1.0223929005303714,-0.34202739709864877,1.982167467111021,3.78896406202902,0.535893502899614,0.0,,,,,9.389093482767642,,Joel Eriksson Ek,The Makar Of The Devil,Lev,642
Barbashev,Ivan Barbashev,VGK,Vegas Golden Knights,L,34.0,27.176470588235297,34.588235294117645,4.9411764705882355,0.0,1.0,135.88235294117646,7.411764705882353,14.823529411764707,12.352941176470589,128.47058823529412,,,,,ivanbarbashev,,27.176470588235297,34.588235294117645,7.411764705882353,14.823529411764707,4.9411764705882355,0.0,135.88235294117646,12.352941176470589,128.47058823529412,,,,,,False,False,['LW'],2,0.0,0.0,1.2173073255437636,0.7920404970955566,0.4189363192348878,-0.6444753004512059,-0.17277128270814063,-0.34202739709864877,0.28644244224476373,-0.4855268505234682,0.4024261115375981,0.0,,,,,1.4723518648751064,,Ivan Barbashev,Hagel Cream Cheese & Larks,Ilan Weintraub,643
Nelson,Brock Nelson,COL,Colorado Avalanche,C,35.0,33.6,26.4,14.4,0.0,3.0,168.0,26.4,38.4,734.4,45.599999999999994,,,,,brocknelson,,33.6,26.4,26.4,38.4,14.4,0.0,168.0,734.4,45.599999999999994,,,,,,False,False,['C'],2,0.0,0.0,1.735162361286384,0.33130772575449785,1.1631781199327489,-0.019357993226075825,0.6822971185179117,-0.34202739709864877,0.7952657341728172,2.97759359205106,-0.7018703734115922,0.0,,,,,6.621548887979103,,Brock Nelson,Hintz 57,Ryan,644
Hartman,Ryan Hartman,MIN,Minnesota Wild,R,33.0,22.909090909090907,15.272727272727273,10.181818181818182,0.0,3.0,180.72727272727272,-2.5454545454545454,43.27272727272727,458.18181818181813,84.0,,,,,ryanhartman,,22.909090909090907,15.272727272727273,-2.5454545454545454,43.27272727272727,10.181818181818182,0.0,180.72727272727272,458.18181818181813,84.0,,,,,,False,False,"['C', 'RW']",2,0.0,0.0,0.8732777563441205,-0.29479778012747376,0.028664202275493426,0.10983972278361816,0.30097760535242657,-0.34202739709864877,0.9968973416967543,1.652781281861865,-0.19016910610975268,0.0,,,,,3.135443626978403,,Ryan Hartman,Filip Use the Forceberg,Philip,645
Sillinger,Cole Sillinger,CBJ,Columbus Blue Jackets,C,34.0,7.411764705882353,29.647058823529413,2.4705882352941178,0.0,1.0,165.52941176470588,0.0,39.529411764705884,32.11764705882353,96.35294117647058,,,,,colesillinger,,7.411764705882353,29.647058823529413,0.0,39.529411764705884,2.4705882352941178,0.0,165.52941176470588,32.11764705882353,96.35294117647058,,,,,,False,False,['C'],2,0.0,0.0,-0.3760927844335294,0.514012100596642,0.12843301412977468,0.010587746042193966,-0.39611004422240803,-0.34202739709864877,0.7561254809475824,-0.390730318709912,-0.025559323429933133,0.0,,,,,-0.12136152617823834,,,,,646
Ferraro,Mario Ferraro,SJS,San Jose Sharks,D,36.0,2.333333333333333,14.0,0.0,0.0,0.0,91.0,-2.333333333333333,18.666666666666664,0.0,158.66666666666666,,,,,marioferraro,,2.333333333333333,14.0,-2.333333333333333,18.666666666666664,0.0,0.0,91.0,0.0,158.66666666666666,,,,,,False,False,['D'],2,0.0,0.0,-0.7855080904693615,-0.3664111549832549,0.03697826993001688,-0.5425766043300104,-0.6194488057366755,-0.34202739709864877,-0.4246054913470031,-0.544774682906941,0.8048055803104905,0.0,,,,,-2.783568376631388,,,,,647
Maccelli,Matias Maccelli,TOR,Toronto Maple Leafs,L,24.0,14.0,21.0,3.5,0.0,1.0,70.0,-7.0,21.0,10.5,10.5,,,,,matiasmaccelli,,14.0,21.0,-7.0,21.0,3.5,0.0,70.0,10.5,10.5,,,,,,False,False,[],3,0.0,0.0,0.15504058555890154,0.027462406723541066,-0.14593121846949877,-0.480709538827856,-0.3030522269247966,-0.34202739709864877,-0.7572976437614996,-0.49441402538098916,-1.1695973130546797,0.0,,,,,-3.5105263712355264,,,,,648
Holmberg,Pontus Holmberg,TBL,Tampa Bay Lightning,R,28.0,9.0,18.0,0.0,0.0,2.0,105.0,15.0,36.0,42.0,87.00000000000001,,,,,pontusholmberg,,9.0,18.0,15.0,36.0,0.0,0.0,105.0,42.0,87.00000000000001,,,,,,False,False,[],3,0.0,0.0,-0.24805170416749697,-0.1413405482936572,0.7163563696996464,-0.08299268917114892,-0.6194488057366755,-0.34202739709864877,-0.20281072307067213,-0.3433320528031337,-0.1501924446017963,0.0,,,,,-1.413839995243583,,,,,649
Kuzmenko,Andrei Kuzmenko,LAK,Los Angeles Kings,L,29.0,14.482758620689657,11.586206896551724,14.482758620689657,0.0,0.0,104.27586206896552,-14.482758620689657,17.379310344827587,0.0,52.13793103448276,,,,,andreikuzmenko,,14.482758620689657,11.586206896551724,-14.482758620689657,17.379310344827587,14.482758620689657,0.0,104.27586206896552,0.0,52.13793103448276,,,,,,False,False,[],3,0.0,0.0,0.19395984111869186,-0.5022296245373224,-0.4392171222825153,-0.5767101577105094,0.6897784169331681,-0.34202739709864877,-0.2142828662573788,-0.544774682906941,-0.6147488214356324,0.0,,,,,-2.350252414177088,,,,,650
van Riemsdyk,James van Riemsdyk,DET,Detroit Red Wings,L,30.0,22.4,2.8,8.4,0.0,1.0,154.0,-28.0,22.4,2.8,16.8,,,,,jamesvanriemsdyk,,22.4,2.8,-28.0,22.4,8.4,0.0,154.0,2.8,16.8,,,,,,False,False,[],3,0.0,0.0,0.8322356322992509,-0.9966088537141283,-0.9690239162673191,-0.44358929952656334,0.13990298341183377,-0.34202739709864877,0.5734709658964863,-0.5313451742333538,-1.0856463238879717,0.0,,,,,-2.822631383120414,,,,,651
Howden,Brett Howden,VGK,Vegas Golden Knights,C,30.0,14.0,11.2,0.0,0.0,0.0,98.0,-8.4,50.4,476.0,151.20000000000002,,,,,bretthowden,,14.0,11.2,-8.4,50.4,0.0,0.0,98.0,476.0,151.20000000000002,,,,,,False,False,['C'],2,0.0,0.0,0.15504058555890154,-0.5239605796659733,-0.2008040649893535,0.29881548649928985,-0.6194488057366755,-0.34202739709864877,-0.3137081072088376,1.7382417916028745,0.7053081116684665,0.0,,,,,0.8974570206300436,,,,,652
Rasmussen,Michael Rasmussen,DET,Detroit Red Wings,C,32.0,10.5,13.125,0.0,0.0,0.0,86.625,-13.125,10.5,183.75,86.625,,,,,michaelrasmussen,,10.5,13.125,-13.125,10.5,0.0,0.0,86.625,183.75,86.625,,,,,,False,False,['C'],3,0.0,0.0,-0.12712401724957742,-0.41564535019660437,-0.38599992199386307,-0.7591113335875509,-0.6194488057366755,-0.34202739709864877,-0.4939163564333565,0.33653682379721567,-0.155189527290291,0.0,,,,,-2.961925885789352,,,,,653
Mintyukov,Pavel Mintyukov,ANA,Anaheim Ducks,D,32.0,10.5,13.125,0.0,0.0,2.0,73.5,2.625,5.25,0.0,47.25,,,,,pavelmintyukov,,10.5,13.125,2.625,5.25,0.0,0.0,73.5,0.0,47.25,,,,,,False,False,['D'],2,0.0,0.0,-0.12712401724957742,-0.41564535019660437,0.23131960135450225,-0.8983122309673984,-0.6194488057366755,-0.34202739709864877,-0.7018489516924168,-0.544774682906941,-0.6798832095822162,0.0,,,,,-4.097745044075976,,,,,654
Sasson,Max Sasson,VAN,Vancouver Canucks,C,32.0,18.375,5.25,2.625,0.0,0.0,84.0,2.625,26.25,199.5,42.0,,,,,maxsasson,,18.375,5.25,2.625,26.25,2.625,0.0,84.0,199.5,42.0,,,,,,False,False,['C'],2,0.0,0.0,0.5077463390695003,-0.8587531071167498,0.23131960135450225,-0.3415086414480085,-0.38215137162776636,-0.34202739709864877,-0.5355028754851686,0.4120778100861434,-0.7498423672211395,0.0,,,,,-2.0586420094873357,,,,,655
Toews,Jonathan Toews,WPG,Winnipeg Jets,C,35.0,7.2,14.4,7.2,0.0,0.0,120.0,-33.6,43.199999999999996,679.1999999999999,16.8,,,,,jonathantoews,,7.2,14.4,-33.6,43.199999999999996,7.2,0.0,120.0,679.1999999999999,16.8,,,,,,False,False,['C'],1,0.0,0.0,-0.3931649284690004,-0.3439040943142951,-1.1885153023467379,0.10791139866407036,0.03142415639061815,-0.34202739709864877,0.03482652865396819,2.7128404210574844,-1.0856463238879717,0.0,,,,,-0.4662555413505127,,,,,656
Petrovic,Alexander Petrovic,DAL,Dallas Stars,D,35.0,4.8,16.8,0.0,0.0,0.0,98.4,14.4,112.8,0.0,134.4,,,,,alexanderpetrovic,,4.8,16.8,14.4,112.8,0.0,0.0,98.4,0.0,134.4,,,,,,False,False,['D'],2,0.0,0.0,-0.5866492275376717,-0.20886173030053645,0.6928394354768516,1.9533175810711911,-0.6194488057366755,-0.34202739709864877,-0.30737111382951376,-0.544774682906941,0.48143880722391164,0.0,,,,,0.5184628663619671,,,,,657
Sheary,Conor Sheary,NYR,New York Rangers,L,35.0,2.4,19.2,4.8,0.0,0.0,127.19999999999999,-7.2,19.2,19.2,36.0,,,,,conorsheary,,2.4,19.2,-7.2,19.2,4.8,0.0,127.19999999999999,19.2,36.0,,,,,,False,False,[],2,0.0,0.0,-0.7801335266063429,-0.07381936628677793,-0.15377019654376375,-0.5284355607866609,-0.18553349765181307,-0.34202739709864877,0.14889240948179536,-0.4526866234309148,-0.8297956902370519,0.0,,,,,-3.1973094491601786,,,,,658
Sourdif,Justin Sourdif,WSH,Washington Capitals,R,35.0,7.2,14.4,0.0,0.0,0.0,98.4,19.2,28.8,324.0,112.8,,,,,justinsourdif,,7.2,14.4,19.2,28.8,0.0,0.0,98.4,324.0,112.8,,,,,,False,False,[],2,0.0,0.0,-0.3931649284690004,-0.3439040943142951,0.8809749092592104,-0.2738967770063683,-0.6194488057366755,-0.34202739709864877,-0.30737111382951376,1.0092113207510007,0.19360684436662684,0.0,,,,,-0.19602004207766383,,,,,659
Carrier,Alexandre Carrier,MTL,Montréal Canadiens,D,36.0,2.333333333333333,18.666666666666664,0.0,0.0,0.0,58.33333333333333,-21.0,37.33333333333333,0.0,37.33333333333333,,,,,alexandrecarrier,,2.333333333333333,18.666666666666664,-21.0,37.33333333333333,0.0,0.0,58.33333333333333,0.0,37.33333333333333,,,,,,False,False,['D'],2,0.0,0.0,-0.7855080904693615,-0.10382878051205771,-0.6946596836680456,-0.047640080312775085,-0.6194488057366755,-0.34202739709864877,-0.9421266173251087,-0.544774682906941,-0.8120282851224048,0.0,,,,,-4.892042423152019,,,,,660
McCann,Jared McCann,SEA,Seattle Kraken,L,11.0,38.18181818181818,22.909090909090907,15.272727272727273,0.0,1.0,206.1818181818182,0.0,0.0,30.545454545454547,106.9090909090909,,,,,jaredmccann,,38.18181818181818,22.909090909090907,0.0,0.0,15.272727272727273,0.0,206.1818181818182,30.545454545454547,106.9090909090909,,,,,,False,False,"['C', 'LW']",3,0.0,0.0,2.1045414776902107,0.13488246900721254,0.12843301412977468,-1.0375131283472458,0.7611908108969777,-0.34202739709864877,1.400160556744629,-0.3982709519223539,0.11510721813282193,0.0,,,,,2.866504069233378,,Jared McCann,Slaffing From The Throne,Rob,661
Paul,Nick Paul,TBL,Tampa Bay Lightning,L,16.0,15.75,26.25,0.0,0.0,0.0,136.5,-10.5,21.0,572.25,141.75,,,,,nickpaul,,15.75,26.25,-10.5,21.0,0.0,0.0,136.5,572.25,141.75,,,,,,False,False,[],3,0.0,0.0,0.29612288696314104,0.322867578003638,-0.2831133347691355,-0.480709538827856,-0.6194488057366755,-0.34202739709864877,0.2962275055510725,2.199881152257433,0.5793816279184043,0.0,,,,,1.969181674261373,,,,,662
Celebrini,Macklin Celebrini,SJS,San Jose Sharks,C,36.0,42.0,84.0,37.33333333333333,0.0,4.0,259.0,28.0,65.33333333333333,613.6666666666666,51.333333333333336,,,,,macklincelebrini,,42.0,84.0,28.0,65.33333333333333,37.33333333333333,0.0,259.0,613.6666666666666,51.333333333333336,,,,,,False,False,['C'],2,0.0,0.0,2.4123574080267334,3.5723244620847048,1.2258899445268687,0.6947647057130781,2.755448034923365,-0.34202739709864877,2.236931727968968,2.3985259680542423,-0.6254705314186091,0.0,,,,,14.328744322780702,,Macklin Celebrini,The Makar Of The Devil,Lev,663
Durzi,Sean Durzi,UTA,Utah Mammoth,D,17.0,4.9411764705882355,34.588235294117645,9.882352941176471,0.0,0.0,158.11764705882354,-54.352941176470594,108.70588235294119,0.0,44.470588235294116,,,,,seandurzi,,4.9411764705882355,34.588235294117645,-54.352941176470594,108.70588235294119,9.882352941176471,0.0,158.11764705882354,0.0,44.470588235294116,,,,,,False,False,['D'],1,0.0,0.0,-0.5752677981806911,0.7920404970955566,-2.001924556641055,1.844764276223714,0.27390624032039423,-0.34202739709864877,0.6387047212718778,-0.544774682906941,-0.7169204106851756,0.0,,,,,-0.6314991106009686,,,,,664
Evans,Ryker Evans,SEA,Seattle Kraken,D,19.0,13.26315789473684,22.105263157894736,4.421052631578947,0.0,0.0,79.57894736842105,0.0,44.21052631578947,0.0,53.05263157894736,,,,,rykerevans,,13.26315789473684,22.105263157894736,0.0,44.21052631578947,4.421052631578947,0.0,79.57894736842105,0.0,53.05263157894736,,,,,,False,False,['D'],3,0.0,0.0,0.09563751128343218,0.08965296909829829,0.12843301412977468,0.13470495485146966,-0.2197899693427233,-0.34202739709864877,-0.6055433286250625,-0.544774682906941,-0.6025599300865642,0.0,,,,,-1.866266858696965,,,,,665
Nesterenko,Nikita Nesterenko,ANA,Anaheim Ducks,C,23.0,3.652173913043478,25.56521739130435,0.0,0.0,1.0,80.34782608695653,3.652173913043478,29.217391304347824,32.869565217391305,149.7391304347826,,,,,nikitanesterenko,,3.652173913043478,25.56521739130435,3.652173913043478,29.217391304347824,0.0,0.0,80.34782608695653,32.869565217391305,149.7391304347826,,,,,,False,False,['C'],2,0.0,0.0,-0.679185196657471,0.28433646870623425,0.2715795702685261,-0.2628298733637469,-0.6194488057366755,-0.34202739709864877,-0.5933623802529069,-0.3871239289126571,0.6858412156298092,0.0,,,,,-1.6422203274175367,,,,,666
Ostlund,Noah Ostlund,BUF,Buffalo Sabres,C,24.0,17.5,10.5,3.5,0.0,0.0,87.5,14.0,7.0,140.0,3.5,,,,,noahostlund,,17.5,10.5,14.0,7.0,3.5,0.0,87.5,140.0,3.5,,,,,,False,False,['C'],2,0.0,0.0,0.4372051883673805,-0.5633479358366529,0.6771614793283217,-0.8519119318407826,-0.3030522269247966,-0.34202739709864877,-0.4800541834160858,0.1267007507724165,-1.2628761899065775,0.0,,,,,-2.5622024465554256,,,,,667
Appleton,Mason Appleton,DET,Detroit Red Wings,C,27.0,9.333333333333332,18.666666666666664,0.0,0.0,1.0,90.22222222222223,-6.222222222222221,68.44444444444444,6.222222222222221,93.33333333333334,,,,,masonappleton,,9.333333333333332,18.666666666666664,-6.222222222222221,68.44444444444444,0.0,0.0,90.22222222222223,6.222222222222221,93.33333333333334,,,,,,False,False,['C'],3,0.0,0.0,-0.22117888485240383,-0.10382878051205771,-0.11544630373624615,0.7772541263826175,-0.6194488057366755,-0.34202739709864877,-0.43692742291791026,-0.5149313302989695,-0.06579727030722214,0.0,,,,,-1.6423320690775165,,,,,668
Hutton,Ben Hutton,VGK,Vegas Golden Knights,D,27.0,12.444444444444443,15.555555555555555,0.0,0.0,1.0,130.66666666666666,3.1111111111111107,34.22222222222222,0.0,37.33333333333333,,,,,benhutton,,12.444444444444443,15.555555555555555,3.1111111111111107,34.22222222222222,0.0,0.0,130.66666666666666,0.0,37.33333333333333,,,,,,False,False,['D'],2,0.0,0.0,0.02963409542179966,-0.27888369682618913,0.2503726730627851,-0.1301295009823142,-0.6194488057366755,-0.34202739709864877,0.2038130187692678,-0.544774682906941,-0.8120282851224048,0.0,,,,,-2.243472581419321,,,,,669
Yamamoto,Kailer Yamamoto,UTA,Utah Mammoth,R,26.0,12.923076923076923,16.153846153846153,0.0,0.0,0.0,64.61538461538461,16.153846153846153,25.846153846153847,32.30769230769231,42.0,,,,,kaileryamamoto,,12.923076923076923,16.153846153846153,16.153846153846153,25.846153846153847,0.0,0.0,64.61538461538461,32.30769230769231,42.0,,,,,,False,False,[],1,0.0,0.0,0.06822070777167727,-0.2452192898427023,0.7615812432050212,-0.35221640278491984,-0.6194488057366755,-0.34202739709864877,-0.8426033238677807,-0.38981881359632004,-0.7498423672211395,0.0,,,,,-2.711374449171488,,,,,670
Roy,Matt Roy,WSH,Washington Capitals,D,36.0,2.333333333333333,21.0,0.0,0.0,0.0,109.66666666666667,44.333333333333336,9.333333333333332,0.0,100.33333333333333,,,,,mattroy,,2.333333333333333,21.0,44.333333333333336,9.333333333333332,0.0,0.0,109.66666666666667,0.0,100.33333333333333,,,,,,False,False,['D'],2,0.0,0.0,-0.7855080904693615,0.027462406723541066,1.8660731539251736,-0.7900448663386281,-0.6194488057366755,-0.34202739709864877,-0.1288791336452284,-0.544774682906941,0.027481606544675477,0.0,,,,,-1.2896658090020932,,Matt Roy,The Makar Of The Devil,Lev,671
Sundqvist,Oskar Sundqvist,STL,St. Louis Blues,C,28.0,3.0,27.000000000000004,3.0,0.0,0.0,63.0,-36.0,36.0,306.0,105.0,,,,,oskarsundqvist,,3.0,27.000000000000004,-36.0,36.0,3.0,0.0,63.0,306.0,105.0,,,,,,False,False,['C'],2,0.0,0.0,-0.7317624518391752,0.36506831675793777,-1.2825830392379174,-0.08299268917114892,-0.3482517381836365,-0.34202739709864877,-0.868195027899665,0.9228787649922261,0.08966752444594074,0.0,,,,,-2.278197737234087,,,,,672
Robinson,Eric Robinson,CAR,Carolina Hurricanes,L,29.0,20.27586206896552,8.689655172413794,0.0,0.0,2.0,104.27586206896552,17.379310344827587,5.793103448275862,0.0,101.37931034482759,,,,,ericrobinson,,20.27586206896552,8.689655172413794,17.379310344827587,5.793103448275862,0.0,0.0,104.27586206896552,0.0,101.37931034482759,,,,,,False,False,[],2,0.0,0.0,0.6609909078361743,-0.6652117880022035,0.8096131778245227,-0.8839121381350004,-0.6194488057366755,-0.34202739709864877,-0.2142828662573788,-0.544774682906941,0.04141982952254534,0.0,,,,,-1.7576337629536054,,,,,673
Sandin,Rasmus Sandin,WSH,Washington Capitals,D,31.0,5.419354838709677,21.677419354838708,0.0,0.0,0.0,97.5483870967742,13.548387096774194,21.677419354838708,0.0,121.93548387096774,,,,,rasmussandin,,5.419354838709677,21.677419354838708,13.548387096774194,21.677419354838708,0.0,0.0,97.5483870967742,0.0,121.93548387096774,,,,,,False,False,['D'],2,0.0,0.0,-0.5367177955199501,0.06557920301774704,0.6594605610961104,-0.4627481327143273,-0.6194488057366755,-0.34202739709864877,-0.3208627771532352,-0.544774682906941,0.31534222650698385,0.0,,,,,-1.7861976005089366,,,,,674
Brodin,Jonas Brodin,MIN,Minnesota Wild,D,32.0,7.875,18.375,0.0,0.0,1.0,78.75,34.125,21.0,0.0,18.375,,,,,jonasbrodin,,7.875,18.375,34.125,21.0,0.0,0.0,78.75,0.0,18.375,,,,,,False,False,['D'],2,0.0,0.0,-0.33874746935593664,-0.12024017891650741,1.465958648051233,-0.480709538827856,-0.6194488057366755,-0.34202739709864877,-0.6186759135887927,-0.544774682906941,-1.0646585765962946,0.0,,,,,-2.6633239149764196,,,,,675
Joshua,Dakota Joshua,TOR,Toronto Maple Leafs,C,33.0,15.272727272727273,10.181818181818182,0.0,0.0,2.0,76.36363636363636,-7.636363636363637,63.63636363636363,5.090909090909091,290.1818181818182,,,,,dakotajoshua,,15.272727272727273,10.181818181818182,-7.636363636363637,63.63636363636363,0.0,0.0,76.36363636363636,5.090909090909091,290.1818181818182,,,,,,False,False,['C'],3,0.0,0.0,0.25764589567107576,-0.5812512795505981,-0.1708734214330691,0.6497704762569658,-0.6194488057366755,-0.34202739709864877,-0.6564818399995309,-0.5203573944095098,2.5573178120734195,0.0,,,,,0.5742940457734287,,,,,676
Zary,Connor Zary,CGY,Calgary Flames,C,34.0,9.882352941176471,14.823529411764707,2.4705882352941178,0.0,0.0,113.64705882352942,-7.411764705882353,24.705882352941178,106.23529411764706,56.82352941176471,,,,,connorzary,,9.882352941176471,14.823529411764707,-7.411764705882353,24.705882352941178,2.4705882352941178,0.0,113.64705882352942,106.23529411764706,56.82352941176471,,,,,,False,False,['C'],2,0.0,0.0,-0.17691777068636777,-0.3200730889001024,-0.1620702909753384,-0.382450081853846,-0.39611004422240803,-0.34202739709864877,-0.06581983678234993,-0.03524332440907562,-0.5523106280053559,0.0,,,,,-2.433022462933493,,,,,677
Severson,Damon Severson,CBJ,Columbus Blue Jackets,D,35.0,4.8,19.2,4.8,0.0,0.0,93.60000000000001,4.8,38.4,0.0,67.2,,,,,damonseverson,,4.8,19.2,4.8,38.4,4.8,0.0,93.60000000000001,0.0,67.2,,,,,,False,False,['D'],2,0.0,0.0,-0.5866492275376717,-0.07381936628677793,0.3165684879121336,-0.019357993226075825,-0.18553349765181307,-0.34202739709864877,-0.3834150343813986,-0.544774682906941,-0.4140384105543074,0.0,,,,,-2.233047121731501,,,,,678
Johnston,Ross Johnston,ANA,Anaheim Ducks,L,35.0,4.8,19.2,0.0,0.0,0.0,48.0,-4.8,120.0,4.8,254.39999999999998,,,,,rossjohnston,,4.8,19.2,-4.8,120.0,0.0,0.0,48.0,4.8,254.39999999999998,,,,,,False,False,[],2,0.0,0.0,-0.5866492275376717,-0.07381936628677793,-0.05970245965258426,2.1442216689064106,-0.6194488057366755,-0.34202739709864877,-1.1058322796243054,-0.5217526680379345,2.0805052675421596,0.0,,,,,0.9154947324739722,,,,,679
Cotter,Paul Cotter,NJD,New Jersey Devils,L,36.0,11.666666666666668,11.666666666666668,2.333333333333333,0.0,1.0,88.66666666666667,-16.333333333333332,30.333333333333332,35.0,224.0,,,,,paulcotter,,11.666666666666668,11.666666666666668,-16.333333333333332,30.333333333333332,2.333333333333333,0.0,88.66666666666667,35.0,224.0,,,,,,False,False,[],2,0.0,0.0,-0.03306914964675099,-0.49770234221885346,-0.51175019526853,-0.23324127681923829,-0.40851775319542294,-0.34202739709864877,-0.46157128605972486,-0.37690582448710164,1.6754084309282036,0.0,,,,,-1.1893767938660675,,,,,680
Willander,Tom Willander,VAN,Vancouver Canucks,D,25.0,3.36,26.88,6.72,0.0,0.0,60.48,10.08,20.16,0.0,13.44,,,,,tomwillander,,3.36,26.88,10.08,20.16,6.72,0.0,60.48,0.0,13.44,,,,,,False,False,['D'],2,0.0,0.0,-0.7027398069788745,0.3583161985572496,0.5235175090727285,-0.5029816824086316,-0.011967374417868127,-0.34202739709864877,-0.9081180861894046,-0.544774682906941,-1.1304201847768827,0.0,,,,,-3.261195507147273,,,,,681
Kuraly,Sean Kuraly,BOS,Boston Bruins,C,37.0,6.810810810810811,15.891891891891893,0.0,0.0,0.0,118.05405405405406,4.54054054054054,49.94594594594595,408.64864864864865,90.81081081081082,,,,,seankuraly,,6.810810810810811,15.891891891891893,4.54054054054054,49.94594594594595,0.0,0.0,118.05405405405406,408.64864864864865,90.81081081081082,,,,,,False,False,['C'],2,0.0,0.0,-0.42454076075040653,-0.2599588410084451,0.3063990028428169,0.286776489969141,-0.6194488057366755,-0.34202739709864877,0.003997912214014993,1.4152076640490214,-0.09941127998358171,0.0,,,,,0.26699398449723677,,,,,682
Parayko,Colton Parayko,STL,St. Louis Blues,D,37.0,0.0,22.702702702702705,0.0,0.0,0.0,102.16216216216216,-20.432432432432435,27.243243243243246,0.0,79.45945945945945,,,,,coltonparayko,,0.0,22.702702702702705,-20.432432432432435,27.243243243243246,0.0,0.0,102.16216216216216,0.0,79.45945945945945,,,,,,False,False,['D'],2,0.0,0.0,-0.9736178256750143,0.12326948930086995,-0.6724139350789154,-0.3151733365383076,-0.6194488057366755,-0.34202739709864877,-0.24776912204560408,-0.544774682906941,-0.2506743235272,0.0,,,,,-3.8426299393064367,,Colton Parayko,Better Safe Than Sorokin,Harley Pesner,683
McBain,Jack McBain,UTA,Utah Mammoth,C,38.0,8.842105263157894,13.26315789473684,0.0,0.0,1.0,110.5263157894737,-2.2105263157894735,70.73684210526315,426.6315789473684,271.89473684210526,,,,,jackmcbain,,8.842105263157894,13.26315789473684,-2.2105263157894735,70.73684210526315,0.0,0.0,110.5263157894737,426.6315789473684,271.89473684210526,,,,,,False,False,"['C', 'LW']",1,0.0,0.0,-0.2607809343693833,-0.4078715298997598,0.04179167751947781,0.8380358047706988,-0.6194488057366755,-0.34202739709864877,-0.11526015664580441,1.5014583492001534,2.3136323251780304,0.0,,,,,2.9495293329180887,,Jack McBain,The Makar Of The Devil,Lev,684
Olivier,Mathieu Olivier,CBJ,Columbus Blue Jackets,R,23.0,10.956521739130434,21.913043478260867,0.0,0.0,1.0,105.91304347826087,7.304347826086956,160.69565217391306,0.0,259.30434782608694,,,,,mathieuolivier,,10.956521739130434,21.913043478260867,7.304347826086956,160.69565217391306,0.0,0.0,105.91304347826087,0.0,259.30434782608694,,,,,,False,False,[],2,0.0,0.0,-0.09031993862238459,0.07883721912007954,0.4147261264072774,3.223244774061999,-0.6194488057366755,-0.34202739709864877,-0.18834584687873743,-0.544774682906941,2.1458584185290794,0.0,,,,,4.077749866875049,,,,,685
Brindley,Gavin Brindley,COL,Colorado Avalanche,C,23.0,18.26086956521739,14.608695652173912,0.0,0.0,3.0,116.8695652173913,14.608695652173912,29.217391304347824,18.26086956521739,84.0,,,,,gavinbrindley,,18.26086956521739,14.608695652173912,14.608695652173912,29.217391304347824,0.0,0.0,116.8695652173913,18.26086956521739,84.0,,,,,,False,False,['C'],2,0.0,0.0,0.49854531941270197,-0.33216128005222917,0.7010192386847801,-0.2628298733637469,-0.6194488057366755,-0.34202739709864877,-0.014767332575522076,-0.45719093068789435,-0.19016910610975268,0.0,,,,,-1.0190301675269875,,,,,686
Moore,Oliver Moore,CHI,Chicago Blackhawks,C,23.0,10.956521739130434,21.913043478260867,3.652173913043478,0.0,0.0,102.2608695652174,-10.956521739130434,14.608695652173912,25.56521739130435,47.47826086956521,,,,,olivermoore,,10.956521739130434,21.913043478260867,-10.956521739130434,14.608695652173912,3.652173913043478,0.0,102.2608695652174,25.56521739130435,47.47826086956521,,,,,,False,False,['C'],3,0.0,0.0,-0.09031993862238459,0.07883721912007954,-0.3010066542864794,-0.6501715008554964,-0.2892958539329758,-0.34202739709864877,-0.2462053516464758,-0.42215742980027565,-0.6768415070761761,0.0,,,,,-2.939188414198833,,,,,687
Andrae,Emil Andrae,PHI,Philadelphia Flyers,D,24.0,3.5,28.0,3.5,0.0,0.0,80.5,24.5,35.0,0.0,87.5,,,,,emilandrae,,3.5,28.0,24.5,35.0,3.5,0.0,80.5,0.0,87.5,,,,,,False,False,['D'],3,0.0,0.0,-0.6914532228665353,0.421335968430337,1.088707828227232,-0.10950714581492939,-0.3030522269247966,-0.34202739709864877,-0.5909515675542513,-0.544774682906941,-0.1435296676838038,0.0,,,,,-1.2152521141923371,,,,,688
Walker,Nathan Walker,STL,St. Louis Blues,L,25.0,10.08,20.16,0.0,0.0,1.0,90.72,-6.72,47.040000000000006,90.72,319.2,,,,,nathanwalker,,10.08,20.16,-6.72,47.040000000000006,0.0,0.0,90.72,90.72,319.2,,,,,,False,False,[],2,0.0,0.0,-0.16098376958659488,-0.019802420681274437,-0.13495664916552783,0.20972691217618764,-0.6194488057366755,-0.34202739709864877,-0.4290413867125297,-0.10965860188271735,2.944001156114014,0.0,,,,,1.337809037426233,,,,,689
Gudas,Radko Gudas,ANA,Anaheim Ducks,D,25.0,3.36,23.520000000000003,0.0,0.0,0.0,117.6,-6.72,30.24,0.0,302.40000000000003,,,,,radkogudas,,3.36,23.520000000000003,-6.72,30.24,0.0,0.0,117.6,0.0,302.40000000000003,,,,,,False,False,['D'],2,0.0,0.0,-0.7027398069788745,0.1692568889379878,-0.13495664916552783,-0.23571595943932447,-0.6194488057366755,-0.34202739709864877,-0.003195431621974355,-0.544774682906941,2.7201318516694593,0.0,,,,,0.3065300076594806,,Radko Gudas,Oy Matvey,Henry,690
Glass,Cody Glass,NJD,New Jersey Devils,C,25.0,20.16,6.72,3.36,0.0,1.0,144.48,10.08,33.6,534.24,43.68,,,,,codyglass,,20.16,6.72,10.08,33.6,3.36,0.0,144.48,534.24,43.68,,,,,,False,False,['C'],2,0.0,0.0,0.6516502865018245,-0.7760396591583227,0.5235175090727285,-0.146627385116222,-0.3157080900772718,-0.34202739709864877,0.422650523468581,2.017575572013487,-0.7274554367766841,0.0,,,,,1.3075359228294716,,,,,691
Ritchie,Calum Ritchie,NYI,New York Islanders,C,26.0,12.923076923076923,12.923076923076923,3.230769230769231,0.0,2.0,96.92307692307692,3.230769230769231,32.30769230769231,245.53846153846152,22.615384615384613,,,,,calumritchie,,12.923076923076923,12.923076923076923,3.230769230769231,32.30769230769231,3.230769230769231,0.0,96.92307692307692,245.53846153846152,22.615384615384613,,,,,,False,False,['C'],3,0.0,0.0,0.06822070777167727,-0.4270070875535312,0.25506265994482397,-0.1808922213943384,-0.32739042529494117,-0.34202739709864877,-0.3307692432300939,0.6328899238537781,-1.0081531031187028,0.0,,,,,-1.6600661861199768,,,,,692
Smith,Reilly Smith,VGK,Vegas Golden Knights,R,31.0,10.838709677419354,8.129032258064516,2.7096774193548385,0.0,1.0,94.83870967741936,-16.258064516129032,5.419354838709677,10.838709677419354,35.225806451612904,,,,,reillysmith,,10.838709677419354,8.129032258064516,-16.258064516129032,5.419354838709677,2.7096774193548385,0.0,94.83870967741936,10.838709677419354,35.225806451612904,,,,,,False,False,[],2,0.0,0.0,-0.09981776536488596,-0.696756722866374,-0.5088000422298282,-0.8938218794390161,-0.37449661568876924,-0.34202739709864877,-0.36379079681962195,-0.49278948804144235,-0.8401122480455567,0.0,,,,,-4.612412955594143,,,,,693
Nyquist,Gustav Nyquist,WPG,Winnipeg Jets,R,26.0,0.0,22.615384615384613,12.923076923076923,0.0,0.0,109.84615384615385,-9.692307692307693,12.923076923076923,19.384615384615387,51.69230769230769,,,,,gustavnyquist,,0.0,22.615384615384613,-9.692307692307693,12.923076923076923,12.923076923076923,0.0,109.84615384615385,19.384615384615387,51.69230769230769,,,,,,False,False,[],1,0.0,0.0,-0.9736178256750143,0.11835630557895539,-0.25145592331537325,-0.6948647655660829,0.5487847160302618,-0.34202739709864877,-0.12603561097501897,-0.4518011613205684,-0.6206869992723579,0.0,,,,,-2.793348661613847,,,,,694
Lyubushkin,Ilya Lyubushkin,DAL,Dallas Stars,D,26.0,3.230769230769231,19.384615384615387,0.0,0.0,0.0,54.92307692307693,6.461538461538462,74.3076923076923,0.0,129.23076923076923,,,,,ilyalyubushkin,,3.230769230769231,19.384615384615387,6.461538461538462,74.3076923076923,0.0,0.0,54.92307692307693,0.0,129.23076923076923,,,,,,False,False,['D'],2,0.0,0.0,-0.7131581923133413,-0.06343149213187325,0.3816923057598733,0.9327149576444415,-0.6194488057366755,-0.34202739709864877,-0.9961535480590866,-0.544774682906941,0.41255594431789466,0.0,,,,,-1.552030910524357,,,,,695
Balinskis,Uvis Balinskis,FLA,Florida Panthers,D,26.0,3.230769230769231,19.384615384615387,0.0,0.0,0.0,67.84615384615385,9.692307692307693,38.769230769230774,0.0,116.3076923076923,,,,,uvisbalinskis,,3.230769230769231,19.384615384615387,9.692307692307693,38.769230769230774,0.0,0.0,67.84615384615385,0.0,116.3076923076923,,,,,,False,False,['D'],2,0.0,0.0,-0.7131581923133413,-0.06343149213187325,0.5083219515749227,-0.00956804000375673,-0.6194488057366755,-0.34202739709864877,-0.7914199158040118,-0.544774682906941,0.2403487870528526,0.0,,,,,-2.335157787367473,,,,,696
Hague,Nicolas Hague,NSH,Nashville Predators,D,27.0,3.1111111111111107,18.666666666666664,0.0,0.0,0.0,56.0,-24.888888888888886,77.77777777777777,0.0,133.77777777777777,,,,,nicolashague,,3.1111111111111107,18.666666666666664,-24.888888888888886,77.77777777777777,0.0,0.0,56.0,0.0,133.77777777777777,,,,,,False,False,['D'],2,0.0,0.0,-0.7228048454008108,-0.10382878051205771,-0.8470842573343086,1.024722388391235,-0.6194488057366755,-0.34202739709864877,-0.9790924120378305,-0.544774682906941,0.47314735150374276,0.0,,,,,-2.6611914411322957,,,,,697
Dvorsky,Dalibor Dvorsky,STL,St. Louis Blues,R,27.0,15.555555555555555,6.222222222222221,12.444444444444443,0.0,0.0,112.0,-21.777777777777775,18.666666666666664,367.1111111111111,133.77777777777777,,,,,dalibordvorsky,,15.555555555555555,6.222222222222221,-21.777777777777775,18.666666666666664,12.444444444444443,0.0,112.0,367.1111111111111,133.77777777777777,,,,,,False,False,[],2,0.0,0.0,0.2804470756960033,-0.8040484457685837,-0.7251445984012983,-0.5425766043300104,0.5055168078166713,-0.34202739709864877,-0.09191333893250665,1.215983120963374,0.47314735150374276,0.0,,,,,-0.030616028551256447,,,,,698
Dowd,Nic Dowd,WSH,Washington Capitals,C,28.0,6.0,15.0,0.0,0.0,0.0,93.0,0.0,75.0,525.0,129.0,,,,,nicdowd,,6.0,15.0,0.0,75.0,0.0,0.0,93.0,525.0,129.0,,,,,,False,False,['C'],2,0.0,0.0,-0.48990707800333605,-0.31014350331085544,0.12843301412977468,0.9510711199362895,-0.6194488057366755,-0.34202739709864877,-0.3929205244503844,1.9732581933906497,0.4094808165095904,0.0,,,,,1.3077958353664039,,,,,699
Carrier,William Carrier,CAR,Carolina Hurricanes,L,29.0,8.689655172413794,11.586206896551724,0.0,0.0,1.0,86.89655172413794,2.896551724137931,17.379310344827587,2.896551724137931,168.0,,,,,williamcarrier,,8.689655172413794,11.586206896551724,2.896551724137931,17.379310344827587,0.0,0.0,86.89655172413794,2.896551724137931,168.0,,,,,,False,False,[],2,0.0,0.0,-0.2730712255987906,-0.5022296245373224,0.24196304141223265,-0.5767101577105094,-0.6194488057366755,-0.34202739709864877,-0.4896143027383414,-0.5308820877273681,0.9291774161130211,0.0,,,,,-2.1628431436224025,,,,,700
Middleton,Jake Middleton,MIN,Minnesota Wild,D,30.0,0.0,19.6,0.0,0.0,0.0,64.4,5.6,103.60000000000001,0.0,123.19999999999999,,,,,jakemiddleton,,0.0,19.6,5.6,103.60000000000001,0.0,0.0,64.4,0.0,123.19999999999999,,,,,,False,False,['D'],2,0.0,0.0,-0.9736178256750143,-0.05131230561781804,0.34792440020919346,1.709384579948411,-0.6194488057366755,-0.34202739709864877,-0.8460155510720319,-0.544774682906941,0.3321926042608749,0.0,,,,,-0.9876949836886495,,,,,701
Emberson,Ty Emberson,EDM,Edmonton Oilers,D,32.0,2.625,15.75,0.0,0.0,1.0,57.75,13.125,26.25,0.0,120.75,,,,,tyemberson,,2.625,15.75,13.125,26.25,0.0,0.0,57.75,0.0,120.75,,,,,,False,False,['D'],2,0.0,0.0,-0.7619943735686551,-0.2679427645565559,0.6428659502534125,-0.3415086414480085,-0.6194488057366755,-0.34202739709864877,-0.9513680660032892,-0.544774682906941,0.29954499736271084,0.0,,,,,-2.8866537837026507,,,,,702
Danielson,Nate Danielson,DET,Detroit Red Wings,C,22.0,7.636363636363637,19.09090909090909,11.454545454545453,0.0,0.0,110.72727272727272,-22.909090909090907,7.636363636363637,175.63636363636363,26.727272727272727,,,,,natedanielson,,7.636363636363637,19.09090909090909,-22.909090909090907,7.636363636363637,11.454545454545453,0.0,110.72727272727272,175.63636363636363,26.727272727272727,,,,,,False,False,['C'],3,0.0,0.0,-0.3579859650019693,-0.07995765556013061,-0.7694862925587564,-0.8350390957947404,0.41603090673856424,-0.34202739709864877,-0.1120764996849005,0.2976217702544347,-0.9533599167161895,0.0,,,,,-2.7362801454223367,,,,,703
Petry,Jeff Petry,FLA,Florida Panthers,D,33.0,0.0,17.81818181818182,5.090909090909091,0.0,0.0,68.72727272727273,-2.5454545454545454,35.63636363636364,0.0,68.72727272727273,,,,,jeffpetry,,0.0,17.81818181818182,-2.5454545454545454,35.63636363636364,5.090909090909091,0.0,68.72727272727273,0.0,68.72727272727273,,,,,,False,False,['D'],2,0.0,0.0,-0.9736178256750143,-0.15157103041591152,0.028664202275493426,-0.09263430976888717,-0.15923560019212443,-0.34202739709864877,-0.7774608045138931,-0.544774682906941,-0.39368665560480237,0.0,,,,,-3.4063441039007287,,,,,704
Anderson,Mikey Anderson,LAK,Los Angeles Kings,D,34.0,4.9411764705882355,12.352941176470589,0.0,0.0,0.0,56.82352941176471,22.235294117647058,24.705882352941178,0.0,91.41176470588235,,,,,mikeyanderson,,4.9411764705882355,12.352941176470589,22.235294117647058,24.705882352941178,0.0,0.0,56.82352941176471,0.0,91.41176470588235,,,,,,False,False,['D'],3,0.0,0.0,-0.5752677981806911,-0.45908728714955976,0.999942929445114,-0.382450081853846,-0.6194488057366755,-0.34202739709864877,-0.9660456609627521,-0.544774682906941,-0.09140323650186095,0.0,,,,,-2.980562020945861,,,,,705
Myers,Tyler Myers,VAN,Vancouver Canucks,D,35.0,2.4,14.4,0.0,0.0,0.0,86.39999999999999,-28.8,62.400000000000006,0.0,100.8,,,,,tylermyers,,2.4,14.4,-28.8,62.400000000000006,0.0,0.0,86.39999999999999,0.0,100.8,,,,,,False,False,['D'],2,0.0,0.0,-0.7801335266063429,-0.3439040943142951,-1.000379828564379,0.6169889662246557,-0.6194488057366755,-0.34202739709864877,-0.49748091520922627,-0.544774682906941,0.03370019833480202,0.0,,,,,-3.4774600858770506,,Tyler Myers,Hagel Cream Cheese & Larks,Ilan Weintraub,706
Blackwell,Colin Blackwell,DAL,Dallas Stars,C,35.0,4.8,12.0,0.0,0.0,1.0,60.0,-2.4,33.6,139.20000000000002,129.6,,,,,colinblackwell,,4.8,12.0,-2.4,33.6,0.0,0.0,60.0,139.20000000000002,129.6,,,,,,False,False,['C'],2,0.0,0.0,-0.5866492275376717,-0.4789464583280537,0.03436527723859521,-0.146627385116222,-0.6194488057366755,-0.34202739709864877,-0.9157224782445931,0.1228637482942488,0.41747614881118156,0.0,,,,,-2.514716577717839,,,,,707
Pettersson,Marcus Pettersson,VAN,Vancouver Canucks,D,35.0,2.4,14.4,0.0,0.0,0.0,62.400000000000006,2.4,84.0,0.0,48.0,,,,,marcuspettersson,,2.4,14.4,2.4,84.0,0.0,0.0,62.400000000000006,0.0,48.0,,,,,,False,False,['D'],2,0.0,0.0,-0.7801335266063429,-0.3439040943142951,0.22250075102095418,1.1897012297303138,-0.6194488057366755,-0.34202739709864877,-0.8777005179686506,-0.544774682906941,-0.6698890442052271,0.0,,,,,-2.7656760880855127,,,,,708
Boqvist,Jesper Boqvist,FLA,Florida Panthers,C,35.0,7.2,9.6,0.0,0.0,1.0,79.2,-7.2,19.2,45.599999999999994,182.39999999999998,,,,,jesperboqvist,,7.2,9.6,-7.2,19.2,0.0,0.0,79.2,45.599999999999994,182.39999999999998,,,,,,False,False,['C'],2,0.0,0.0,-0.3931649284690004,-0.6139888223418124,-0.15377019654376375,-0.5284355607866609,-0.6194488057366755,-0.34202739709864877,-0.6115467960370534,-0.32606554165137885,1.1210653913512105,0.0,,,,,-2.4673826573137836,,,,,709
Klapka,Adam Klapka,CGY,Calgary Flames,R,35.0,7.2,9.6,2.4,0.0,0.0,84.0,-14.4,144.0,12.0,292.8,,,,,adamklapka,,7.2,9.6,-14.4,144.0,2.4,0.0,84.0,12.0,292.8,,,,,,False,False,[],2,0.0,0.0,-0.3931649284690004,-0.6139888223418124,-0.43597340721730216,2.780568628357142,-0.4024911516942443,-0.34202739709864877,-0.5355028754851686,-0.48721964573442467,2.5922065348439993,0.0,,,,,2.16240693516054,,,,,710
Palat,Ondrej Palat,NJD,New Jersey Devils,L,36.0,4.666666666666666,11.666666666666668,2.333333333333333,0.0,0.0,102.66666666666667,4.666666666666666,18.666666666666664,7.0,133.0,,,,,ondrejpalat,,4.666666666666666,11.666666666666668,4.666666666666666,18.666666666666664,2.333333333333333,0.0,102.66666666666667,7.0,133.0,,,,,,False,False,[],2,0.0,0.0,-0.5973983552637091,-0.49770234221885346,0.3113425025292903,-0.5425766043300104,-0.40851775319542294,-0.34202739709864877,-0.23977651778339387,-0.5112009112229732,0.462783031853532,0.0,,,,,-2.3650743467301893,,,,,711
Skinner,Jeff Skinner,SJS,San Jose Sharks,L,23.0,14.608695652173912,10.956521739130434,3.652173913043478,0.0,0.0,157.04347826086956,-25.56521739130435,51.1304347826087,7.304347826086956,40.173913043478265,,,,,jeffskinner,,14.608695652173912,10.956521739130434,-25.56521739130435,51.1304347826087,3.652173913043478,0.0,157.04347826086956,7.304347826086956,40.173913043478265,,,,,,False,False,[],2,0.0,0.0,0.2041126903951587,-0.5376605296383836,-0.873592878841485,0.3181825678738775,-0.2892958539329758,-0.34202739709864877,0.6216872198696016,-0.5097411820193224,-0.7741759872694607,0.0,,,,,-2.1825113506616383,,,,,712
James,Dominic James,TBL,Tampa Bay Lightning,C,22.0,7.636363636363637,19.09090909090909,0.0,0.0,0.0,95.45454545454547,3.8181818181818183,15.272727272727273,221.45454545454544,118.36363636363637,,,,,dominicjames,,7.636363636363637,19.09090909090909,3.8181818181818183,15.272727272727273,0.0,0.0,95.45454545454547,221.45454545454544,118.36363636363637,,,,,,False,False,['C'],3,0.0,0.0,-0.3579859650019693,-0.07995765556013061,0.2780862319111966,-0.632565063242235,-0.6194488057366755,-0.34202739709864877,-0.35403442871362484,0.5173773667313153,0.26774538025410943,0.0,,,,,-1.3228103364566628,,,,,713
Rinzel,Sam Rinzel,CHI,Chicago Blackhawks,D,28.0,3.0,21.0,0.0,0.0,0.0,117.0,0.0,84.0,0.0,78.0,,,,,samrinzel,,3.0,21.0,0.0,84.0,0.0,0.0,117.0,0.0,78.0,,,,,,False,False,['D'],3,0.0,0.0,-0.7317624518391752,0.027462406723541066,0.12843301412977468,1.1897012297303138,-0.6194488057366755,-0.34202739709864877,-0.012700921690959878,-0.544774682906941,-0.2701224291256651,0.0,,,,,-1.1752400378144359,,,,,714
Kaiser,Wyatt Kaiser,CHI,Chicago Blackhawks,D,35.0,7.2,12.0,0.0,0.0,1.0,86.39999999999999,7.2,38.4,0.0,52.8,,,,,wyattkaiser,,7.2,12.0,7.2,38.4,0.0,0.0,86.39999999999999,0.0,52.8,,,,,,False,False,['D'],3,0.0,0.0,-0.3931649284690004,-0.4789464583280537,0.41063622480331313,-0.019357993226075825,-0.6194488057366755,-0.34202739709864877,-0.49748091520922627,-0.544774682906941,-0.6059263857924972,0.0,,,,,-3.0904913419638054,,,,,715
Goncalves,Gage Goncalves,TBL,Tampa Bay Lightning,C,31.0,8.129032258064516,13.548387096774194,2.7096774193548385,0.0,0.0,59.612903225806456,10.838709677419354,62.32258064516129,8.129032258064516,94.83870967741936,,,,,gagegoncalves,,8.129032258064516,13.548387096774194,10.838709677419354,62.32258064516129,2.7096774193548385,0.0,59.612903225806456,8.129032258064516,94.83870967741936,,,,,,False,False,['C'],3,0.0,0.0,-0.318267780442418,-0.39182235251272557,0.5532550517028433,0.6149362340973951,-0.37449661568876924,-0.34202739709864877,-0.9218550524826482,-0.505785786757817,-0.04573729679068505,0.0,,,,,-1.7318009959734735,,,,,716
Hamilton,Dougie Hamilton,NJD,New Jersey Devils,D,32.0,10.5,10.5,10.5,0.0,1.0,207.375,-7.875,63.0,0.0,86.625,,,,,dougiehamilton,,10.5,10.5,-7.875,63.0,10.5,0.0,207.375,0.0,86.625,,,,,,False,False,['D'],2,0.0,0.0,-0.12712401724957742,-0.5633479358366529,-0.18022674754440796,0.6328976402109238,0.32974093069896104,-0.34202739709864877,1.419063519949998,-0.544774682906941,-0.155189527290291,0.0,,,,,0.46901178293336376,,Dougie Hamilton,Slaffing From The Throne,Rob,717
Larsson,Adam Larsson,SEA,Seattle Kraken,D,33.0,5.090909090909091,15.272727272727273,0.0,0.0,1.0,84.0,-15.272727272727273,45.81818181818181,0.0,112.0,,,,,adamlarsson,,5.090909090909091,15.272727272727273,-15.272727272727273,45.81818181818181,0.0,0.0,84.0,0.0,112.0,,,,,,False,False,['D'],3,0.0,0.0,-0.5631965852263177,-0.29479778012747376,-0.4701798569959129,0.17733106696778647,-0.6194488057366755,-0.34202739709864877,-0.5355028754851686,-0.544774682906941,0.18294640129783857,0.0,,,,,-3.009650515311513,,,,,718
Hayton,Barrett Hayton,UTA,Utah Mammoth,C,33.0,10.181818181818182,10.181818181818182,7.636363636363637,0.0,0.0,140.0,-5.090909090909091,66.18181818181817,483.6363636363636,22.909090909090907,,,,,barretthayton,,10.181818181818182,10.181818181818182,-5.090909090909091,66.18181818181817,7.636363636363637,0.0,140.0,483.6363636363636,22.909090909090907,,,,,,False,False,['C'],1,0.0,0.0,-0.15277534477762097,-0.5812512795505981,-0.07110460957878784,0.7172618204411342,0.07087100258015111,-0.34202739709864877,0.3516761976201553,1.7748677243490212,-1.0042393040899518,0.0,,,,,0.7632788098948542,,,,,719
Svechkov,Fedor Svechkov,NSH,Nashville Predators,C,33.0,2.5454545454545454,17.81818181818182,0.0,0.0,0.0,106.9090909090909,-7.636363636363637,25.454545454545457,262.1818181818182,66.18181818181817,,,,,fedorsvechkov,,2.5454545454545454,17.81818181818182,-7.636363636363637,25.454545454545457,0.0,0.0,106.9090909090909,262.1818181818182,66.18181818181817,,,,,,False,False,['C'],2,0.0,0.0,-0.768407205450666,-0.15157103041591152,-0.1708734214330691,-0.3625996865055611,-0.6194488057366755,-0.34202739709864877,-0.1725659819420816,0.7127156747107649,-0.4276062471873109,0.0,,,,,-2.3023841010591597,,,,,720
Cousins,Nick Cousins,OTT,Ottawa Senators,C,34.0,12.352941176470589,7.411764705882353,0.0,0.0,1.0,66.70588235294117,4.9411764705882355,81.52941176470588,19.764705882352942,177.88235294117646,,,,,nickcousins,,12.352941176470589,7.411764705882353,4.9411764705882355,81.52941176470588,0.0,0.0,66.70588235294117,19.764705882352942,177.88235294117646,,,,,,False,False,['C'],2,0.0,0.0,0.022257243060793845,-0.7371156836484746,0.3221018841998501,1.1241949250809737,-0.6194488057366755,-0.34202739709864877,-0.8094846480618128,-0.4499781510933846,1.0608652422568767,0.0,,,,,-0.4286353910405021,,,,,721
Jensen,Nick Jensen,OTT,Ottawa Senators,D,35.0,2.4,16.8,0.0,0.0,0.0,52.8,-19.2,48.0,0.0,55.2,,,,,nickjensen,,2.4,16.8,-19.2,48.0,0.0,0.0,52.8,0.0,55.2,,,,,,False,False,['D'],2,0.0,0.0,-0.7801335266063429,-0.20886173030053645,-0.6241088809996611,0.23518079055421673,-0.6194488057366755,-0.34202739709864877,-1.0297883590724204,-0.544774682906941,-0.5739450565861323,0.0,,,,,-4.487907648753142,,,,,722
Namestnikov,Vladislav Namestnikov,WPG,Winnipeg Jets,C,35.0,14.4,4.8,4.8,0.0,1.0,117.6,-16.8,48.0,151.20000000000002,108.00000000000001,,,,,vladislavnamestnikov,,14.4,4.8,-16.8,48.0,4.8,0.0,117.6,151.20000000000002,108.00000000000001,,,,,,False,False,['C'],1,0.0,0.0,0.18728796873701345,-0.8840735503693296,-0.5300411441084817,0.23518079055421673,-0.18553349765181307,-0.34202739709864877,-0.003195431621974355,0.18041878546676515,0.12964418595389715,0.0,,,,,-1.2123392901383552,,,,,723
Cizikas,Casey Cizikas,NYI,New York Islanders,C,36.0,7.0,11.666666666666668,0.0,0.0,0.0,46.66666666666667,-4.666666666666666,18.666666666666664,296.3333333333333,198.33333333333334,,,,,caseycizikas,,7.0,11.666666666666668,-4.666666666666666,18.666666666666664,0.0,0.0,46.66666666666667,296.3333333333333,198.33333333333334,,,,,,False,False,['C'],3,0.0,0.0,-0.4092886200580564,-0.49770234221885346,-0.054476474269740935,-0.5425766043300104,-0.6194488057366755,-0.34202739709864877,-1.1269555908887177,0.876514985047699,1.333385882471245,0.0,,,,,-1.3825749670817589,,,,,724
Texier,Alexandre Texier,MTL,Montréal Canadiens,L,22.0,11.454545454545453,15.272727272727273,0.0,0.0,0.0,103.0909090909091,-7.636363636363637,15.272727272727273,3.8181818181818183,84.0,,,,,alexandretexier,,11.454545454545453,15.272727272727273,-7.636363636363637,15.272727272727273,0.0,0.0,103.0909090909091,3.8181818181818183,84.0,,,,,,False,False,[],2,0.0,0.0,-0.05017003466544689,-0.29479778012747376,-0.1708734214330691,-0.632565063242235,-0.6194488057366755,-0.34202739709864877,-0.23305546419926268,-0.5264617165338676,-0.19016910610975268,0.0,,,,,-3.0595687891464323,,,,,725
Spurgeon,Jared Spurgeon,MIN,Minnesota Wild,D,37.0,4.54054054054054,13.621621621621623,9.08108108108108,0.0,0.0,93.08108108108108,0.0,13.621621621621623,0.0,108.97297297297298,,,,,jaredspurgeon,,4.54054054054054,13.621621621621623,0.0,13.621621621621623,9.08108108108108,0.0,93.08108108108108,0.0,108.97297297297298,,,,,,False,False,['D'],2,0.0,0.0,-0.6075664490586091,-0.38770161777821677,0.12843301412977468,-0.6763432324427767,0.20147204739684796,-0.34202739709864877,-0.39163599876538635,-0.544774682906941,0.1426095896862072,0.0,,,,,-2.477534726837749,,,,,726
Chiarot,Ben Chiarot,DET,Detroit Red Wings,D,37.0,9.08108108108108,9.08108108108108,0.0,0.0,0.0,97.62162162162161,2.27027027027027,81.72972972972974,0.0,186.16216216216216,,,,,benchiarot,,9.08108108108108,9.08108108108108,2.27027027027027,81.72972972972974,0.0,0.0,97.62162162162161,0.0,186.16216216216216,,,,,,False,False,['D'],3,0.0,0.0,-0.24151507244220405,-0.6431871713177602,0.2174160084862958,1.1295062470795691,-0.6194488057366755,-0.34202739709864877,-0.31970256040549533,-0.544774682906941,1.17119828578281,0.0,,,,,-0.19253514855905007,,Ben Chiarot,Slaffing From The Throne,Rob,727
Peeke,Andrew Peeke,BOS,Boston Bruins,D,37.0,6.810810810810811,11.351351351351353,0.0,0.0,0.0,99.8918918918919,-22.702702702702705,27.243243243243246,0.0,113.51351351351352,,,,,andrewpeeke,,6.810810810810811,11.351351351351353,-22.702702702702705,27.243243243243246,0.0,0.0,99.8918918918919,0.0,113.51351351351352,,,,,,False,False,['D'],2,0.0,0.0,-0.42454076075040653,-0.5154443945479884,-0.7613969294354367,-0.3151733365383076,-0.6194488057366755,-0.34202739709864877,-0.28373584122554946,-0.544774682906941,0.20311480710365434,0.0,,,,,-3.6034273411362996,,,,,728
Rosen,Isak Rosen,BUF,Buffalo Sabres,R,13.0,19.384615384615387,25.846153846153847,12.923076923076923,0.0,0.0,90.46153846153845,-19.384615384615387,0.0,6.461538461538462,38.769230769230774,,,,,isakrosen,,19.384615384615387,25.846153846153847,-19.384615384615387,0.0,12.923076923076923,0.0,90.46153846153845,6.461538461538462,38.769230769230774,,,,,,False,False,[],2,0.0,0.0,0.5891399744950232,0.30014410328978447,-0.6313448607605211,-1.0375131283472458,0.5487847160302618,-0.34202739709864877,-0.43313605935763133,-0.5137835090448167,-0.7928941565374,0.0,,,,,-2.312630317331194,,,,,729
Dach,Kirby Dach,MTL,Montréal Canadiens,C,15.0,28.0,11.2,5.6,0.0,0.0,123.19999999999999,-11.2,89.6,257.6,117.6,,,,,kirbydach,,28.0,11.2,-11.2,89.6,5.6,0.0,123.19999999999999,257.6,117.6,,,,,,False,False,['C'],2,0.0,0.0,1.2836989967928174,-0.5239605796659733,-0.3105497580290628,1.3381821869354842,-0.11321427963766936,-0.34202739709864877,0.08552247568855793,0.690740115063077,0.25756950277935675,0.0,,,,,2.3659612628279394,,,,,730
Girard,Samuel Girard,COL,Colorado Avalanche,D,20.0,4.2,25.2,0.0,0.0,0.0,71.39999999999999,25.2,8.4,0.0,37.800000000000004,,,,,samuelgirard,,4.2,25.2,25.2,8.4,0.0,0.0,71.39999999999999,0.0,37.800000000000004,,,,,,False,False,['D'],2,0.0,0.0,-0.6350203023048395,0.2637865437476186,1.1161442514871591,-0.8147916925394899,-0.6194488057366755,-0.34202739709864877,-0.7351181669338666,-0.544774682906941,-0.8058096933322781,0.0,,,,,-3.1170599456179615,,,,,731
Perfetti,Cole Perfetti,WPG,Winnipeg Jets,C,21.0,8.0,20.0,12.0,0.0,1.0,132.0,-52.0,24.0,8.0,68.0,,,,,coleperfetti,,8.0,20.0,-52.0,24.0,12.0,0.0,132.0,8.0,68.0,,,,,,False,False,"['C', 'LW', 'RW']",1,0.0,0.0,-0.32867016211277666,-0.028805244948858354,-1.909701285179114,-0.4011661688965146,0.4653394644754805,-0.34202739709864877,0.22493633003368044,-0.5064046581252635,-0.40337796748551913,0.0,,,,,-3.229877089337534,,Cole Perfetti,Filip Use the Forceberg,Philip,732
Acciari,Noel Acciari,PIT,Pittsburgh Penguins,C,22.0,7.636363636363637,19.09090909090909,0.0,0.0,0.0,76.36363636363636,0.0,45.81818181818181,362.72727272727275,118.36363636363637,,,,,noelacciari,,7.636363636363637,19.09090909090909,0.0,45.81818181818181,0.0,0.0,76.36363636363636,362.72727272727275,118.36363636363637,,,,,,False,False,['C'],2,0.0,0.0,-0.3579859650019693,-0.07995765556013061,0.12843301412977468,0.17733106696778647,-0.6194488057366755,-0.34202739709864877,-0.6564818399995309,1.1949571225350308,0.26774538025410943,0.0,,,,,-0.2874350795102537,,,,,733
Marchessault,Jonathan Marchessault,NSH,Nashville Predators,R,28.0,21.0,9.0,12.0,0.0,1.0,180.0,-54.00000000000001,18.0,24.0,114.0,,,,,jonathanmarchessault,,21.0,9.0,-54.00000000000001,18.0,12.0,0.0,180.0,24.0,114.0,,,,,,False,False,[],2,0.0,0.0,0.7193697911758594,-0.6477494133452519,-1.9880910659217637,-0.5602529087591974,0.4653394644754805,-0.34202739709864877,0.9853755355525294,-0.4296646085619083,0.20959750896980936,0.0,,,,,-1.588103093513091,,,,,734
Hanifin,Noah Hanifin,VGK,Vegas Golden Knights,D,24.0,7.0,28.0,14.0,0.0,0.0,227.5,-31.5,14.0,0.0,38.5,,,,,noahhanifin,,7.0,28.0,-31.5,14.0,14.0,0.0,227.5,0.0,38.5,,,,,,False,False,['D'],2,0.0,0.0,-0.4092886200580564,0.421335968430337,-1.1062060325669558,-0.6663107353343193,0.6461375095108398,-0.34202739709864877,1.7378934993472237,-0.544774682906941,-0.7964818056470885,0.0,,,,,-1.059722296323609,,,,,735
Clarke,Brandt Clarke,LAK,Los Angeles Kings,D,34.0,12.352941176470589,24.705882352941178,4.9411764705882355,0.0,2.0,155.64705882352942,12.352941176470589,39.529411764705884,0.0,44.470588235294116,,,,,brandtclarke,,12.352941176470589,24.705882352941178,12.352941176470589,39.529411764705884,4.9411764705882355,0.0,155.64705882352942,0.0,44.470588235294116,,,,,,False,False,['D'],3,0.0,0.0,0.022257243060793845,0.2359837040977272,0.6126051893049632,0.010587746042193966,-0.17277128270814063,-0.34202739709864877,0.599564468046643,-0.544774682906941,-0.7169204106851756,0.0,,,,,-0.2954954228465848,,Brandt Clarke,The Makar Of The Devil,Lev,736
Shabanov,Max Shabanov,NYI,New York Islanders,R,23.0,10.956521739130434,25.56521739130435,14.608695652173912,0.0,0.0,109.56521739130434,-18.26086956521739,7.304347826086956,0.0,43.826086956521735,,,,,maxshabanov,,10.956521739130434,25.56521739130435,-18.26086956521739,7.304347826086956,14.608695652173912,0.0,109.56521739130434,0.0,43.826086956521735,,,,,,False,False,[],3,0.0,0.0,-0.09031993862238459,0.28433646870623425,-0.5872997665639822,-0.8438423146013712,0.701163001478123,-0.34202739709864877,-0.13048634211099905,-0.544774682906941,-0.7255087471728184,0.0,,,,,-2.278759718892788,,,,,737
Greer,A.J. Greer,FLA,Florida Panthers,L,35.0,16.8,16.8,0.0,0.0,0.0,103.2,9.6,122.39999999999999,7.2,220.8,,,,,ajgreer,,16.8,16.8,9.6,122.39999999999999,0.0,0.0,103.2,7.2,220.8,,,,,,False,False,[],2,0.0,0.0,0.3807722678056848,-0.20886173030053645,0.5047039616944926,2.2078563648514837,-0.6194488057366755,-0.34202739709864877,-0.2313271932776289,-0.5102416606034311,1.6327666586530505,0.0,,,,,2.814192465987791,,,,,738
Colton,Ross Colton,COL,Colorado Avalanche,C,35.0,12.0,21.599999999999998,0.0,0.0,2.0,182.39999999999998,14.4,16.8,69.60000000000001,196.8,,,,,rosscolton,,12.0,21.599999999999998,14.4,16.8,0.0,0.0,182.39999999999998,69.60000000000001,196.8,,,,,,False,False,"['C', 'LW']",2,0.0,0.0,-0.0061963303316578565,0.0612229977269806,0.6928394354768516,-0.592070256731734,-0.6194488057366755,-0.34202739709864877,1.0233974958284715,-0.2109554673063461,1.3129533665894009,0.0,,,,,1.3197150384166423,,Ross Colton,KYYYYLE….,jeremy elgressy,739
Eyssimont,Michael Eyssimont,BOS,Boston Bruins,C,35.0,14.4,19.2,9.6,0.0,1.0,182.39999999999998,-14.4,50.4,2.4,62.400000000000006,,,,,michaeleyssimont,,14.4,19.2,-14.4,50.4,9.6,0.0,182.39999999999998,2.4,62.400000000000006,,,,,,False,False,['C'],2,0.0,0.0,0.18728796873701345,-0.07381936628677793,-0.43597340721730216,0.29881548649928985,0.2483818104330493,-0.34202739709864877,1.0233974958284715,-0.5332636754724377,-0.4780010689670373,0.0,,,,,-0.10520215354437978,,,,,740
Byram,Bowen Byram,BUF,Buffalo Sabres,D,35.0,14.4,19.2,7.2,0.0,2.0,110.4,-21.599999999999998,28.8,0.0,52.8,,,,,bowenbyram,,14.4,19.2,-21.599999999999998,28.8,7.2,0.0,110.4,0.0,52.8,,,,,,False,False,['D'],2,0.0,0.0,0.18728796873701345,-0.07381936628677793,-0.7181766178908405,-0.2738967770063683,0.03142415639061815,-0.34202739709864877,-0.11726131244980152,-0.544774682906941,-0.6059263857924972,0.0,,,,,-2.457170414304244,,,,,741
Schenn,Brayden Schenn,STL,St. Louis Blues,C,37.0,13.621621621621623,18.16216216216216,4.54054054054054,0.0,1.0,115.78378378378378,-40.86486486486487,52.21621621621622,458.5945945945946,186.16216216216216,,,,,braydenschenn,,13.621621621621623,18.16216216216216,-40.86486486486487,52.21621621621622,4.54054054054054,0.0,115.78378378378378,458.5945945945946,186.16216216216216,,,,,,False,False,"['C', 'LW']",2,0.0,0.0,0.12453630417420122,-0.13221606423867355,-1.4732608842876056,0.34697147261988576,-0.20898837916991375,-0.34202739709864877,-0.031968806965930845,1.6547610620103057,1.17119828578281,0.0,,,,,1.1090055928264304,,Brayden Schenn,Hintz 57,Ryan,742
Sandin-Pellikka,Axel Sandin-Pellikka,DET,Detroit Red Wings,D,37.0,9.08108108108108,22.702702702702705,11.351351351351353,0.0,0.0,93.08108108108108,-31.783783783783786,27.243243243243246,0.0,27.243243243243246,,,,,axelsandinpellikka,,9.08108108108108,22.702702702702705,-31.783783783783786,27.243243243243246,11.351351351351353,0.0,93.08108108108108,0.0,27.243243243243246,,,,,,False,False,['D'],3,0.0,0.0,-0.24151507244220405,0.12326948930086995,-1.1173289068615213,-0.3151733365383076,0.40670226068022897,-0.34202739709864877,-0.39163599876538635,-0.544774682906941,-0.9464843238278431,0.0,,,,,-3.3689679684597533,,,,,743
Gavrikov,Vladislav Gavrikov,NYR,New York Rangers,D,38.0,13.26315789473684,17.684210526315788,0.0,0.0,1.0,112.73684210526315,4.421052631578947,39.78947368421053,0.0,42.0,,,,,vladislavgavrikov,,13.26315789473684,17.684210526315788,4.421052631578947,39.78947368421053,0.0,0.0,112.73684210526315,0.0,42.0,,,,,,False,False,['D'],2,0.0,0.0,0.09563751128343218,-0.1591092804007308,0.3017156873503684,0.01748314653159816,-0.6194488057366755,-0.34202739709864877,-0.08023993007585777,-0.544774682906941,-0.7498423672211395,0.0,,,,,-2.0806061182745945,,,,,744
Benn,Jamie Benn,DAL,Dallas Stars,L,18.0,28.0,32.666666666666664,0.0,0.0,0.0,130.66666666666666,28.0,60.666666666666664,116.66666666666666,121.33333333333333,,,,,jamiebenn,,28.0,32.666666666666664,28.0,60.666666666666664,0.0,0.0,130.66666666666666,116.66666666666666,121.33333333333333,,,,,,False,False,[],2,0.0,0.0,1.2836989967928174,0.6839183429015342,1.2258899445268687,0.5710305747087693,-0.6194488057366755,-0.34202739709864877,0.2038130187692678,0.014788178492523524,0.30731823710036893,0.0,,,,,3.3289810904568258,,,,,745
Foerster,Tyson Foerster,PHI,Philadelphia Flyers,R,21.0,40.0,12.0,12.0,0.0,2.0,164.0,28.0,72.0,4.0,80.0,,,,,tysonfoerster,,40.0,12.0,28.0,72.0,12.0,0.0,164.0,4.0,80.0,,,,,,False,False,[],3,0.0,0.0,2.251120492136174,-0.4789464583280537,1.2258899445268687,0.8715277500049481,0.4653394644754805,-0.34202739709864877,0.7318958003795798,-0.5255896705161022,-0.2434713214536943,0.0,,,,,3.9557386041265525,,,,,746
Frank,Ethen Frank,WSH,Washington Capitals,C,25.0,20.16,23.520000000000003,6.72,0.0,0.0,117.6,20.16,26.88,3.36,63.84,,,,,ethenfrank,,20.16,23.520000000000003,20.16,26.88,6.72,0.0,117.6,3.36,63.84,,,,,,False,False,['C'],2,0.0,0.0,0.6516502865018245,0.1692568889379878,0.9186020040156823,-0.32480453376242685,-0.011967374417868127,-0.34202739709864877,-0.003195431621974355,-0.5286592724986364,-0.45881227144321834,0.0,,,,,0.07004289861272173,,,,,747
Lohrei,Mason Lohrei,BOS,Boston Bruins,D,32.0,5.25,28.875,10.5,0.0,0.0,70.875,5.25,21.0,0.0,42.0,,,,,masonlohrei,,5.25,28.875,5.25,21.0,10.5,0.0,70.875,0.0,42.0,,,,,,False,False,['D'],2,0.0,0.0,-0.5503709214622958,0.4705701636436865,0.3342061885792298,-0.480709538827856,0.32974093069896104,-0.34202739709864877,-0.7434354707442289,-0.544774682906941,-0.7498423672211395,0.0,,,,,-2.2766430953392325,,,,,748
Wright,Shane Wright,SEA,Seattle Kraken,C,33.0,15.272727272727273,17.81818181818182,5.090909090909091,0.0,1.0,132.36363636363635,0.0,5.090909090909091,244.36363636363637,71.27272727272728,,,,,shanewright,,15.272727272727273,17.81818181818182,0.0,5.090909090909091,5.090909090909091,0.0,132.36363636363635,244.36363636363637,71.27272727272728,,,,,,False,False,['C'],3,0.0,0.0,0.25764589567107576,-0.15157103041591152,0.12843301412977468,-0.9025304399789089,-0.15923560019212443,-0.34202739709864877,0.23069723310579265,0.6272551649697559,-0.3597670640222941,0.0,,,,,-0.6711002238314887,,,,,749
Nikishin,Alexander Nikishin,CAR,Carolina Hurricanes,D,34.0,9.882352941176471,22.235294117647058,2.4705882352941178,0.0,0.0,140.8235294117647,32.11764705882353,29.647058823529413,0.0,163.05882352941177,,,,,alexandernikishin,,9.882352941176471,22.235294117647058,32.11764705882353,29.647058823529413,2.4705882352941178,0.0,140.8235294117647,0.0,163.05882352941177,,,,,,False,False,['D'],2,0.0,0.0,-0.17691777068636777,0.09696950584826972,1.3872806695852649,-0.251437472555166,-0.39611004422240803,-0.34202739709864877,0.3647229486952334,-0.544774682906941,0.8633335030410932,0.0,,,,,1.0010392597003297,,Alexander Nikishin,Better Safe Than Sorokin,Harley Pesner,750
Mateychuk,Denton Mateychuk,CBJ,Columbus Blue Jackets,D,34.0,14.823529411764707,17.294117647058822,2.4705882352941178,0.0,0.0,93.88235294117648,-7.411764705882353,4.9411764705882355,0.0,44.470588235294116,,,,,dentonmateychuk,,14.823529411764707,17.294117647058822,-7.411764705882353,4.9411764705882355,2.4705882352941178,0.0,93.88235294117648,0.0,44.470588235294116,,,,,,False,False,['D'],2,0.0,0.0,0.22143225680795547,-0.1810588906506451,-0.1620702909753384,-0.906500519048566,-0.39611004422240803,-0.34202739709864877,-0.37894186258422896,-0.544774682906941,-0.7169204106851756,0.0,,,,,-3.4069718413639967,,,,,751
Provorov,Ivan Provorov,CBJ,Columbus Blue Jackets,D,35.0,9.6,21.599999999999998,4.8,0.0,0.0,160.8,7.2,28.8,0.0,43.199999999999996,,,,,ivanprovorov,,9.6,21.599999999999998,7.2,28.8,4.8,0.0,160.8,0.0,43.199999999999996,,,,,,False,False,['D'],2,0.0,0.0,-0.19968062940032916,0.0612229977269806,0.41063622480331313,-0.2738967770063683,-0.18553349765181307,-0.34202739709864877,0.68119985334499,-0.544774682906941,-0.7338517026179572,0.0,,,,,-1.1267056108067737,,,,,752
Shea,Ryan Shea,PIT,Pittsburgh Penguins,D,35.0,4.8,26.4,0.0,0.0,0.0,74.39999999999999,19.2,43.199999999999996,0.0,43.199999999999996,,,,,ryanshea,,4.8,26.4,19.2,43.199999999999996,0.0,0.0,74.39999999999999,0.0,43.199999999999996,,,,,,False,False,['D'],2,0.0,0.0,-0.5866492275376717,0.33130772575449785,0.8809749092592104,0.10791139866407036,-0.6194488057366755,-0.34202739709864877,-0.6875907165889386,-0.544774682906941,-0.7338517026179572,0.0,,,,,-2.1941484988090543,,,,,753
DeAngelo,Tony DeAngelo,NYI,New York Islanders,D,36.0,2.333333333333333,28.0,7.0,0.0,0.0,140.0,-14.0,63.0,0.0,37.33333333333333,,,,,tonydeangelo,,2.333333333333333,28.0,-14.0,63.0,7.0,0.0,140.0,0.0,37.33333333333333,,,,,,False,False,['D'],3,0.0,0.0,-0.7855080904693615,0.421335968430337,-0.42029545106877225,0.6328976402109238,0.013344351887082202,-0.34202739709864877,0.3516761976201553,-0.544774682906941,-0.8120282851224048,0.0,,,,,-1.48537974851763,,,,,754
Carcone,Michael Carcone,UTA,Utah Mammoth,L,36.0,14.0,16.333333333333332,2.333333333333333,0.0,0.0,170.33333333333331,-2.333333333333333,42.0,4.666666666666666,147.0,,,,,michaelcarcone,,14.0,16.333333333333332,-2.333333333333333,42.0,2.333333333333333,0.0,170.33333333333331,4.666666666666666,147.0,,,,,,False,False,[],1,0.0,0.0,0.15504058555890154,-0.23511996774765628,0.03697826993001688,0.07609405069153391,-0.40851775319542294,-0.34202739709864877,0.8322315288855388,-0.5223921684509624,0.6493407855573277,0.0,,,,,0.24162793413062844,,,,,755
Zadorov,Nikita Zadorov,BOS,Boston Bruins,D,37.0,2.27027027027027,27.243243243243246,0.0,0.0,0.0,104.43243243243244,29.513513513513516,181.62162162162164,0.0,229.2972972972973,,,,,nikitazadorov,,2.27027027027027,27.243243243243246,29.513513513513516,181.62162162162164,0.0,0.0,104.43243243243244,0.0,229.2972972972973,,,,,,False,False,['D'],2,0.0,0.0,-0.7905921373668118,0.3787550428404133,1.2852119407645495,3.778085483712343,-0.6194488057366755,-0.34202739709864877,-0.21180240286565846,-0.544774682906941,1.7459978512485586,0.0,,,,,4.679404892591129,,Nikita Zadorov,Hagel Cream Cheese & Larks,Ilan Weintraub,756
Forsling,Gustav Forsling,FLA,Florida Panthers,D,35.0,2.4,31.200000000000003,0.0,0.0,0.0,98.4,-4.8,28.8,0.0,62.400000000000006,,,,,gustavforsling,,2.4,31.200000000000003,-4.8,28.8,0.0,0.0,98.4,0.0,62.400000000000006,,,,,,False,False,['D'],2,0.0,0.0,-0.7801335266063429,0.6013924537820153,-0.05970245965258426,-0.2738967770063683,-0.6194488057366755,-0.34202739709864877,-0.30737111382951376,-0.544774682906941,-0.4780010689670373,0.0,,,,,-2.8039633780220967,,Gustav Forsling,The Makar Of The Devil,Lev,757
Donato,Ryan Donato,CHI,Chicago Blackhawks,C,35.0,19.2,14.4,2.4,0.0,2.0,141.6,-14.4,57.6,175.20000000000002,98.4,,,,,ryandonato,,19.2,14.4,-14.4,57.6,2.4,0.0,141.6,175.20000000000002,98.4,,,,,,False,False,"['C', 'LW', 'RW']",3,0.0,0.0,0.5742565668743559,-0.3439040943142951,-0.43597340721730216,0.4897195743345093,-0.4024911516942443,-0.34202739709864877,0.3770241711374501,0.2955288598117979,0.0017188691284371715,0.0,,,,,0.21385199096205998,,Ryan Donato,KYYYYLE….,jeremy elgressy,758
Robertson,Nicholas Robertson,TOR,Toronto Maple Leafs,L,33.0,15.272727272727273,20.363636363636363,2.5454545454545454,0.0,1.0,134.9090909090909,-7.636363636363637,0.0,10.181818181818182,96.72727272727273,,,,,nicholasrobertson,,15.272727272727273,20.363636363636363,-7.636363636363637,0.0,2.5454545454545454,0.0,134.9090909090909,10.181818181818182,96.72727272727273,,,,,,False,False,[],3,0.0,0.0,0.25764589567107576,-0.008344280704349491,-0.1708734214330691,-1.0375131283472458,-0.3893422029643999,-0.34202739709864877,0.2710235546105803,-0.4959401059120786,-0.020571148197211127,0.0,,,,,-1.935942234375347,,,,,759
Brazeau,Justin Brazeau,PIT,Pittsburgh Penguins,R,21.0,32.0,24.0,8.0,0.0,2.0,136.0,4.0,16.0,0.0,148.0,,,,,justinbrazeau,,32.0,24.0,4.0,16.0,8.0,0.0,136.0,0.0,148.0,,,,,,False,False,[],2,0.0,0.0,1.6061728285739363,0.19626536174073933,0.2852125756150738,-0.6132818220467583,0.10374337440476186,-0.34202739709864877,0.2883062638269179,-0.544774682906941,0.662666339393313,0.0,,,,,1.642282841502394,,,,,760
Niederreiter,Nino Niederreiter,WPG,Winnipeg Jets,R,35.0,14.4,21.599999999999998,12.0,0.0,1.0,112.8,-9.6,19.2,7.2,117.6,,,,,ninoniederreiter,,14.4,21.599999999999998,-9.6,19.2,12.0,0.0,112.8,7.2,117.6,,,,,,False,False,[],1,0.0,0.0,0.18728796873701345,0.0612229977269806,-0.2478379334349432,-0.5284355607866609,0.4653394644754805,-0.34202739709864877,-0.0792393521738592,-0.5102416606034311,0.25756950277935675,0.0,,,,,-0.7363619703787119,,,,,761
McCabe,Jake McCabe,TOR,Toronto Maple Leafs,D,35.0,7.2,28.8,0.0,0.0,0.0,57.6,28.8,60.0,0.0,122.39999999999999,,,,,jakemccabe,,7.2,28.8,28.8,60.0,0.0,0.0,57.6,0.0,122.39999999999999,,,,,,False,False,['D'],3,0.0,0.0,-0.3931649284690004,0.4663500897682566,1.2572458568239284,0.5533542702795824,-0.6194488057366755,-0.34202739709864877,-0.9537444385205355,-0.544774682906941,0.3215321611920866,0.0,,,,,-0.2546778746679471,,Jake McCabe,Hagel Cream Cheese & Larks,Ilan Weintraub,762
Bjorkstrand,Oliver Bjorkstrand,TBL,Tampa Bay Lightning,R,35.0,12.0,24.0,16.8,0.0,1.0,139.20000000000002,-12.0,4.8,12.0,79.2,,,,,oliverbjorkstrand,,12.0,24.0,-12.0,4.8,16.8,0.0,139.20000000000002,12.0,79.2,,,,,,False,False,[],3,0.0,0.0,-0.0061963303316578565,0.19626536174073933,-0.3419056703261227,-0.9102437364570997,0.899254772560343,-0.34202739709864877,0.33900221086150806,-0.48721964573442467,-0.2541317645224826,0.0,,,,,-0.9072021993078458,,,,,763
Amadio,Michael Amadio,OTT,Ottawa Senators,R,35.0,16.8,19.2,0.0,0.0,1.0,120.0,9.6,24.0,7.2,127.19999999999999,,,,,michaelamadio,,16.8,19.2,9.6,24.0,0.0,0.0,120.0,7.2,127.19999999999999,,,,,,False,False,[],2,0.0,0.0,0.3807722678056848,-0.07381936628677793,0.5047039616944926,-0.4011661688965146,-0.6194488057366755,-0.34202739709864877,0.03482652865396819,-0.5102416606034311,0.3854948196048165,0.0,,,,,-0.6409058208630858,,,,,764
Zellweger,Olen Zellweger,ANA,Anaheim Ducks,D,35.0,12.0,24.0,7.2,0.0,1.0,146.4,21.599999999999998,38.4,0.0,43.199999999999996,,,,,olenzellweger,,12.0,24.0,21.599999999999998,38.4,7.2,0.0,146.4,0.0,43.199999999999996,,,,,,False,False,['D'],2,0.0,0.0,-0.0061963303316578565,0.19626536174073933,0.9750426461503898,-0.019357993226075825,0.03142415639061815,-0.34202739709864877,0.4530680916893352,-0.544774682906941,-0.7338517026179572,0.0,,,,,0.00959214978980194,,Olen Zellweger,Filip Use the Forceberg,Philip,765
Jeannot,Tanner Jeannot,BOS,Boston Bruins,L,37.0,9.08108108108108,24.972972972972975,2.27027027027027,0.0,1.0,95.35135135135135,2.27027027027027,72.64864864864865,15.891891891891893,249.7297297297297,,,,,tannerjeannot,,9.08108108108108,24.972972972972975,2.27027027027027,72.64864864864865,2.27027027027027,0.0,95.35135135135135,15.891891891891893,249.7297297297297,,,,,,False,False,[],2,0.0,0.0,-0.24151507244220405,0.2510122660706416,0.2174160084862958,0.8887263164765894,-0.4142185924532946,-0.34202739709864877,-0.3556692795854407,-0.46855314719198693,2.018271329627071,0.0,,,,,1.5534424318890228,,,,,766
Zuccarello,Mats Zuccarello,MIN,Minnesota Wild,R,17.0,9.882352941176471,59.294117647058826,19.764705882352942,0.0,0.0,148.23529411764704,-14.823529411764707,19.764705882352942,34.588235294117645,29.647058823529413,,,,,matszuccarello,,9.882352941176471,59.294117647058826,-14.823529411764707,19.764705882352942,19.764705882352942,0.0,148.23529411764704,34.588235294117645,29.647058823529413,,,,,,False,False,[],2,0.0,0.0,-0.17691777068636777,2.182182479590131,-0.4525735960804515,-0.513462691152526,1.167261286377464,-0.34202739709864877,0.48214370837093795,-0.37888075223321743,-0.9144521499009591,0.0,,,,,1.0532731171863623,,,,,767
Granlund,Mikael Granlund,ANA,Anaheim Ducks,C,18.0,28.0,37.33333333333333,9.333333333333332,0.0,0.0,182.0,4.666666666666666,37.33333333333333,508.66666666666663,51.333333333333336,,,,,mikaelgranlund,,28.0,37.33333333333333,4.666666666666666,37.33333333333333,9.333333333333332,0.0,182.0,508.66666666666663,51.333333333333336,,,,,,False,False,"['C', 'LW', 'RW']",2,0.0,0.0,1.2836989967928174,0.9465007173727313,0.3113425025292903,-0.047640080312775085,0.22427540442833466,-0.34202739709864877,1.0170605024491481,1.8949193927947243,-0.6254705314186091,0.0,,,,,4.662659507537013,,Mikael Granlund,KYYYYLE….,jeremy elgressy,768
Rossi,Marco Rossi,VAN,Vancouver Canucks,C,21.0,16.0,40.0,20.0,0.0,0.0,120.0,-28.0,16.0,544.0,56.0,,,,,marcorossi,,16.0,40.0,-28.0,16.0,20.0,0.0,120.0,544.0,56.0,,,,,,False,False,['C'],2,0.0,0.0,0.31627750144946093,1.0965477884991301,-0.9690239162673191,-0.6132818220467583,1.1885316446169178,-0.34202739709864877,0.03482652865396819,2.064387002247134,-0.5632846135173439,0.0,,,,,2.2129527165365417,,Marco Rossi,Filip Use the Forceberg,Philip,769
Samuelsson,Mattias Samuelsson,BUF,Buffalo Sabres,D,33.0,12.727272727272728,22.909090909090907,0.0,0.0,2.0,112.0,30.545454545454547,20.363636363636363,0.0,117.0909090909091,,,,,mattiassamuelsson,,12.727272727272728,22.909090909090907,30.545454545454547,20.363636363636363,0.0,0.0,112.0,0.0,117.0909090909091,,,,,,False,False,['D'],2,0.0,0.0,0.05243527544672747,0.13488246900721254,1.32565875638115,-0.4975823748738981,-0.6194488057366755,-0.34202739709864877,-0.09191333893250665,-0.544774682906941,0.2507855844628552,0.0,,,,,-0.3319845142507248,,,,,770
Arvidsson,Viktor Arvidsson,BOS,Boston Bruins,L,25.0,23.520000000000003,23.520000000000003,10.08,0.0,3.0,218.4,3.36,20.16,20.16,26.88,,,,,viktorarvidsson,,23.520000000000003,23.520000000000003,3.36,20.16,10.08,0.0,218.4,20.16,26.88,,,,,,False,False,[],2,0.0,0.0,0.9225283051979646,0.1692568889379878,0.2601278457774259,-0.5029816824086316,0.2917733412415356,-0.34202739709864877,1.5937268999676086,-0.44808222045711354,-0.9513247412212389,0.0,,,,,0.9929972399368898,,,,,771
Harley,Thomas Harley,DAL,Dallas Stars,D,25.0,6.72,40.32,10.08,0.0,1.0,97.44,-13.44,33.6,0.0,36.96,,,,,thomasharley,,6.72,40.32,-13.44,33.6,10.08,0.0,97.44,0.0,36.96,,,,,,False,False,['D'],2,0.0,0.0,-0.4318617882827347,1.114553437034298,-0.39834631246083035,-0.146627385116222,0.2917733412415356,-0.34202739709864877,-0.3225798979398909,-0.544774682906941,-0.817003158554506,0.0,,,,,-1.5968938440839402,,Thomas Harley,Filip Use the Forceberg,Philip,772
Blankenburg,Nick Blankenburg,NSH,Nashville Predators,D,25.0,13.44,33.6,20.16,0.0,0.0,131.04,-23.520000000000003,20.16,0.0,63.84,,,,,nickblankenburg,,13.44,33.6,-23.520000000000003,20.16,20.16,0.0,131.04,0.0,63.84,,,,,,False,False,['D'],2,0.0,0.0,0.10989424910954487,0.7364348177957738,-0.7934308074037842,-0.5029816824086316,1.2029954882197467,-0.34202739709864877,0.20972754592330334,-0.544774682906941,-0.45881227144321834,0.0,,,,,-0.38297474021285516,,,,,773
York,Cam York,PHI,Philadelphia Flyers,D,27.0,6.222222222222221,37.33333333333333,18.666666666666664,0.0,0.0,74.66666666666666,-6.222222222222221,31.11111111111111,0.0,9.333333333333332,,,,,camyork,,6.222222222222221,37.33333333333333,-6.222222222222221,31.11111111111111,18.666666666666664,0.0,74.66666666666666,0.0,9.333333333333332,,,,,,False,False,['D'],3,0.0,0.0,-0.4719918651266073,0.9465007173727313,-0.11544630373624615,-0.21261892165185345,1.0679996145933448,-0.34202739709864877,-0.683366054336056,-0.544774682906941,-1.1851437925299961,0.0,,,,,-1.5408686854202727,,,,,774
Wood,Matthew Wood,NSH,Nashville Predators,R,28.0,24.0,18.0,15.0,0.0,0.0,147.0,0.0,6.0,9.0,60.0,,,,,matthewwood,,24.0,18.0,0.0,6.0,15.0,0.0,147.0,9.0,60.0,,,,,,False,False,[],2,0.0,0.0,0.9612251650116985,-0.1413405482936572,0.12843301412977468,-0.878426388484563,0.7365365320285197,-0.34202739709864877,0.46257358175832075,-0.5016084050275538,-0.5099823981734023,0.0,,,,,-0.08461684414951137,,,,,775
Marchment,Mason Marchment,CBJ,Columbus Blue Jackets,L,30.0,14.0,25.2,8.4,0.0,1.0,137.2,-11.2,78.4,28.0,109.2,,,,,masonmarchment,,14.0,25.2,-11.2,78.4,8.4,0.0,137.2,28.0,109.2,,,,,,False,False,[],2,0.0,0.0,0.15504058555890154,0.2637865437476186,-0.3105497580290628,1.0412202725251432,0.13990298341183377,-0.34202739709864877,0.3073172439648889,-0.4104795961710695,0.14563485055707948,0.0,,,,,0.9898457284666844,,,,,776
Karlsson,Linus Karlsson,VAN,Vancouver Canucks,C,32.0,18.375,18.375,2.625,0.0,1.0,126.0,-2.625,57.75,18.375,110.25,,,,,linuskarlsson,,18.375,18.375,-2.625,57.75,2.625,0.0,126.0,18.375,110.25,,,,,,False,False,['C'],2,0.0,0.0,0.5077463390695003,-0.12024017891650741,0.025546426905047135,0.49369674283107634,-0.38215137162776636,-0.34202739709864877,0.12988142934382432,-0.4566435322365253,0.1596266820848641,0.0,,,,,0.01543514035486429,,,,,777
Kindel,Ben Kindel,PIT,Pittsburgh Penguins,C,32.0,21.0,15.75,18.375,0.0,0.0,191.625,-23.625,21.0,270.375,34.125,,,,,benkindel,,21.0,15.75,-23.625,21.0,18.375,0.0,191.625,270.375,34.125,,,,,,False,False,['C'],2,0.0,0.0,0.7193697911758594,-0.2679427645565559,-0.7975462708927732,-0.480709538827856,1.0416332330256886,-0.34202739709864877,1.1695444056391258,0.7520122483863182,-0.8547811036795246,0.0,,,,,0.9395526031716336,,,,,778
Kastelic,Mark Kastelic,BOS,Boston Bruins,C,37.0,13.621621621621623,15.891891891891893,2.27027027027027,0.0,2.0,115.78378378378378,13.621621621621623,140.75675675675674,374.5945945945946,224.75675675675677,,,,,markkastelic,,13.621621621621623,15.891891891891893,13.621621621621623,140.75675675675674,2.27027027027027,0.0,115.78378378378378,374.5945945945946,224.75675675675677,,,,,,False,False,"['C', 'RW']",2,0.0,0.0,0.12453630417420122,-0.2599588410084451,0.6623309802689015,2.6945757959989347,-0.4142185924532946,-0.34202739709864877,-0.031968806965930845,1.2518758018026912,1.6854926338311116,0.0,,,,,5.3706378785495215,,Mark Kastelic,Hagel Cream Cheese & Larks,Ilan Weintraub,779
Newhook,Alex Newhook,MTL,Montréal Canadiens,C,17.0,29.647058823529413,29.647058823529413,4.9411764705882355,0.0,2.0,118.58823529411765,34.588235294117645,39.529411764705884,182.8235294117647,128.47058823529412,,,,,alexnewhook,,29.647058823529413,29.647058823529413,34.588235294117645,39.529411764705884,4.9411764705882355,0.0,118.58823529411765,182.8235294117647,128.47058823529412,,,,,,False,False,['C'],2,0.0,0.0,1.4164823392909254,0.514012100596642,1.4841151046203025,0.010587746042193966,-0.17277128270814063,-0.34202739709864877,0.012460669668119765,0.33209323636845517,0.4024261115375981,0.0,,,,,3.6573786283174474,,,,,780
Hedman,Victor Hedman,TBL,Tampa Bay Lightning,D,18.0,0.0,56.0,28.0,0.0,0.0,116.66666666666666,0.0,28.0,0.0,37.33333333333333,,,,,victorhedman,,0.0,56.0,0.0,28.0,28.0,0.0,116.66666666666666,0.0,37.33333333333333,,,,,,False,False,['D'],3,0.0,0.0,-0.9736178256750143,1.9968302152575208,0.12843301412977468,-0.2951083423213927,1.9117238247583552,-0.34202739709864877,-0.017981749507063147,-0.544774682906941,-0.8120282851224048,0.0,,,,,1.051448771514186,,Victor Hedman,Filip Use the Forceberg,Philip,781
Krebs,Peyton Krebs,BUF,Buffalo Sabres,C,35.0,2.4,24.0,2.4,0.0,0.0,100.8,-14.4,96.0,290.40000000000003,203.99999999999997,,,,,peytonkrebs,,2.4,24.0,-14.4,96.0,2.4,0.0,100.8,290.40000000000003,203.99999999999997,,,,,,False,False,['C'],2,0.0,0.0,-0.7801335266063429,0.19626536174073933,-0.43597340721730216,1.5078747094556793,-0.4024911516942443,-0.34202739709864877,-0.2693491535535715,0.8480572166679551,1.408897354208495,0.0,,,,,1.731120005902759,,,,,782
Lindholm,Hampus Lindholm,BOS,Boston Bruins,D,29.0,5.793103448275862,26.06896551724138,8.689655172413794,0.0,1.0,139.0344827586207,-23.17241379310345,81.10344827586208,0.0,11.586206896551724,,,,,hampuslindholm,,5.793103448275862,26.06896551724138,-23.17241379310345,81.10344827586208,8.689655172413794,0.0,139.0344827586207,0.0,11.586206896551724,,,,,,False,False,['D'],2,0.0,0.0,-0.5065867589575319,0.31268119278708306,-0.7798072041298892,1.1129007346241913,0.16608752786523065,-0.34202739709864877,0.3363800067045464,-0.544774682906941,-1.155123004577661,0.0,,,,,-1.4002695856896206,,,,,783
Raty,Aatu Raty,VAN,Vancouver Canucks,C,29.0,8.689655172413794,23.17241379310345,0.0,0.0,1.0,75.3103448275862,8.689655172413794,46.3448275862069,585.1034482758621,211.44827586206895,,,,,aaturaty,,8.689655172413794,23.17241379310345,8.689655172413794,46.3448275862069,0.0,0.0,75.3103448275862,585.1034482758621,211.44827586206895,,,,,,False,False,['C'],2,0.0,0.0,-0.2730712255987906,0.1496990293222019,0.46902309597714864,0.19129479335071803,-0.6194488057366755,-0.34202739709864877,-0.6731685937256499,2.2615295433667875,1.508149755193766,0.0,,,,,2.671980195050857,,,,,784
Greig,Ridly Greig,OTT,Ottawa Senators,C,30.0,5.6,25.2,8.4,0.0,0.0,140.0,-11.2,120.4,322.0,106.39999999999999,,,,,ridlygreig,,5.6,25.2,-11.2,120.4,8.4,0.0,140.0,322.0,106.39999999999999,,,,,,False,False,"['C', 'LW', 'RW']",2,0.0,0.0,-0.5221544611814479,0.2637865437476186,-0.3105497580290628,2.154827451563923,0.13990298341183377,-0.34202739709864877,0.3516761976201553,0.9996188145555813,0.10832329981632019,0.0,,,,,2.843403674406273,,Ridly Greig,The Makar Of The Devil,Lev,785
Sharangovich,Yegor Sharangovich,CGY,Calgary Flames,C,32.0,15.75,13.125,2.625,0.0,1.0,141.75,-18.375,5.25,36.75,18.375,,,,,yegorsharangovich,,15.75,13.125,-18.375,5.25,2.625,0.0,141.75,36.75,18.375,,,,,,False,False,['C'],2,0.0,0.0,0.29612288696314104,-0.41564535019660437,-0.5917730964433182,-0.8983122309673984,-0.38215137162776636,-0.34202739709864877,0.37940054365469666,-0.36851238156610966,-1.0646585765962946,0.0,,,,,-3.3875569738783025,,,,,786
Khusnutdinov,Marat Khusnutdinov,BOS,Boston Bruins,C,32.0,10.5,18.375,2.625,0.0,1.0,89.25,-7.875,26.25,84.0,42.0,,,,,maratkhusnutdinov,,10.5,18.375,-7.875,26.25,2.625,0.0,89.25,84.0,42.0,,,,,,False,False,['C'],2,0.0,0.0,-0.12712401724957742,-0.12024017891650741,-0.18022674754440796,-0.3415086414480085,-0.38215137162776636,-0.34202739709864877,-0.4523298373815445,-0.1418894226993265,-0.7498423672211395,0.0,,,,,-2.837339981186927,,,,,787
Johnson,Kent Johnson,CBJ,Columbus Blue Jackets,C,34.0,7.411764705882353,19.764705882352942,0.0,0.0,0.0,135.88235294117646,-27.176470588235297,9.882352941176471,0.0,9.882352941176471,,,,,kentjohnson,,7.411764705882353,19.764705882352942,-27.176470588235297,9.882352941176471,0.0,0.0,135.88235294117646,0.0,9.882352941176471,,,,,,False,False,['C'],2,0.0,0.0,-0.3760927844335294,-0.042044692401187585,-0.93674577125564,-0.7754879097498859,-0.6194488057366755,-0.34202739709864877,0.28644244224476373,-0.544774682906941,-1.1778278021886708,0.0,,,,,-4.5280074035264155,,,,,788
Drury,Jack Drury,COL,Colorado Avalanche,C,35.0,12.0,14.4,0.0,0.0,0.0,96.0,24.0,33.6,597.5999999999999,31.200000000000003,,,,,jackdrury,,12.0,14.4,24.0,33.6,0.0,0.0,96.0,597.5999999999999,31.200000000000003,,,,,,False,False,['C'],2,0.0,0.0,-0.0061963303316578565,-0.3439040943142951,1.0691103830415696,-0.146627385116222,-0.6194488057366755,-0.34202739709864877,-0.34539307410545633,2.321466168284373,-0.8937583486497819,0.0,,,,,0.6932211159732052,,,,,789
Dewar,Connor Dewar,PIT,Pittsburgh Penguins,C,35.0,14.4,12.0,0.0,0.0,1.0,127.19999999999999,-14.4,19.2,28.8,165.60000000000002,,,,,connordewar,,14.4,12.0,-14.4,19.2,0.0,0.0,127.19999999999999,28.8,165.60000000000002,,,,,,False,False,['C'],2,0.0,0.0,0.18728796873701345,-0.4789464583280537,-0.43597340721730216,-0.5284355607866609,-0.6194488057366755,-0.34202739709864877,0.14889240948179536,-0.40664259369290173,0.8971960869066564,0.0,,,,,-1.5780977577347775,,,,,790
Killorn,Alex Killorn,ANA,Anaheim Ducks,L,36.0,4.666666666666666,21.0,2.333333333333333,0.0,0.0,140.0,0.0,32.666666666666664,60.666666666666664,74.66666666666666,,,,,alexkillorn,,4.666666666666666,21.0,0.0,32.666666666666664,2.333333333333333,0.0,140.0,60.666666666666664,74.66666666666666,,,,,,False,False,[],2,0.0,0.0,-0.5973983552637091,0.027462406723541066,0.12843301412977468,-0.17137421131708389,-0.40851775319542294,-0.34202739709864877,0.3516761976201553,-0.25380199497921946,-0.3145409419122832,0.0,,,,,-1.5800890352928962,,,,,791
Cowan,Easton Cowan,TOR,Toronto Maple Leafs,R,26.0,12.923076923076923,22.615384615384613,0.0,0.0,0.0,132.46153846153845,0.0,12.923076923076923,3.230769230769231,80.76923076923077,,,,,eastoncowan,,12.923076923076923,22.615384615384613,0.0,12.923076923076923,0.0,0.0,132.46153846153845,3.230769230769231,80.76923076923077,,,,,,False,False,[],3,0.0,0.0,0.06822070777167727,0.11835630557895539,0.12843301412977468,-0.6948647655660829,-0.6194488057366755,-0.34202739709864877,0.23224824547136153,-0.529279095975879,-0.23322089542601315,0.0,,,,,-1.8715826868515304,,,,,792
Beauvillier,Anthony Beauvillier,WSH,Washington Capitals,L,36.0,14.0,11.666666666666668,0.0,0.0,3.0,177.33333333333334,11.666666666666668,23.333333333333336,21.0,126.0,,,,,anthonybeauvillier,,14.0,11.666666666666668,11.666666666666668,23.333333333333336,0.0,0.0,177.33333333333334,21.0,126.0,,,,,,False,False,[],2,0.0,0.0,0.15504058555890154,-0.49770234221885346,0.5857067351285639,-0.4188424733257015,-0.6194488057366755,-0.34202739709864877,0.9431289130237046,-0.44405336785503735,0.3695041550016342,0.0,,,,,-0.26869399752211237,,,,,793
Fehervary,Martin Fehervary,WSH,Washington Capitals,D,36.0,7.0,18.666666666666664,0.0,0.0,0.0,93.33333333333334,28.0,39.666666666666664,0.0,98.0,,,,,martinfehervary,,7.0,18.666666666666664,28.0,39.666666666666664,0.0,0.0,93.33333333333334,0.0,98.0,,,,,,False,False,['D'],2,0.0,0.0,-0.4092886200580564,-0.10382878051205771,1.2258899445268687,0.014226985189379412,-0.6194488057366755,-0.34202739709864877,-0.3876396966342811,-0.544774682906941,-0.003611352405957065,0.0,,,,,-1.1705024056363693,,,,,794
Hryckowian,Justin Hryckowian,DAL,Dallas Stars,C,36.0,11.666666666666668,14.0,2.333333333333333,0.0,1.0,86.33333333333333,-9.333333333333332,35.0,128.33333333333331,130.66666666666666,,,,,justinhryckowian,,11.666666666666668,14.0,-9.333333333333332,35.0,2.333333333333333,0.0,86.33333333333333,128.33333333333331,130.66666666666666,,,,,,False,False,['C'],2,0.0,0.0,-0.03306914964675099,-0.3664111549832549,-0.23738596266925657,-0.10950714581492939,-0.40851775319542294,-0.34202739709864877,-0.4985370807724468,0.07074446463246993,0.43169007290289924,0.0,,,,,-1.4930211066453414,,,,,795
Compher,J.T. Compher,DET,Detroit Red Wings,L,37.0,9.08108108108108,15.891891891891893,0.0,0.0,0.0,95.35135135135135,-18.16216216216216,34.054054054054056,528.972972972973,29.513513513513516,,,,,jtcompher,,9.08108108108108,15.891891891891893,-18.16216216216216,34.054054054054056,0.0,0.0,95.35135135135135,528.972972972973,29.513513513513516,,,,,,False,False,[],3,0.0,0.0,-0.24151507244220405,-0.2599588410084451,-0.5834309407223943,-0.13458838858607303,-0.6194488057366755,-0.34202739709864877,-0.3556692795854407,1.9923135773193883,-0.9162317151191194,0.0,,,,,-1.4605568629796126,,,,,796
Mangiapane,Andrew Mangiapane,EDM,Edmonton Oilers,L,37.0,11.351351351351353,13.621621621621623,0.0,0.0,1.0,84.0,-36.32432432432432,18.16216216216216,4.54054054054054,65.83783783783784,,,,,andrewmangiapane,,11.351351351351353,13.621621621621623,-36.32432432432432,18.16216216216216,0.0,0.0,84.0,4.54054054054054,65.83783783783784,,,,,,False,False,[],2,0.0,0.0,-0.05848938413400134,-0.38770161777821677,-1.2952948955745631,-0.5559532671412871,-0.6194488057366755,-0.34202739709864877,-0.5355028754851686,-0.522997101274097,-0.4321899757795416,0.0,,,,,-4.7496053200022,,,,,797
Laba,Noah Laba,NYR,New York Rangers,C,38.0,11.052631578947368,13.26315789473684,6.63157894736842,0.0,1.0,88.42105263157895,2.2105263157894735,35.368421052631575,362.5263157894737,106.10526315789473,,,,,noahlaba,,11.052631578947368,13.26315789473684,2.2105263157894735,35.368421052631575,6.63157894736842,0.0,88.42105263157895,362.5263157894737,106.10526315789473,,,,,,False,False,['C'],2,0.0,0.0,-0.08257171154297549,-0.4078715298997598,0.21507435074007156,-0.09973866178827352,-0.019960551145747213,-0.34202739709864877,-0.46546242234527463,1.193993282199606,0.10439576815939815,0.0,,,,,0.09583112727839636,,,,,798
Norris,Josh Norris,BUF,Buffalo Sabres,C,9.0,37.33333333333333,56.0,46.66666666666667,0.0,1.0,158.66666666666666,-28.0,0.0,448.0,37.33333333333333,,,,,joshnorris,,37.33333333333333,56.0,-28.0,0.0,46.66666666666667,0.0,158.66666666666666,448.0,37.33333333333333,,,,,,False,False,['C'],2,0.0,0.0,2.0361379376154276,1.9968302152575208,-0.9690239162673191,-1.0375131283472458,3.5991722450883756,-0.34202739709864877,0.6474025553219297,1.603946704867003,-0.8120282851224048,0.0,,,,,6.722896931314638,,Josh Norris,Hagel Cream Cheese & Larks,Ilan Weintraub,799
Berggren,Jonatan Berggren,STL,St. Louis Blues,R,18.0,18.666666666666664,28.0,9.333333333333332,0.0,0.0,121.33333333333333,0.0,28.0,0.0,51.333333333333336,,,,,jonatanberggren,,18.666666666666664,28.0,0.0,28.0,9.333333333333332,0.0,121.33333333333333,0.0,51.333333333333336,,,,,,False,False,[],2,0.0,0.0,0.5312600559702066,0.421335968430337,0.12843301412977468,-0.2951083423213927,0.22427540442833466,-0.34202739709864877,0.05594983991838058,-0.544774682906941,-0.6254705314186091,0.0,,,,,-0.44612667086855806,,,,,800
D'Astous,Charle-Edouard D'Astous,TBL,Tampa Bay Lightning,D,28.0,9.0,24.0,3.0,0.0,2.0,99.0,-12.0,87.00000000000001,0.0,90.0,,,,,charleedouarddastous,,9.0,24.0,-12.0,87.00000000000001,3.0,0.0,99.0,0.0,90.0,,,,,,False,False,['D'],3,0.0,0.0,-0.24805170416749697,0.19626536174073933,-0.3419056703261227,1.2692445996616555,-0.3482517381836365,-0.34202739709864877,-0.2978656237605283,-0.544774682906941,-0.11021578309384028,0.0,,,,,-0.7675826381348196,,,,,801
Snuggerud,Jimmy Snuggerud,STL,St. Louis Blues,R,26.0,16.153846153846153,19.384615384615387,12.923076923076923,0.0,2.0,151.84615384615384,-6.461538461538462,19.384615384615387,6.461538461538462,80.76923076923077,,,,,jimmysnuggerud,,16.153846153846153,19.384615384615387,-6.461538461538462,19.384615384615387,12.923076923076923,0.0,151.84615384615384,6.461538461538462,80.76923076923077,,,,,,False,False,['RW'],2,0.0,0.0,0.3286803411333501,-0.06343149213187325,-0.1248262775003239,-0.5235405841755013,0.5487847160302618,-0.34202739709864877,0.5393486938539737,-0.5137835090448167,-0.23322089542601315,0.0,,,,,-0.3840164043595916,,Jimmy Snuggerud,Filip Use the Forceberg,Philip,802
Yurov,Danila Yurov,MIN,Minnesota Wild,R,30.0,11.2,22.4,2.8,0.0,2.0,98.0,-8.4,16.8,296.8,53.199999999999996,,,,,danilayurov,,11.2,22.4,-8.4,16.8,2.8,0.0,98.0,296.8,53.199999999999996,,,,,,False,False,[],2,0.0,0.0,-0.07069109668788168,0.10623711906490017,-0.2008040649893535,-0.592070256731734,-0.3663315426871724,-0.34202739709864877,-0.3137081072088376,0.878753236493297,-0.6005961642581031,0.0,,,,,-1.501238274103534,,,,,803
Stanley,Logan Stanley,WPG,Winnipeg Jets,D,35.0,14.4,14.4,0.0,0.0,1.0,93.60000000000001,-2.4,165.60000000000002,0.0,148.79999999999998,,,,,loganstanley,,14.4,14.4,-2.4,165.60000000000002,0.0,0.0,93.60000000000001,0.0,148.79999999999998,,,,,,False,False,['D'],1,0.0,0.0,0.18728796873701345,-0.3439040943142951,0.03436527723859521,3.3532808918628008,-0.6194488057366755,-0.34202739709864877,-0.3834150343813986,-0.544774682906941,0.6733267824621011,0.0,,,,,2.014690905862552,,,,,804
Gaudette,Adam Gaudette,SJS,San Jose Sharks,R,31.0,21.677419354838708,10.838709677419354,8.129032258064516,0.0,2.0,119.22580645161291,-21.677419354838708,37.935483870967744,143.61290322580646,81.29032258064517,,,,,adamgaudette,,21.677419354838708,10.838709677419354,-21.677419354838708,37.935483870967744,8.129032258064516,0.0,119.22580645161291,143.61290322580646,81.29032258064517,,,,,,False,False,[],2,0.0,0.0,0.7739822949452424,-0.5442895376895499,-0.7212110610163626,-0.03167438598963828,0.1154077644070431,-0.34202739709864877,0.022561380177857842,0.14402914906091607,-0.2262770584395195,0.0,,,,,-0.8094988516426596,,,,,805
Domi,Max Domi,TOR,Toronto Maple Leafs,C,33.0,7.636363636363637,22.909090909090907,7.636363636363637,0.0,1.0,127.27272727272727,-33.090909090909086,45.81818181818181,249.45454545454547,40.72727272727273,,,,,maxdomi,,7.636363636363637,22.909090909090907,-33.090909090909086,45.81818181818181,7.636363636363637,0.0,127.27272727272727,249.45454545454547,40.72727272727273,,,,,,False,False,['C'],3,0.0,0.0,-0.3579859650019693,0.13488246900721254,-1.1685615399758815,0.17733106696778647,0.07087100258015111,-0.34202739709864877,0.15004459009621793,0.6516724534671868,-0.7668021630123937,0.0,,,,,-1.4505754829703386,,,,,806
Zub,Artem Zub,OTT,Ottawa Senators,D,34.0,7.411764705882353,22.235294117647058,0.0,0.0,0.0,96.35294117647058,14.823529411764707,49.411764705882355,0.0,103.76470588235294,,,,,artemzub,,7.411764705882353,22.235294117647058,14.823529411764707,49.411764705882355,0.0,0.0,96.35294117647058,0.0,103.76470588235294,,,,,,False,False,['D'],2,0.0,0.0,-0.3760927844335294,0.09696950584826972,0.7094396243400009,0.2726129646395539,-0.6194488057366755,-0.34202739709864877,-0.33980160935899434,-0.544774682906941,0.07320654617795878,0.0,,,,,-1.0699166385290058,,,,,807
Edvinsson,Simon Edvinsson,DET,Detroit Red Wings,D,34.0,9.882352941176471,19.764705882352942,0.0,0.0,1.0,106.23529411764706,14.823529411764707,118.58823529411765,0.0,101.29411764705881,,,,,simonedvinsson,,9.882352941176471,19.764705882352942,14.823529411764707,118.58823529411765,0.0,0.0,106.23529411764706,0.0,101.29411764705881,,,,,,False,False,['D'],3,0.0,0.0,-0.17691777068636777,-0.042044692401187585,0.7094396243400009,2.1067894948210735,-0.6194488057366755,-0.34202739709864877,-0.1832405964580547,-0.544774682906941,0.04028458964199469,0.0,,,,,0.9480597635151936,,Simon Edvinsson,KYYYYLE….,jeremy elgressy,808
Manson,Josh Manson,COL,Colorado Avalanche,D,35.0,4.8,24.0,0.0,0.0,1.0,110.4,60.0,103.2,0.0,211.2,,,,,joshmanson,,4.8,24.0,60.0,103.2,0.0,0.0,110.4,0.0,211.2,,,,,,False,False,['D'],2,0.0,0.0,-0.5866492275376717,0.19626536174073933,2.4801264364092614,1.6987787972908988,-0.6194488057366755,-0.34202739709864877,-0.11726131244980152,-0.544774682906941,1.5048413418275903,0.0,,,,,3.669850511538751,,Josh Manson,Slaffing From The Throne,Rob,809
Gourde,Yanni Gourde,TBL,Tampa Bay Lightning,C,35.0,12.0,16.8,0.0,0.0,1.0,129.6,4.8,52.8,379.2,112.8,,,,,yannigourde,,12.0,16.8,4.8,52.8,0.0,0.0,129.6,379.2,112.8,,,,,,False,False,['C'],3,0.0,0.0,-0.0061963303316578565,-0.20886173030053645,0.3165684879121336,0.36245018244436294,-0.6194488057366755,-0.34202739709864877,0.1869143697577379,1.2739644917445758,0.19360684436662684,0.0,,,,,1.1569701127579184,,,,,810
Skjei,Brady Skjei,NSH,Nashville Predators,D,35.0,2.4,26.4,4.8,0.0,0.0,132.0,-21.599999999999998,38.4,0.0,62.400000000000006,,,,,bradyskjei,,2.4,26.4,-21.599999999999998,38.4,4.8,0.0,132.0,0.0,62.400000000000006,,,,,,False,False,['D'],2,0.0,0.0,-0.7801335266063429,0.33130772575449785,-0.7181766178908405,-0.019357993226075825,-0.18553349765181307,-0.34202739709864877,0.22493633003368044,-0.544774682906941,-0.4780010689670373,0.0,,,,,-2.511760728559521,,,,,811
Toews,Devon Toews,COL,Colorado Avalanche,D,35.0,2.4,26.4,0.0,0.0,0.0,144.0,55.2,33.6,0.0,28.8,,,,,devontoews,,2.4,26.4,55.2,33.6,0.0,0.0,144.0,0.0,28.8,,,,,,False,False,['D'],2,0.0,0.0,-0.7801335266063429,0.33130772575449785,2.291990962626903,-0.146627385116222,-0.6194488057366755,-0.34202739709864877,0.4150461314133927,-0.544774682906941,-0.9257396778561469,0.0,,,,,-0.32040665552618375,,Devon Toews,Slaffing From The Throne,Rob,812
Greene,Ryan Greene,CHI,Chicago Blackhawks,C,35.0,9.6,19.2,4.8,0.0,0.0,100.8,4.8,9.6,350.40000000000003,60.0,,,,,ryangreene,,9.6,19.2,4.8,9.6,4.8,0.0,100.8,350.40000000000003,60.0,,,,,,False,False,['C'],3,0.0,0.0,-0.19968062940032916,-0.07381936628677793,0.3165684879121336,-0.7829743445669534,-0.18553349765181307,-0.34202739709864877,-0.2693491535535715,1.1358324025305369,-0.5099823981734023,0.0,,,,,-0.9109658962888256,,,,,813
Spence,Jordan Spence,OTT,Ottawa Senators,D,26.0,3.230769230769231,32.30769230769231,0.0,0.0,0.0,116.3076923076923,38.769230769230774,19.384615384615387,0.0,58.15384615384615,,,,,jordanspence,,3.230769230769231,32.30769230769231,38.769230769230774,19.384615384615387,0.0,0.0,116.3076923076923,0.0,58.15384615384615,,,,,,False,False,['D'],2,0.0,0.0,-0.7131581923133413,0.6637196987114421,1.6479887639103665,-0.5235405841755013,-0.6194488057366755,-0.34202739709864877,-0.023668794847481755,-0.544774682906941,-0.5345834206398369,0.0,,,,,-0.9894934150966178,,,,,814
Gallagher,Brendan Gallagher,MTL,Montréal Canadiens,R,36.0,4.666666666666666,23.333333333333336,7.0,0.0,0.0,128.33333333333331,0.0,32.666666666666664,11.666666666666668,91.0,,,,,brendangallagher,,4.666666666666666,23.333333333333336,0.0,32.666666666666664,7.0,0.0,128.33333333333331,11.666666666666668,91.0,,,,,,False,False,[],2,0.0,0.0,-0.5973983552637091,0.15875359395913985,0.12843301412977468,-0.17137421131708389,0.013344351887082202,-0.34202739709864877,0.16684722405654584,-0.4888183967669945,-0.09689022925785487,0.0,,,,,-1.2291304056717485,,,,,815
Duclair,Anthony Duclair,NYI,New York Islanders,L,36.0,9.333333333333332,18.666666666666664,4.666666666666666,0.0,1.0,105.0,0.0,18.666666666666664,9.333333333333332,7.0,,,,,anthonyduclair,,9.333333333333332,18.666666666666664,0.0,18.666666666666664,4.666666666666666,0.0,105.0,9.333333333333332,7.0,,,,,,False,False,[],3,0.0,0.0,-0.22117888485240383,-0.10382878051205771,0.12843301412977468,-0.5425766043300104,-0.19758670065417042,-0.34202739709864877,-0.20281072307067213,-0.5000096539949839,-1.2162367514806287,0.0,,,,,-3.1978224818638012,,,,,816
Steel,Sam Steel,DAL,Dallas Stars,C,37.0,13.621621621621623,13.621621621621623,6.810810810810811,0.0,4.0,90.81081081081082,-15.891891891891893,40.86486486486487,174.8108108108108,79.45945945945945,,,,,samsteel,,13.621621621621623,13.621621621621623,-15.891891891891893,40.86486486486487,6.810810810810811,0.0,90.81081081081082,174.8108108108108,79.45945945945945,,,,,,False,False,['C'],2,0.0,0.0,0.12453630417420122,-0.38770161777821677,-0.49444794636587325,0.04599655936616162,-0.003758165886532815,-0.34202739709864877,-0.4276027179453317,0.293662209957554,-0.2506743235272,0.0,,,,,-1.4420170951038864,,,,,817
Broberg,Philip Broberg,STL,St. Louis Blues,D,37.0,4.54054054054054,22.702702702702705,0.0,0.0,0.0,111.24324324324324,-4.54054054054054,9.08108108108108,0.0,38.5945945945946,,,,,philipbroberg,,4.54054054054054,22.702702702702705,-4.54054054054054,9.08108108108108,0.0,0.0,111.24324324324324,0.0,38.5945945945946,,,,,,False,False,['D'],2,0.0,0.0,-0.6075664490586091,0.12326948930086995,-0.04953297458326756,-0.7967331977442664,-0.6194488057366755,-0.34202739709864877,-0.10390224532582186,-0.544774682906941,-0.7952212802842249,0.0,,,,,-3.735937543437585,,,,,818
Bourque,Mavrik Bourque,DAL,Dallas Stars,C,37.0,11.351351351351353,15.891891891891893,4.54054054054054,0.0,0.0,138.48648648648648,-11.351351351351353,9.08108108108108,113.51351351351352,40.86486486486487,,,,,mavrikbourque,,11.351351351351353,15.891891891891893,-11.351351351351353,9.08108108108108,4.54054054054054,0.0,138.48648648648648,113.51351351351352,40.86486486486487,,,,,,False,False,['C'],2,0.0,0.0,-0.05848938413400134,-0.2599588410084451,-0.316481957652831,-0.7967331977442664,-0.20898837916991375,-0.34202739709864877,0.32769838483352487,-0.0003351420858403266,-0.7649686715755013,0.0,,,,,-2.4202845856359234,,,,,819
Cole,Ian Cole,UTA,Utah Mammoth,D,38.0,4.421052631578947,22.105263157894736,0.0,0.0,0.0,59.68421052631579,35.368421052631575,44.21052631578947,0.0,95.05263157894737,,,,,iancole,,4.421052631578947,22.105263157894736,35.368421052631575,44.21052631578947,0.0,0.0,59.68421052631579,0.0,95.05263157894737,,,,,,False,False,['D'],1,0.0,0.0,-0.6171993800221988,0.08965296909829829,1.5146943998945248,0.13470495485146966,-0.6194488057366755,-0.34202739709864877,-0.9207253677545856,-0.544774682906941,-0.04288666897517718,0.0,,,,,-1.3480099786499342,,,,,820
Schmidt,Nate Schmidt,UTA,Utah Mammoth,D,38.0,4.421052631578947,22.105263157894736,0.0,0.0,0.0,88.42105263157895,24.315789473684212,17.684210526315788,0.0,88.42105263157895,,,,,nateschmidt,,4.421052631578947,22.105263157894736,24.315789473684212,17.684210526315788,0.0,0.0,88.42105263157895,0.0,88.42105263157895,,,,,,False,False,['D'],1,0.0,0.0,-0.6171993800221988,0.08965296909829829,1.0814877168430406,-0.5686258950677597,-0.6194488057366755,-0.34202739709864877,-0.46546242234527463,-0.544774682906941,-0.13125613125592253,0.0,,,,,-2.1176540284920824,,,,,821
Bowman,Braeden Bowman,VGK,Vegas Golden Knights,R,19.0,22.105263157894736,26.52631578947368,8.842105263157894,0.0,1.0,141.4736842105263,-17.684210526315788,17.684210526315788,13.26315789473684,8.842105263157894,,,,,braedenbowman,,22.105263157894736,26.52631578947368,-17.684210526315788,17.684210526315788,8.842105263157894,0.0,141.4736842105263,13.26315789473684,8.842105263157894,,,,,,False,False,[],2,0.0,0.0,0.8084744025890633,0.3384152185973272,-0.5646976787526004,-0.5686258950677597,0.17986886705122887,-0.34202739709864877,0.375023015333453,-0.4811612207688966,-1.191689678624866,0.0,,,,,-1.446420366741699,,,,,822
Hathaway,Garnet Hathaway,PHI,Philadelphia Flyers,R,33.0,0.0,0.0,0.0,0.0,0.0,38.18181818181818,-20.363636363636363,63.63636363636363,12.727272727272728,297.8181818181818,,,,,garnethathaway,,0.0,0.0,-20.363636363636363,63.63636363636363,0.0,0.0,38.18181818181818,12.727272727272728,297.8181818181818,,,,,,False,False,[],3,0.0,0.0,-0.9736178256750143,-1.1541582783968467,-0.6697174807044755,0.6497704762569658,-0.6194488057366755,-0.34202739709864877,-1.2613766625713427,-0.483731461663363,2.659076586820944,0.0,,,,,-2.1952308487684573,,,,,823
Wedgewood,Scott Wedgewood,COL,,G,22.0,,,,,,,,,,,57.272727272727266,2.1047,0.91956,3.8181818181818183,scottwedgewood,,,,,,,,,,,,57.272727272727266,2.1047,0.91956,3.8181818181818183,False,False,[],2,0.0,0.0,,,,,,,,,,0.0,,,,,0.0,,Scott Wedgewood,Oy Matvey,Henry,824
Bobrovsky,Sergei Bobrovsky,FLA,,G,24.0,,,,,,,,,,,52.5,2.80834,0.88832,10.5,sergeibobrovsky,,,,,,,,,,,,52.5,2.80834,0.88832,10.5,False,False,[],2,0.0,0.0,,,,,,,,,,0.0,,,,,0.0,,Sergei Bobrovsky,Filip Use the Forceberg,Philip,825
Shesterkin,Igor Shesterkin,NYR,,G,29.0,,,,,,,,,,,43.44827586206897,2.53707,0.9083,2.896551724137931,igorshesterkin,,,,,,,,,,,,43.44827586206897,2.53707,0.9083,2.896551724137931,False,False,[],2,0.0,0.0,,,,,,,,,,0.0,,,,,0.0,,Igor Shesterkin,Slaffing From The Throne,Rob,826
Swayman,Jeremy Swayman,BOS,,G,25.0,,,,,,,,,,,47.040000000000006,2.77888,0.90568,0.0,jeremyswayman,,,,,,,,,,,,47.040000000000006,2.77888,0.90568,0.0,False,False,[],2,0.0,0.0,,,,,,,,,,0.0,,,,,0.0,,Jeremy Swayman,Hagel Cream Cheese & Larks,Ilan Weintraub,827
Thompson,Logan Thompson,WSH,,G,25.0,,,,,,,,,,,47.040000000000006,2.0875,0.92365,6.72,loganthompson,,,,,,,,,,,,47.040000000000006,2.0875,0.92365,6.72,False,False,[],2,0.0,0.0,,,,,,,,,,0.0,,,,,0.0,,Logan Thompson,Oy Matvey,Henry,828
Ullmark,Linus Ullmark,OTT,,G,26.0,,,,,,,,,,,45.230769230769226,2.85195,0.88425,3.230769230769231,linusullmark,,,,,,,,,,,,45.230769230769226,2.85195,0.88425,3.230769230769231,False,False,[],2,0.0,0.0,,,,,,,,,,0.0,,,,,0.0,,Linus Ullmark,The Makar Of The Devil,Lev,829
Dostal,Lukas Dostal,ANA,,G,21.0,,,,,,,,,,,52.0,2.91226,0.89879,0.0,lukasdostal,,,,,,,,,,,,52.0,2.91226,0.89879,0.0,False,False,[],2,0.0,0.0,,,,,,,,,,0.0,,,,,0.0,,Lukas Dostal,Better Safe Than Sorokin,Harley Pesner,830
Vladar,Dan Vladar,PHI,,G,20.0,,,,,,,,,,,50.4,2.4093,0.9096,0.0,danvladar,,,,,,,,,,,,50.4,2.4093,0.9096,0.0,False,False,[],3,0.0,0.0,,,,,,,,,,0.0,,,,,0.0,,Dan Vladar,Hintz 57,Ryan,831
Vasilevskiy,Andrei Vasilevskiy,TBL,,G,21.0,,,,,,,,,,,48.0,2.38149,0.91288,4.0,andreivasilevskiy,,,,,,,,,,,,48.0,2.38149,0.91288,4.0,False,False,[],3,0.0,0.0,,,,,,,,,,0.0,,,,,0.0,,Andrei Vasilevskiy,KYYYYLE….,jeremy elgressy,832
Gustavsson,Filip Gustavsson,MIN,,G,23.0,,,,,,,,,,,43.826086956521735,2.46723,0.9131,10.956521739130434,filipgustavsson,,,,,,,,,,,,43.826086956521735,2.46723,0.9131,10.956521739130434,False,False,[],2,0.0,0.0,,,,,,,,,,0.0,,,,,0.0,,Filip Gustavsson,Better Safe Than Sorokin,Harley Pesner,833
Bussi,Brandon Bussi,CAR,,G,13.0,,,,,,,,,,,71.07692307692308,2.10627,0.91304,6.461538461538462,brandonbussi,,,,,,,,,,,,71.07692307692308,2.10627,0.91304,6.461538461538462,False,False,[],2,0.0,0.0,,,,,,,,,,0.0,,,,,0.0,,Brandon Bussi,Better Safe Than Sorokin,Harley Pesner,834
Blackwood,Mackenzie Blackwood,COL,,G,14.0,,,,,,,,,,,66.0,2.1576,0.92415,12.0,mackenzieblackwood,,,,,,,,,,,,66.0,2.1576,0.92415,12.0,False,False,[],2,0.0,0.0,,,,,,,,,,0.0,,,,,0.0,,Mackenzie Blackwood,The Makar Of The Devil,Lev,835
Schmid,Akira Schmid,VGK,,G,18.0,,,,,,,,,,,51.333333333333336,2.47902,0.89647,9.333333333333332,akiraschmid,,,,,,,,,,,,51.333333333333336,2.47902,0.89647,9.333333333333332,False,False,[],2,0.0,0.0,,,,,,,,,,0.0,,,,,0.0,,Akira Schmid,The Makar Of The Devil,Lev,836
Skinner,Stuart Skinner,PIT,,G,25.0,,,,,,,,,,,36.96,2.93764,0.88562,6.72,stuartskinner,,,,,,,,,,,,36.96,2.93764,0.88562,6.72,False,False,[],2,0.0,0.0,,,,,,,,,,0.0,,,,,0.0,,Stuart Skinner,KYYYYLE….,jeremy elgressy,837
Wolf,Dustin Wolf,CGY,,G,27.0,,,,,,,,,,,34.22222222222222,2.91927,0.89619,6.222222222222221,dustinwolf,,,,,,,,,,,,34.22222222222222,2.91927,0.89619,6.222222222222221,False,False,[],2,0.0,0.0,,,,,,,,,,0.0,,,,,0.0,,Dustin Wolf,Filip Use the Forceberg,Philip,838
Wallstedt,Jesper Wallstedt,MIN,,G,14.0,,,,,,,,,,,60.0,2.10239,0.93318,24.0,jesperwallstedt,,,,,,,,,,,,60.0,2.10239,0.93318,24.0,False,False,[],2,0.0,0.0,,,,,,,,,,0.0,,,,,0.0,,Jesper Wallstedt,The Makar Of The Devil,Lev,839
Allen,Jake Allen,NJD,,G,19.0,,,,,,,,,,,44.21052631578947,2.47485,0.91221,4.421052631578947,jakeallen,,,,,,,,,,,,44.21052631578947,2.47485,0.91221,4.421052631578947,False,False,[],2,0.0,0.0,,,,,,,,,,0.0,,,,,0.0,,Jake Allen,Hagel Cream Cheese & Larks,Ilan Weintraub,840
Knight,Spencer Knight,CHI,,G,24.0,,,,,,,,,,,35.0,2.56531,0.914,7.0,spencerknight,,,,,,,,,,,,35.0,2.56531,0.914,7.0,False,False,[],3,0.0,0.0,,,,,,,,,,0.0,,,,,0.0,,Spencer Knight,Hintz 57,Ryan,841
DeSmith,Casey DeSmith,DAL,,G,13.0,,,,,,,,,,,58.15384615384615,2.19849,0.92032,6.461538461538462,caseydesmith,,,,,,,,,,,,58.15384615384615,2.19849,0.92032,6.461538461538462,False,False,[],2,0.0,0.0,,,,,,,,,,0.0,,,,,0.0,,Casey DeSmith,Oy Matvey,Henry,842
Markstrom,Jacob Markstrom,NJD,,G,18.0,,,,,,,,,,,42.0,3.40333,0.8811,0.0,jacobmarkstrom,,,,,,,,,,,,42.0,3.40333,0.8811,0.0,False,False,[],2,0.0,0.0,,,,,,,,,,0.0,,,,,0.0,,Jacob Markstrom,Hintz 57,Ryan,843
Hellebuyck,Connor Hellebuyck,WPG,,G,19.0,,,,,,,,,,,39.78947368421053,2.47893,0.91198,0.0,connorhellebuyck,,,,,,,,,,,,39.78947368421053,2.47893,0.91198,0.0,False,False,[],1,0.0,0.0,,,,,,,,,,0.0,,,,,0.0,,Connor Hellebuyck,KYYYYLE….,jeremy elgressy,844
Demko,Thatcher Demko,VAN,,G,14.0,,,,,,,,,,,48.0,2.34084,0.91292,6.0,thatcherdemko,,,,,,,,,,,,48.0,2.34084,0.91292,6.0,False,False,[],2,0.0,0.0,,,,,,,,,,0.0,,,,,0.0,,Thatcher Demko,Hintz 57,Ryan,845
Greaves,Jet Greaves,CBJ,,G,22.0,,,,,,,,,,,30.545454545454547,2.76954,0.90408,0.0,jetgreaves,,,,,,,,,,,,30.545454545454547,2.76954,0.90408,0.0,False,False,[],2,0.0,0.0,,,,,,,,,,0.0,,,,,0.0,,Jet Greaves,Filip Use the Forceberg,Philip,846
Binnington,Jordan Binnington,STL,,G,22.0,,,,,,,,,,,26.727272727272727,3.40933,0.8731,0.0,jordanbinnington,,,,,,,,,,,,26.727272727272727,3.40933,0.8731,0.0,False,False,[],2,0.0,0.0,,,,,,,,,,0.0,,,,,0.0,,Jordan Binnington,Hagel Cream Cheese & Larks,Ilan Weintraub,847
Kochetkov,Pyotr Kochetkov,CAR,,G,9.0,,,,,,,,,,,56.0,2.32581,0.89947,9.333333333333332,pyotrkochetkov,,,,,,,,,,,,56.0,2.32581,0.89947,9.333333333333332,False,False,[],2,0.0,0.0,,,,,,,,,,0.0,,,,,0.0,,Pyotr Kochetkov,Filip Use the Forceberg,Philip,848
Woll,Joseph Woll,TOR,,G,10.0,,,,,,,,,,,42.0,2.45784,0.92465,0.0,josephwoll,,,,,,,,,,,,42.0,2.45784,0.92465,0.0,False,False,[],3,0.0,0.0,,,,,,,,,,0.0,,,,,0.0,,Joseph Woll,Better Safe Than Sorokin,Harley Pesner,849
Lankinen,Kevin Lankinen,VAN,,G,18.0,,,,,,,,,,,23.333333333333336,3.50602,0.88039,0.0,kevinlankinen,,,,,,,,,,,,23.333333333333336,3.50602,0.88039,0.0,False,False,[],2,0.0,0.0,,,,,,,,,,0.0,,,,,0.0,,Kevin Lankinen,KYYYYLE….,jeremy elgressy,850
Hart,Carter Hart,VGK,,G,6.0,,,,,,,,,,,42.0,2.55545,0.90303,0.0,carterhart,,,,,,,,,,,,42.0,2.55545,0.90303,0.0,False,False,[],2,0.0,0.0,,,,,,,,,,0.0,,,,,0.0,,Carter Hart,Slaffing From The Throne,Rob,851
Fowler,Jacob Fowler,MTL,,G,4.0,,,,,,,,,,,42.0,2.49031,0.91525,21.0,jacobfowler,,,,,,,,,,,,42.0,2.49031,0.91525,21.0,False,False,[],2,0.0,0.0,,,,,,,,,,0.0,,,,,0.0,,Jacob Fowler,Slaffing From The Throne,Rob,852
Hildeby,Dennis Hildeby,TOR,,G,13.0,,,,,,,,,,,12.923076923076923,2.95832,0.91117,6.461538461538462,dennishildeby,,,,,,,,,,,,12.923076923076923,2.95832,0.91117,6.461538461538462,False,False,[],3,0.0,0.0,,,,,,,,,,0.0,,,,,0.0,,Dennis Hildeby,Better Safe Than Sorokin,Harley Pesner,853
