LastName,FullName_x,team,FullTeam,position,GP,G,A,PPP,SHP,GWG,SOG,+/-,PIM,FOW,HIT,W,GAA,SV%,SO,name_key,BLK,historical_G,historical_A,historical_+/-,historical_PIM,historical_PPP,historical_SHP,historical_SOG,historical_FOW,historical_HIT,historical_BLK,historical_W,historical_GAA,historical_SV%,historical_SO,low_sample,projection_available,eligible_positions,scheduled_games,playoff_games,rival_week_games,z_G,z_A,z_+/-,z_PIM,z_PPP,z_SHP,z_SOG,z_FOW,z_HIT,z_BLK,z_W,z_GAA,z_SV%,z_SO,skater_value,goalie_value,FullName_y,fantasy_team,manager,overall_value,schedule_bonus,rank,draftable_cutoff,is_draftable
MacKinnon,Nathan MacKinnon,COL,Colorado Avalanche,C,35.0,72.0,74.39999999999999,36.0,0.0,4.0,386.4,108.00000000000001,28.8,811.1999999999999,67.2,,,,,nathanmackinnon,,72.0,74.39999999999999,108.00000000000001,28.8,36.0,0.0,386.4,811.1999999999999,67.2,,,,,,False,False,['C'],2,0.0,0.0,4.830911146385125,3.0321550060296696,4.361481174232852,-0.2738967770063683,2.6349160048997926,-0.34202739709864877,4.25526411928358,3.3459458299551645,-0.4140384105543074,0.0,,,,,21.430710696126855,,Nathan MacKinnon,Filip Use the Forceberg,Philip,21.413634791637673,-0.017075904489183648,1,32,True
Draisaitl,Leon Draisaitl,EDM,Edmonton Oilers,C,37.0,38.5945945945946,79.45945945945945,54.48648648648649,2.27027027027027,1.0,229.2972972972973,20.432432432432435,36.32432432432432,737.8378378378379,40.86486486486487,,,,,leondraisaitl,,38.5945945945946,79.45945945945945,20.432432432432435,36.32432432432432,54.48648648648649,2.27027027027027,229.2972972972973,737.8378378378379,40.86486486486487,,,,,,False,False,"['C', 'LW']",2,0.0,0.0,2.1378188755644296,3.316838908545161,0.929279963338465,-0.07439340593532827,4.306076313064465,0.9360049468878533,1.7663671520313473,2.9940823324302137,-0.7649686715755013,0.0,,,,,15.547106414351104,,Leon Draisaitl,KYYYYLE….,jeremy elgressy,15.53003050986192,-0.017075904489183648,2,32,True
Celebrini,Macklin Celebrini,SJS,San Jose Sharks,C,36.0,42.0,84.0,37.33333333333333,0.0,4.0,259.0,28.0,65.33333333333333,613.6666666666666,51.333333333333336,,,,,macklincelebrini,,42.0,84.0,28.0,65.33333333333333,37.33333333333333,0.0,259.0,613.6666666666666,51.333333333333336,,,,,,False,False,['C'],2,0.0,0.0,2.4123574080267334,3.5723244620847048,1.2258899445268687,0.6947647057130781,2.755448034923365,-0.34202739709864877,2.236931727968968,2.3985259680542423,-0.6254705314186091,0.0,,,,,14.328744322780702,,Macklin Celebrini,The Makar Of The Devil,Lev,14.311668418291518,-0.017075904489183648,3,32,True
Horvat,Bo Horvat,NYI,New York Islanders,C,32.0,49.875,31.5,28.875,2.625,3.0,291.375,13.125,68.25,879.375,49.875,,,,,bohorvat,,49.875,31.5,13.125,68.25,28.875,2.625,291.375,879.375,49.875,,,,,,False,False,['C'],3,0.0,0.0,3.047227764345811,0.618272749283735,0.6428659502534125,0.7720985375907713,1.9908229694613249,1.1356975006357444,2.7498321296079835,3.672930384891523,-0.6449036307627545,0.0,,,,,13.984844355307551,,Bo Horvat,Hagel Cream Cheese & Larks,Ilan Weintraub,14.063464665559835,0.07862031025228297,4,32,True
Carlsson,Leo Carlsson,ANA,Anaheim Ducks,C,36.0,39.666666666666664,56.0,25.666666666666668,7.0,3.0,207.66666666666669,23.333333333333336,58.33333333333333,646.3333333333334,11.666666666666668,,,,,leocarlsson,,39.666666666666664,56.0,23.333333333333336,58.33333333333333,25.666666666666668,7.0,207.66666666666669,646.3333333333334,11.666666666666668,,,,,,False,False,['C'],2,0.0,0.0,2.2242476728210807,1.9968302152575208,1.042980456127353,0.5091635092066148,1.7007927722171028,3.5985723301930665,1.4236842442890885,2.555203569246093,-1.1540508335793633,0.0,,,,,13.897423935778559,,Leo Carlsson,Better Safe Than Sorokin,Harley Pesner,13.880348031289374,-0.017075904489183648,5,32,True
Barkey,Denver Barkey,PHI,Philadelphia Flyers,C,1.0,0.0,168.0,84.0,0.0,0.0,168.0,0.0,0.0,0.0,84.0,,,,,denverbarkey,,0.0,168.0,0.0,0.0,84.0,0.0,168.0,0.0,84.0,,,,,,False,False,['C'],3,0.0,0.0,-0.9736178256750143,8.298807202566257,0.12843301412977468,-1.0375131283472458,6.974069085748416,-0.34202739709864877,0.7952657341728172,-0.544774682906941,-0.19016910610975268,0.0,,,,,13.108472896479661,,,,,13.187093206731944,0.07862031025228297,6,32,True
Bedard,Connor Bedard,CHI,Chicago Blackhawks,C,31.0,51.483870967741936,67.74193548387096,35.225806451612904,0.0,3.0,279.0967741935484,21.677419354838708,81.29032258064517,401.03225806451616,24.38709677419355,,,,,connorbedard,,51.483870967741936,67.74193548387096,21.677419354838708,81.29032258064517,35.225806451612904,0.0,279.0967741935484,401.03225806451616,24.38709677419355,,,,,,False,False,"['C', 'RW']",3,0.0,0.0,3.1769324607980955,2.657521351023759,0.9780770892759117,1.117855605276199,2.564929664886105,-0.34202739709864877,2.5553145404946696,1.378677527116509,-0.9845440573646244,0.0,,,,,13.102736784407975,,Connor Bedard,Oy Matvey,Henry,13.181357094660259,0.07862031025228297,7,32,True
Tkachuk,Brady Tkachuk,OTT,Ottawa Senators,L,15.0,33.6,56.0,33.6,0.0,2.0,375.2,0.0,44.8,212.79999999999998,252.0,,,,,bradytkachuk,,33.6,56.0,0.0,44.8,33.6,0.0,375.2,212.79999999999998,252.0,,,,,,False,False,"['C', 'LW']",2,0.0,0.0,1.735162361286384,1.9968302152575208,0.12843301412977468,0.15033452929411914,2.4179583508573614,-0.34202739709864877,4.077828304662515,0.4758679762856823,2.0485239383357947,0.0,,,,,12.688911293010502,,Brady Tkachuk,Hagel Cream Cheese & Larks,Ilan Weintraub,12.671835388521318,-0.017075904489183648,8,32,True
Eichel,Jack Eichel,VGK,Vegas Golden Knights,C,31.0,32.516129032258064,78.58064516129032,43.354838709677416,0.0,3.0,317.03225806451616,16.258064516129032,5.419354838709677,628.6451612903226,43.354838709677416,,,,,jackeichel,,32.516129032258064,78.58064516129032,16.258064516129032,5.419354838709677,43.354838709677416,0.0,317.03225806451616,628.6451612903226,43.354838709677416,,,,,,False,False,['C'],2,0.0,0.0,1.647782355255371,3.267390091731056,0.7656660704893776,-0.8938218794390161,3.2997862350298233,-0.34202739709864877,3.1563068158240823,2.47036661929198,-0.7317883910562561,0.0,,,,,12.639660520027771,,Jack Eichel,Oy Matvey,Henry,12.622584615538587,-0.017075904489183648,9,32,True
Stützle,Tim Stutzle,OTT,Ottawa Senators,C,35.0,40.8,50.4,31.200000000000003,2.4,3.0,216.00000000000003,14.4,52.8,422.4,141.6,,,,,timstutzle,,40.8,50.4,14.4,52.8,31.200000000000003,2.4,216.00000000000003,422.4,141.6,,,,,,False,False,"['C', 'LW']",2,0.0,0.0,2.3156152584923975,1.681731365892084,0.6928394354768516,0.36245018244436294,2.2010006968149303,1.0090353665442249,1.5557049396916667,1.4811626255656347,0.5773827948430064,0.0,,,,,11.876922665765159,,Tim Stutzle,Oy Matvey,Henry,11.859846761275975,-0.017075904489183648,10,32,True
Lundell,Anton Lundell,FLA,Florida Panthers,C,35.0,26.4,38.4,19.2,7.2,2.0,184.8,-12.0,43.199999999999996,799.2,98.4,,,,,antonlundell,,26.4,38.4,-12.0,43.199999999999996,19.2,7.2,184.8,799.2,98.4,,,,,,False,False,['C'],2,0.0,0.0,1.1547094640803697,1.006519545823291,-0.3419056703261227,0.10791139866407036,1.1162124266027742,3.7111608938299727,1.0614194561044146,3.2883907927826486,0.0017188691284371715,0.0,,,,,11.106137176689856,,Anton Lundell,The Makar Of The Devil,Lev,11.089061272200672,-0.017075904489183648,11,32,True
Scheifele,Mark Scheifele,WPG,Winnipeg Jets,C,35.0,40.8,62.400000000000006,19.2,2.4,2.0,172.79999999999998,21.599999999999998,52.8,657.6,26.4,,,,,markscheifele,,40.8,62.400000000000006,21.599999999999998,52.8,19.2,2.4,172.79999999999998,657.6,26.4,,,,,,False,False,['C'],1,0.0,0.0,2.3156152584923975,2.3569431859608776,0.9750426461503898,0.36245018244436294,1.1162124266027742,1.0090353665442249,0.8713096547247018,2.6092413541469552,-0.9577210070625117,0.0,,,,,10.658129068004172,,Mark Scheifele,Hagel Cream Cheese & Larks,Ilan Weintraub,10.545356948773522,-0.11277211923065028,12,32,True
Suzuki,Nick Suzuki,MTL,Montréal Canadiens,C,36.0,23.333333333333336,70.0,44.333333333333336,0.0,0.0,172.66666666666666,23.333333333333336,14.0,716.3333333333334,58.33333333333333,,,,,nicksuzuki,,23.333333333333336,70.0,23.333333333333336,14.0,44.333333333333336,0.0,172.66666666666666,716.3333333333334,58.33333333333333,,,,,,False,False,['C'],2,0.0,0.0,0.9074795263815123,2.7845773386711126,1.042980456127353,-0.6663107353343193,3.388241192547123,-0.34202739709864877,0.8691973235982607,2.8909412860857717,-0.5321916545667114,0.0,,,,,10.342887336411454,,Nick Suzuki,Filip Use the Forceberg,Philip,10.32581143192227,-0.017075904489183648,13,32,True
Larkin,Dylan Larkin,DET,Detroit Red Wings,C,37.0,40.86486486486487,36.32432432432432,15.891891891891893,0.0,4.0,256.5405405405405,13.621621621621623,59.02702702702703,919.4594594594595,38.5945945945946,,,,,dylanlarkin,,40.86486486486487,36.32432432432432,13.621621621621623,59.02702702702703,15.891891891891893,0.0,256.5405405405405,919.4594594594595,38.5945945945946,,,,,,False,False,['C'],3,0.0,0.0,2.3208445638726327,0.8897261499194997,0.6623309802689015,0.5275564205721204,0.8171626872469906,-0.34202739709864877,2.1979677821906933,3.8651855977439746,-0.7952212802842249,0.0,,,,,10.143525504431942,,Dylan Larkin,Hagel Cream Cheese & Larks,Ilan Weintraub,10.222145814684225,0.07862031025228297,14,32,True
Hintz,Roope Hintz,DAL,Dallas Stars,C,32.0,28.875,49.875,36.75,0.0,1.0,191.625,36.75,26.25,666.75,76.125,,,,,roopehintz,,28.875,49.875,36.75,26.25,36.75,0.0,191.625,666.75,76.125,,,,,,False,False,['C'],2,0.0,0.0,1.3542401474949373,1.6521908487640744,1.5688452352759605,-0.3415086414480085,2.7027152717880525,-0.34202739709864877,1.1695444056391258,2.6531270699909992,-0.2951078425681377,0.0,,,,,10.122019097838356,,Roope Hintz,Hintz 57,Ryan,10.104943193349172,-0.017075904489183648,15,32,True
Cozens,Dylan Cozens,OTT,Ottawa Senators,C,35.0,26.4,38.4,36.0,0.0,0.0,194.4,-21.599999999999998,81.6,496.8,244.79999999999998,,,,,dylancozens,,26.4,38.4,-21.599999999999998,81.6,36.0,0.0,194.4,496.8,244.79999999999998,,,,,,False,False,['C'],2,0.0,0.0,1.1547094640803697,1.006519545823291,-0.7181766178908405,1.1260665337852405,2.6349160048997926,-0.34202739709864877,1.2135072972081842,1.8380038560352363,1.9525799507166997,0.0,,,,,9.866098637559324,,Dylan Cozens,Slaffing From The Throne,Rob,9.84902273307014,-0.017075904489183648,16,32,True
Malkin,Evgeni Malkin,PIT,Pittsburgh Penguins,C,26.0,25.846153846153847,67.84615384615385,42.0,0.0,1.0,213.23076923076923,16.153846153846153,64.61538461538461,303.6923076923077,32.30769230769231,,,,,evgenimalkin,,25.846153846153847,67.84615384615385,16.153846153846153,64.61538461538461,42.0,0.0,213.23076923076923,303.6923076923077,32.30769230769231,,,,,,False,False,"['C', 'LW']",2,0.0,0.0,1.1100592412183687,2.6633854735305604,0.7615812432050212,0.6757286855585691,3.1773101400058703,-0.34202739709864877,1.5118334470655788,0.911810488612896,-0.8789977351699212,0.0,,,,,9.590683586928295,,Evgeni Malkin,Hintz 57,Ryan,9.57360768243911,-0.017075904489183648,17,32,True
Eriksson Ek,Joel Eriksson Ek,MIN,Minnesota Wild,C,37.0,18.16216216216216,40.86486486486487,18.16216216216216,0.0,2.0,242.91891891891893,18.16216216216216,36.32432432432432,903.5675675675675,138.48648648648648,,,,,joelerikssonek,,18.16216216216216,40.86486486486487,18.16216216216216,36.32432432432432,18.16216216216216,0.0,242.91891891891893,903.5675675675675,138.48648648648648,,,,,,False,False,['C'],2,0.0,0.0,0.4905876807906062,1.1452117034590434,0.8402969689819437,-0.07439340593532827,1.0223929005303714,-0.34202739709864877,1.982167467111021,3.78896406202902,0.535893502899614,0.0,,,,,9.389093482767642,,Joel Eriksson Ek,The Makar Of The Devil,Lev,9.372017578278458,-0.017075904489183648,18,32,True
Johnston,Wyatt Johnston,DAL,Dallas Stars,C,37.0,43.13513513513513,49.94594594594595,49.94594594594595,0.0,3.0,211.13513513513513,-2.27027027027027,22.702702702702705,420.0,24.972972972972975,,,,,wyattjohnston,,43.13513513513513,49.94594594594595,-2.27027027027027,22.702702702702705,49.94594594594595,0.0,211.13513513513513,420.0,24.972972972972975,,,,,,False,False,"['C', 'RW']",2,0.0,0.0,2.503870252180834,1.65618281053813,0.03945001977325356,-0.4355633018397973,3.8956158864977035,-0.34202739709864877,1.4786333985917828,1.4696516181311314,-0.9767369325365667,0.0,,,,,9.289076354237823,,Wyatt Johnston,Slaffing From The Throne,Rob,9.272000449748639,-0.017075904489183648,19,32,True
Reinhart,Sam Reinhart,FLA,Florida Panthers,C,35.0,45.599999999999994,38.4,28.8,7.2,5.0,220.8,-19.2,9.6,74.39999999999999,74.39999999999999,,,,,samreinhart,,45.599999999999994,38.4,-19.2,9.6,28.8,7.2,220.8,74.39999999999999,74.39999999999999,,,,,,False,False,"['C', 'RW']",2,0.0,0.0,2.7025838566297398,1.006519545823291,-0.6241088809996611,-0.7829743445669534,1.984043042772499,3.7111608938299727,1.6317488602435513,-0.18793345243733964,-0.3180944229352127,0.0,,,,,9.122945098359887,,Sam Reinhart,The Makar Of The Devil,Lev,9.105869193870703,-0.017075904489183648,20,32,True
Matthews,Auston Matthews,TOR,Toronto Maple Leafs,C,30.0,39.2,25.2,11.2,0.0,2.0,310.8,11.2,33.6,842.8,53.199999999999996,,,,,austonmatthews,,39.2,25.2,11.2,33.6,11.2,0.0,310.8,842.8,53.199999999999996,,,,,,False,False,['C'],3,0.0,0.0,2.1866257257799506,0.2637865437476186,0.5674157862886122,-0.146627385116222,0.3930202464613367,-0.34202739709864877,3.057572370591393,3.4975074278427907,-0.6005961642581031,0.0,,,,,8.876677154238727,,Auston Matthews,Slaffing From The Throne,Rob,8.95529746449101,0.07862031025228297,21,32,True
Pageau,Jean-Gabriel Pageau,NYI,New York Islanders,C,28.0,18.0,24.0,0.0,12.0,2.0,90.0,-3.0,6.0,771.0,120.0,,,,,jeangabrielpageau,,18.0,24.0,-3.0,6.0,0.0,12.0,90.0,771.0,120.0,,,,,,False,False,"['C', 'RW']",3,0.0,0.0,0.47751441734002037,0.19626536174073933,0.010848343015800342,-0.878426388484563,-0.6194488057366755,6.41328642111572,-0.44044797479531245,3.153136455427235,0.2895508319857218,0.0,,,,,8.602278661608686,,Jean-Gabriel Pageau,KYYYYLE….,jeremy elgressy,8.68089897186097,0.07862031025228297,22,32,True
Lindholm,Elias Lindholm,BOS,Boston Bruins,C,27.0,15.555555555555555,56.0,37.33333333333333,0.0,1.0,121.33333333333333,-3.1111111111111107,87.1111111111111,728.0,74.66666666666666,,,,,eliaslindholm,,15.555555555555555,56.0,-3.1111111111111107,87.1111111111111,37.33333333333333,0.0,121.33333333333333,728.0,74.66666666666666,,,,,,False,False,['C'],2,0.0,0.0,0.2804470756960033,1.9968302152575208,0.006493355196764271,1.2721906503998526,2.755448034923365,-0.34202739709864877,0.05594983991838058,2.946897572225718,-0.3145409419122832,0.0,,,,,8.657688404606672,,Elias Lindholm,Slaffing From The Throne,Rob,8.640612500117488,-0.017075904489183648,23,32,True
Aho,Sebastian Aho,CAR,Carolina Hurricanes,C,35.0,31.200000000000003,43.199999999999996,19.2,2.4,2.0,201.6,4.8,33.6,648.0,72.0,,,,,sebastianaho,,31.200000000000003,43.199999999999996,4.8,33.6,19.2,2.4,201.6,648.0,72.0,,,,,,False,False,['C'],2,0.0,0.0,1.5416780622177129,1.2766042738508079,0.3165684879121336,-0.146627385116222,1.1162124266027742,1.0090353665442249,1.3275731780360114,2.563197324408942,-0.3500757521415775,0.0,,,,,8.654165982314806,,Sebastian Aho,Slaffing From The Throne,Rob,8.637090077825622,-0.017075904489183648,24,32,True
Hertl,Tomas Hertl,VGK,Vegas Golden Knights,C,34.0,34.588235294117645,32.11764705882353,29.647058823529413,0.0,2.0,239.64705882352942,-14.823529411764707,19.764705882352942,788.1176470588235,108.70588235294119,,,,,tomashertl,,34.588235294117645,32.11764705882353,-14.823529411764707,19.764705882352942,29.647058823529413,0.0,239.64705882352942,788.1176470588235,108.70588235294119,,,,,,False,False,"['C', 'LW']",2,0.0,0.0,1.8148323667852484,0.6530262988460993,-0.4525735960804515,-0.513462691152526,2.0606163324345337,-0.34202739709864877,1.9303330777046286,3.2352370231586187,0.1390504592498868,0.0,,,,,8.52503187384739,,Tomas Hertl,Filip Use the Forceberg,Philip,8.507955969358205,-0.017075904489183648,25,32,True
Pettersson,Elias Pettersson,VAN,Vancouver Canucks,C,28.0,24.0,42.0,24.0,3.0,0.0,162.0,-24.0,30.0,894.0,84.0,,,,,eliaspettersson,,24.0,42.0,-24.0,30.0,24.0,3.0,162.0,894.0,84.0,,,,,,False,False,"['C', 'LW']",2,0.0,0.0,0.9612251650116985,1.2090830918439288,-0.81224435478202,-0.24207942903383176,1.5501277346876365,1.3468010574549434,0.7002108334829611,3.7430755864455274,-0.19016910610975268,0.0,,,,,8.266030579001091,,Elias Pettersson,The Makar Of The Devil,Lev,8.248954674511907,-0.017075904489183648,26,32,True
Hughes,Jack Hughes,NJD,New Jersey Devils,C,18.0,51.333333333333336,46.66666666666667,23.333333333333336,0.0,2.0,331.33333333333337,14.0,0.0,242.66666666666666,9.333333333333332,,,,,jackhughes,,51.333333333333336,46.66666666666667,14.0,0.0,23.333333333333336,0.0,331.33333333333337,242.66666666666666,9.333333333333332,,,,,,False,False,"['C', 'LW']",2,0.0,0.0,3.164796348849344,1.4716654663151265,0.6771614793283217,-1.0375131283472458,1.4898617196758503,-0.34202739709864877,3.3828713640633454,0.6191160688039452,-1.1851437925299961,0.0,,,,,8.240788129060043,,Jack Hughes,Oy Matvey,Henry,8.223712224570859,-0.017075904489183648,27,32,True
Bennett,Sam Bennett,FLA,Florida Panthers,C,35.0,28.8,31.200000000000003,12.0,0.0,4.0,216.00000000000003,7.2,67.2,576.0,170.39999999999998,,,,,sambennett,,28.8,31.200000000000003,7.2,67.2,12.0,0.0,216.00000000000003,576.0,170.39999999999998,,,,,,False,False,['C'],2,0.0,0.0,1.348193763149041,0.6013924537820153,0.41063622480331313,0.7442583581148019,0.4653394644754805,-0.34202739709864877,1.5557049396916667,2.217867101373844,0.9611587453193857,0.0,,,,,7.9625236536109,,Sam Bennett,Oy Matvey,Henry,7.945447749121716,-0.017075904489183648,28,32,True
Cooley,Logan Cooley,UTA,Utah Mammoth,C,29.0,40.55172413793104,26.06896551724138,11.586206896551724,2.896551724137931,1.0,170.8965517241379,17.379310344827587,63.72413793103448,385.2413793103448,98.48275862068965,,,,,logancooley,,40.55172413793104,26.06896551724138,17.379310344827587,63.72413793103448,11.586206896551724,2.896551724137931,170.8965517241379,385.2413793103448,98.48275862068965,,,,,,False,False,['C'],1,0.0,0.0,2.295599641347363,0.31268119278708306,0.8096131778245227,0.6520977639874543,0.4279329723991993,1.2885655935048195,0.8411543069196439,1.3029404759762566,0.002821673583828939,0.0,,,,,7.9334067983301715,,Logan Cooley,The Makar Of The Devil,Lev,7.820634679099522,-0.11277211923065028,29,32,True
Zibanejad,Mika Zibanejad,NYR,New York Rangers,C,37.0,27.243243243243246,34.054054054054056,24.972972972972975,2.27027027027027,2.0,242.91891891891893,-20.432432432432435,13.621621621621623,578.918918918919,124.86486486486486,,,,,mikazibanejad,,27.243243243243246,34.054054054054056,-20.432432432432435,13.621621621621623,24.972972972972975,2.27027027027027,242.91891891891893,578.918918918919,124.86486486486486,,,,,,False,False,"['C', 'RW']",2,0.0,0.0,1.2226904340234168,0.7619833731497282,-0.6724139350789154,-0.6763432324427767,1.6380835403805143,0.9360049468878533,1.982167467111021,2.231866975280673,0.35437785064727223,0.0,,,,,7.778417419958786,,Mika Zibanejad,Filip Use the Forceberg,Philip,7.761341515469603,-0.017075904489183648,30,32,True
Hischier,Nico Hischier,NJD,New Jersey Devils,C,36.0,23.333333333333336,42.0,18.666666666666664,0.0,1.0,207.66666666666669,-7.0,32.666666666666664,935.6666666666667,67.66666666666667,,,,,nicohischier,,23.333333333333336,42.0,-7.0,32.666666666666664,18.666666666666664,0.0,207.66666666666669,935.6666666666667,67.66666666666667,,,,,,False,False,['C'],2,0.0,0.0,0.9074795263815123,1.2090830918439288,-0.14593121846949877,-0.17137421131708389,1.0679996145933448,-0.34202739709864877,1.4236842442890885,3.9429194655167654,-0.40781981876418083,0.0,,,,,7.484013296975227,,Nico Hischier,Oy Matvey,Henry,7.466937392486043,-0.017075904489183648,31,32,True
Coleman,Blake Coleman,CGY,Calgary Flames,L,36.0,23.333333333333336,16.333333333333332,0.0,7.0,2.0,193.66666666666666,28.0,58.33333333333333,21.0,196.0,,,,,blakecoleman,,23.333333333333336,16.333333333333332,28.0,58.33333333333333,0.0,7.0,193.66666666666666,21.0,196.0,,,,,,False,False,"['C', 'LW', 'RW']",2,0.0,0.0,0.9074795263815123,-0.23511996774765628,1.2258899445268687,0.5091635092066148,-0.6194488057366755,3.5985723301930665,1.2018894760127572,-0.44405336785503735,1.3022929235206122,0.0,,,,,7.446665568502063,,Blake Coleman,The Makar Of The Devil,Lev,7.429589664012879,-0.017075904489183648,32,32,True
Geekie,Morgan Geekie,BOS,Boston Bruins,C,37.0,56.75675675675676,31.783783783783786,27.243243243243246,0.0,4.0,208.86486486486487,-6.810810810810811,27.243243243243246,111.24324324324324,140.75675675675674,,,,,morgangeekie,,56.75675675675676,31.783783783783786,-6.810810810810811,27.243243243243246,27.243243243243246,0.0,208.86486486486487,111.24324324324324,140.75675675675674,,,,,,False,False,"['C', 'LW', 'RW']",2,0.0,0.0,3.60202438203005,0.6342405963799566,-0.1385159689397887,-0.3151733365383076,1.8433137536638953,-0.34202739709864877,1.4426666794118375,-0.011223932902262356,0.5661461116083375,0.0,,,,,7.28145088761507,,Morgan Geekie,Oy Matvey,Henry,7.264374983125887,-0.017075904489183648,33,32,False
Rakell,Rickard Rakell,PIT,Pittsburgh Penguins,R,15.0,22.4,44.8,28.0,5.6,0.0,218.4,-11.2,11.2,5.6,123.19999999999999,,,,,rickardrakell,,22.4,44.8,-11.2,11.2,28.0,5.6,218.4,5.6,123.19999999999999,,,,,,False,False,"['C', 'LW', 'RW']",2,0.0,0.0,0.8322356322992509,1.366632516526647,-0.3105497580290628,-0.7405512139369046,1.9117238247583552,2.8104523847347234,1.5937268999676086,-0.5179156655597668,0.3321926042608749,0.0,,,,,7.277947225021726,,Rickard Rakell,Filip Use the Forceberg,Philip,7.260871320532543,-0.017075904489183648,34,32,False
Thompson,Tage Thompson,BUF,Buffalo Sabres,C,35.0,43.199999999999996,33.6,21.599999999999998,0.0,1.0,295.2,-28.8,40.8,376.8,91.19999999999999,,,,,tagethompson,,43.199999999999996,33.6,-28.8,40.8,21.599999999999998,0.0,295.2,376.8,91.19999999999999,,,,,,False,False,"['C', 'RW']",2,0.0,0.0,2.509099557561069,0.7364348177957738,-1.000379828564379,0.044276702718997266,1.3331700806452051,-0.34202739709864877,2.810429628797767,1.2624534843100728,-0.09422511849065794,0.0,,,,,7.259231927675199,,Tage Thompson,Better Safe Than Sorokin,Harley Pesner,7.242156023186015,-0.017075904489183648,35,32,False
Jarvis,Seth Jarvis,CAR,Carolina Hurricanes,C,34.0,46.94117647058824,24.705882352941178,7.411764705882353,4.9411764705882355,4.0,271.7647058823529,0.0,14.823529411764707,49.411764705882355,106.23529411764706,,,,,sethjarvis,,46.94117647058824,24.705882352941178,0.0,14.823529411764707,7.411764705882353,4.9411764705882355,271.7647058823529,49.411764705882355,106.23529411764706,,,,,,False,False,"['C', 'LW', 'RW']",2,0.0,0.0,2.810707435521057,0.2359837040977272,0.12843301412977468,-0.6444753004512059,0.050567478806126796,2.439572410401386,2.4391563696326815,-0.3077833533730501,0.1061285027139227,0.0,,,,,7.25829026147842,,Seth Jarvis,Better Safe Than Sorokin,Harley Pesner,7.241214356989237,-0.017075904489183648,36,32,False
Nugent-Hopkins,Ryan Nugent-Hopkins,EDM,Edmonton Oilers,C,28.0,30.0,60.0,48.0,3.0,1.0,138.0,-24.0,18.0,195.00000000000003,36.0,,,,,ryannugenthopkins,,30.0,60.0,-24.0,18.0,48.0,3.0,138.0,195.00000000000003,36.0,,,,,,False,False,"['C', 'LW']",2,0.0,0.0,1.444935912683377,2.2219008219471186,-0.81224435478202,-0.5602529087591974,3.7197042751119485,1.3468010574549434,0.3199912307235366,0.3904946711464499,-0.8297956902370519,0.0,,,,,7.241535015289104,,Ryan Nugent-Hopkins,Slaffing From The Throne,Rob,7.224459110799921,-0.017075904489183648,37,32,False
Backlund,Mikael Backlund,CGY,Calgary Flames,C,36.0,21.0,28.0,0.0,4.666666666666666,1.0,186.66666666666669,32.666666666666664,18.666666666666664,798.0,37.33333333333333,,,,,mikaelbacklund,,21.0,28.0,32.666666666666664,18.666666666666664,0.0,4.666666666666666,186.66666666666669,798.0,37.33333333333333,,,,,,False,False,['C'],2,0.0,0.0,0.7193697911758594,0.421335968430337,1.4087994329263842,-0.5425766043300104,-0.6194488057366755,2.2850390877624944,1.0909920918745921,3.2826352890653965,-0.8120282851224048,0.0,,,,,7.2341179660459725,,,,,7.217042061556789,-0.017075904489183648,38,32,False
Tavares,John Tavares,TOR,Toronto Maple Leafs,C,35.0,33.6,40.8,9.6,0.0,1.0,230.4,-16.8,38.4,808.8,81.6,,,,,johntavares,,33.6,40.8,-16.8,38.4,9.6,0.0,230.4,808.8,81.6,,,,,,False,False,['C'],3,0.0,0.0,1.735162361286384,1.1415619098370495,-0.5300411441084817,-0.019357993226075825,0.2483818104330493,-0.34202739709864877,1.783836701347321,3.3344348225206613,-0.22215043531611772,0.0,,,,,7.129800635675141,,John Tavares,KYYYYLE….,jeremy elgressy,7.208420945927425,0.07862031025228297,39,32,False
Pinto,Shane Pinto,OTT,Ottawa Senators,C,27.0,37.33333333333333,18.666666666666664,3.1111111111111107,3.1111111111111107,1.0,202.22222222222223,12.444444444444443,49.77777777777777,504.0,105.77777777777779,,,,,shanepinto,,37.33333333333333,18.666666666666664,12.444444444444443,49.77777777777777,3.1111111111111107,3.1111111111111107,202.22222222222223,504.0,105.77777777777779,,,,,,False,False,['C'],2,0.0,0.0,2.0361379376154276,-0.10382878051205771,0.6161916498618163,0.28231760236538184,-0.33820740234833874,1.4093502594754466,1.3374307232927374,1.872536878338746,0.10003184409615172,0.0,,,,,7.21196071218531,,Shane Pinto,Better Safe Than Sorokin,Harley Pesner,7.194884807696127,-0.017075904489183648,40,32,False
Kadri,Nazem Kadri,CGY,Calgary Flames,C,36.0,18.666666666666664,53.666666666666664,25.666666666666668,0.0,1.0,263.6666666666667,-18.666666666666664,42.0,555.3333333333333,53.666666666666664,,,,,nazemkadri,,18.666666666666664,53.666666666666664,-18.666666666666664,42.0,25.666666666666668,0.0,263.6666666666667,555.3333333333333,53.666666666666664,,,,,,False,False,['C'],2,0.0,0.0,0.5312600559702066,1.865539028021922,-0.6032049394682878,0.07609405069153391,1.7007927722171028,-0.34202739709864877,2.310863317394412,2.11874453735451,-0.5943775724679765,0.0,,,,,7.0636838526147745,,Nazem Kadri,KYYYYLE….,jeremy elgressy,7.046607948125591,-0.017075904489183648,41,32,False
Zegras,Trevor Zegras,PHI,Philadelphia Flyers,C,34.0,37.05882352941176,49.411764705882355,29.647058823529413,0.0,2.0,197.64705882352942,4.9411764705882355,69.17647058823529,126.0,27.176470588235297,,,,,trevorzegras,,37.05882352941176,49.411764705882355,4.9411764705882355,69.17647058823529,29.647058823529413,0.0,197.64705882352942,126.0,27.176470588235297,,,,,,False,False,"['C', 'LW', 'RW']",3,0.0,0.0,2.01400738053241,1.6261256865923013,0.3221018841998501,0.7966634018342736,2.0606163324345337,-0.34202739709864877,1.264948772875636,0.05955320740448074,-0.947374106436923,0.0,,,,,6.854615162337913,,Trevor Zegras,Better Safe Than Sorokin,Harley Pesner,6.933235472590196,0.07862031025228297,42,32,False
Trocheck,Vincent Trocheck,NYR,New York Rangers,C,24.0,21.0,38.5,7.0,0.0,1.0,140.0,-24.5,42.0,735.0,311.5,,,,,vincenttrocheck,,21.0,38.5,-24.5,42.0,7.0,0.0,140.0,735.0,311.5,,,,,,False,False,['C'],2,0.0,0.0,0.7193697911758594,1.0121463109905309,-0.8318417999676824,0.07609405069153391,0.013344351887082202,-0.34202739709864877,0.3516761976201553,2.9804713439096857,2.841394391576926,0.0,,,,,6.820627240785443,,Vincent Trocheck,Filip Use the Forceberg,Philip,6.80355133629626,-0.017075904489183648,43,32,False
Thomas,Robert Thomas,STL,St. Louis Blues,C,33.0,22.909090909090907,45.81818181818181,20.363636363636363,2.5454545454545454,0.0,134.9090909090909,5.090909090909091,20.363636363636363,768.7272727272727,17.81818181818182,,,,,robertthomas,,22.909090909090907,45.81818181818181,5.090909090909091,20.363636363636363,20.363636363636363,2.5454545454545454,134.9090909090909,768.7272727272727,17.81818181818182,,,,,,False,False,['C'],2,0.0,0.0,0.8732777563441205,1.4239232164112718,0.32797063783833724,-0.4975823748738981,1.2214040164415287,1.0909179582801567,0.2710235546105803,3.1422358802051673,-1.0720784872549685,0.0,,,,,6.781092158002297,,Robert Thomas,Hagel Cream Cheese & Larks,Ilan Weintraub,6.764016253513113,-0.017075904489183648,44,32,False
Cirelli,Anthony Cirelli,TBL,Tampa Bay Lightning,C,31.0,24.38709677419355,27.096774193548388,8.129032258064516,2.7096774193548385,2.0,154.4516129032258,46.064516129032256,21.677419354838708,642.1935483870968,54.193548387096776,,,,,anthonycirelli,,24.38709677419355,27.096774193548388,46.064516129032256,21.677419354838708,8.129032258064516,2.7096774193548385,154.4516129032258,642.1935483870968,54.193548387096776,,,,,,False,False,['C'],3,0.0,0.0,0.9924323100227749,0.3705135733713956,1.9339266738153162,-0.4627481327143273,0.1154077644070431,1.1833660457239505,0.5806256358408838,2.5353481128738538,-0.5873565817371885,0.0,,,,,6.661515401603702,,Anthony Cirelli,Better Safe Than Sorokin,Harley Pesner,6.740135711855985,0.07862031025228297,45,32,False
Norris,Josh Norris,BUF,Buffalo Sabres,C,9.0,37.33333333333333,56.0,46.66666666666667,0.0,1.0,158.66666666666666,-28.0,0.0,448.0,37.33333333333333,,,,,joshnorris,,37.33333333333333,56.0,-28.0,0.0,46.66666666666667,0.0,158.66666666666666,448.0,37.33333333333333,,,,,,False,False,['C'],2,0.0,0.0,2.0361379376154276,1.9968302152575208,-0.9690239162673191,-1.0375131283472458,3.5991722450883756,-0.34202739709864877,0.6474025553219297,1.603946704867003,-0.8120282851224048,0.0,,,,,6.722896931314638,,Josh Norris,Hagel Cream Cheese & Larks,Ilan Weintraub,6.705821026825455,-0.017075904489183648,46,32,False
Nelson,Brock Nelson,COL,Colorado Avalanche,C,35.0,33.6,26.4,14.4,0.0,3.0,168.0,26.4,38.4,734.4,45.599999999999994,,,,,brocknelson,,33.6,26.4,26.4,38.4,14.4,0.0,168.0,734.4,45.599999999999994,,,,,,False,False,['C'],2,0.0,0.0,1.735162361286384,0.33130772575449785,1.1631781199327489,-0.019357993226075825,0.6822971185179117,-0.34202739709864877,0.7952657341728172,2.97759359205106,-0.7018703734115922,0.0,,,,,6.621548887979103,,Brock Nelson,Hintz 57,Ryan,6.60447298348992,-0.017075904489183648,47,32,False
Barron,Morgan Barron,WPG,Winnipeg Jets,C,29.0,20.27586206896552,14.482758620689657,0.0,5.793103448275862,2.0,127.44827586206895,17.379310344827587,52.13793103448276,408.41379310344826,194.06896551724137,,,,,morganbarron,,20.27586206896552,14.482758620689657,17.379310344827587,52.13793103448276,0.0,5.793103448275862,127.44827586206895,408.41379310344826,194.06896551724137,,,,,,False,False,['C'],1,0.0,0.0,0.6609909078361743,-0.3392474610724413,0.8096131778245227,0.3448957835629636,-0.6194488057366755,2.9191585841082883,0.15282571571723766,1.4140812374128398,1.276560819561468,0.0,,,,,6.6194299592143775,,,,,6.506657839983728,-0.11277211923065028,48,32,False
Strome,Dylan Strome,WSH,Washington Capitals,C,34.0,14.823529411764707,49.411764705882355,14.823529411764707,0.0,1.0,140.8235294117647,32.11764705882353,49.411764705882355,798.0,19.764705882352942,,,,,dylanstrome,,14.823529411764707,49.411764705882355,32.11764705882353,49.411764705882355,14.823529411764707,0.0,140.8235294117647,798.0,19.764705882352942,,,,,,False,False,['C'],2,0.0,0.0,0.22143225680795547,1.6261256865923013,1.3872806695852649,0.2726129646395539,0.720583763348929,-0.34202739709864877,0.3647229486952334,3.2826352890653965,-1.046139976044815,0.0,,,,,6.4872262055911705,,Dylan Strome,Hintz 57,Ryan,6.470150301101987,-0.017075904489183648,49,32,False
O'Reilly,Ryan O'Reilly,NSH,Nashville Predators,C,35.0,24.0,48.0,9.6,2.4,5.0,141.6,14.4,9.6,806.4,21.599999999999998,,,,,ryanoreilly,,24.0,48.0,14.4,9.6,9.6,2.4,141.6,806.4,21.599999999999998,,,,,,False,False,['C'],2,0.0,0.0,0.9612251650116985,1.5466890018783255,0.6928394354768516,-0.7829743445669534,0.2483818104330493,1.0090353665442249,0.3770241711374501,3.322923815086158,-1.021683665475242,0.0,,,,,6.353460755525562,,Ryan O'Reilly,The Makar Of The Devil,Lev,6.336384851036379,-0.017075904489183648,50,32,False
Steeves,Alex Steeves,BOS,Boston Bruins,C,20.0,29.4,8.4,0.0,4.2,0.0,117.6,12.6,79.8,4.2,327.59999999999997,,,,,alexsteeves,,29.4,8.4,12.6,79.8,0.0,4.2,117.6,4.2,327.59999999999997,,,,,,False,False,['C'],2,0.0,0.0,1.396564837916209,-0.6815100043486916,0.6222886328084669,1.0783405118264355,-0.6194488057366755,2.02233243927638,-0.003195431621974355,-0.5246304198965602,3.0559358083362906,0.0,,,,,6.3466775685598815,,,,,6.329601664070698,-0.017075904489183648,51,32,False
Kopitar,Anze Kopitar,LAK,Los Angeles Kings,C,30.0,16.8,30.799999999999997,19.6,0.0,1.0,123.19999999999999,28.0,16.8,940.8,47.6,,,,,anzekopitar,,16.8,30.799999999999997,28.0,16.8,19.6,0.0,123.19999999999999,940.8,47.6,,,,,,False,False,['C'],3,0.0,0.0,0.3807722678056848,0.5788853931130552,1.2258899445268687,-0.592070256731734,1.1523720356098461,-0.34202739709864877,0.08552247568855793,3.967540231418341,-0.6752192657396213,0.0,,,,,5.781665428592349,,Anze Kopitar,Better Safe Than Sorokin,Harley Pesner,5.860285738844633,0.07862031025228297,52,32,False
Jenner,Boone Jenner,CBJ,Columbus Blue Jackets,C,21.0,20.0,36.0,8.0,4.0,1.0,184.00000000000003,-20.0,52.0,224.0,176.0,,,,,boonejenner,,20.0,36.0,-20.0,52.0,8.0,4.0,184.00000000000003,224.0,176.0,,,,,,False,False,"['C', 'LW']",2,0.0,0.0,0.6387513332305798,0.8714771818095324,-0.6554647932967209,0.3412386171293386,0.10374337440476186,1.909743875639474,1.0487454693457674,0.529586010980031,1.0357818468009043,0.0,,,,,5.823602916043669,,Boone Jenner,Slaffing From The Throne,Rob,5.806527011554485,-0.017075904489183648,53,32,False
Staal,Jordan Staal,CAR,Carolina Hurricanes,C,32.0,26.25,13.125,5.25,0.0,0.0,115.5,2.625,60.375,968.625,144.375,,,,,jordanstaal,,26.25,13.125,2.625,60.375,5.25,0.0,115.5,968.625,144.375,,,,,,False,False,['C'],2,0.0,0.0,1.142616695388578,-0.41564535019660437,0.23131960135450225,0.5632971915210001,-0.14485393751885722,-0.34202739709864877,-0.03646464686342391,4.100995973862114,0.614361206737866,0.0,,,,,5.713599337186525,,Jordan Staal,Hintz 57,Ryan,5.696523432697342,-0.017075904489183648,54,32,False
Zacha,Pavel Zacha,BOS,Boston Bruins,C,36.0,23.333333333333336,37.33333333333333,30.333333333333332,0.0,1.0,133.0,-11.666666666666668,51.333333333333336,529.6666666666666,72.33333333333334,,,,,pavelzacha,,23.333333333333336,37.33333333333333,-11.666666666666668,51.333333333333336,30.333333333333332,0.0,133.0,529.6666666666666,72.33333333333334,,,,,,False,False,"['C', 'LW']",2,0.0,0.0,0.9074795263815123,0.9465007173727313,-0.32884070686901445,0.3235623127001517,2.122654877299608,-0.34202739709864877,0.2407788134819898,1.995640707846628,-0.34563390086291557,0.0,,,,,5.520114950252043,,Pavel Zacha,Hintz 57,Ryan,5.5030390457628595,-0.017075904489183648,55,32,False
Barzal,Mathew Barzal,NYI,New York Islanders,C,35.0,24.0,45.599999999999994,19.2,0.0,1.0,196.8,16.8,48.0,280.8,36.0,,,,,mathewbarzal,,24.0,45.599999999999994,16.8,48.0,19.2,0.0,196.8,280.8,36.0,,,,,,False,False,"['C', 'RW']",3,0.0,0.0,0.9612251650116985,1.4116466378645665,0.786907172368031,0.23518079055421673,1.1162124266027742,-0.34202739709864877,1.2515292574841268,0.8020131869299418,-0.8297956902370519,0.0,,,,,5.392891549479654,,Mathew Barzal,Hintz 57,Ryan,5.471511859731938,0.07862031025228297,56,32,False
Mercer,Dawson Mercer,NJD,New Jersey Devils,C,36.0,23.333333333333336,30.333333333333332,14.0,4.666666666666666,1.0,170.33333333333331,21.0,28.0,179.66666666666666,44.333333333333336,,,,,dawsonmercer,,23.333333333333336,30.333333333333332,21.0,28.0,14.0,4.666666666666666,170.33333333333331,179.66666666666666,44.333333333333336,,,,,,False,False,['C'],2,0.0,0.0,0.9074795263815123,0.5526271556659356,0.9515257119275952,-0.2951083423213927,0.6461375095108398,2.2850390877624944,0.8322315288855388,0.3169521236482344,-0.7187494082705069,0.0,,,,,5.4781348931902505,,,,,5.461058988701067,-0.017075904489183648,57,32,False
Morton,Sam Morton,CGY,Calgary Flames,C,3.0,0.0,0.0,0.0,0.0,0.0,84.0,-28.0,280.0,448.0,252.0,,,,,sammorton,,0.0,0.0,-28.0,280.0,0.0,0.0,84.0,448.0,252.0,,,,,,False,False,['C'],2,0.0,0.0,-0.9736178256750143,-1.1541582783968467,-0.9690239162673191,6.386534731911286,-0.6194488057366755,-0.34202739709864877,-0.5355028754851686,1.603946704867003,2.0485239383357947,0.0,,,,,5.445226276454411,,,,,5.428150371965228,-0.017075904489183648,58,32,False
Stephenson,Chandler Stephenson,SEA,Seattle Kraken,C,33.0,22.909090909090907,30.545454545454547,20.363636363636363,2.5454545454545454,0.0,142.54545454545456,-22.909090909090907,15.272727272727273,865.4545454545454,22.909090909090907,,,,,chandlerstephenson,,22.909090909090907,30.545454545454547,-22.909090909090907,15.272727272727273,20.363636363636363,2.5454545454545454,142.54545454545456,865.4545454545454,22.909090909090907,,,,,,False,False,['C'],3,0.0,0.0,0.8732777563441205,0.5645627181418993,-0.7694862925587564,-0.632565063242235,1.2214040164415287,1.0909179582801567,0.39200251912494294,3.6061643616563597,-1.0042393040899518,0.0,,,,,5.342038670098065,,,,,5.420658980350348,0.07862031025228297,59,32,False
Kastelic,Mark Kastelic,BOS,Boston Bruins,C,37.0,13.621621621621623,15.891891891891893,2.27027027027027,0.0,2.0,115.78378378378378,13.621621621621623,140.75675675675674,374.5945945945946,224.75675675675677,,,,,markkastelic,,13.621621621621623,15.891891891891893,13.621621621621623,140.75675675675674,2.27027027027027,0.0,115.78378378378378,374.5945945945946,224.75675675675677,,,,,,False,False,"['C', 'RW']",2,0.0,0.0,0.12453630417420122,-0.2599588410084451,0.6623309802689015,2.6945757959989347,-0.4142185924532946,-0.34202739709864877,-0.031968806965930845,1.2518758018026912,1.6854926338311116,0.0,,,,,5.3706378785495215,,Mark Kastelic,Hagel Cream Cheese & Larks,Ilan Weintraub,5.353561974060338,-0.017075904489183648,60,32,False
Karlsson,William Karlsson,VGK,Vegas Golden Knights,C,14.0,24.0,18.0,6.0,6.0,1.0,180.0,-6.0,24.0,546.0,18.0,,,,,williamkarlsson,,24.0,18.0,-6.0,24.0,6.0,6.0,180.0,546.0,18.0,,,,,,False,False,['C'],2,0.0,0.0,0.9612251650116985,-0.1413405482936572,-0.106736328098174,-0.4011661688965146,-0.07705467063059747,3.0356295120085357,0.9853755355525294,2.0739795084425534,-1.0696556592847892,0.0,,,,,5.260256345811584,,,,,5.243180441322401,-0.017075904489183648,61,32,False
Gaunce,Brendan Gaunce,CBJ,Columbus Blue Jackets,C,12.0,7.0,21.0,0.0,7.0,0.0,77.0,0.0,70.0,217.0,238.0,,,,,brendangaunce,,7.0,21.0,0.0,70.0,0.0,7.0,77.0,217.0,238.0,,,,,,False,False,['C'],2,0.0,0.0,-0.4092886200580564,0.027462406723541066,0.12843301412977468,0.8184988367173871,-0.6194488057366755,3.5985723301930665,-0.646400259623334,0.4960122392960631,1.8619661846319993,0.0,,,,,5.255807326273766,,,,,5.238731421784583,-0.017075904489183648,62,32,False
Miller,J.T. Miller,NYR,New York Rangers,C,35.0,24.0,28.8,12.0,0.0,3.0,184.8,-26.4,24.0,705.6,177.6,,,,,jtmiller,,24.0,28.8,-26.4,24.0,12.0,0.0,184.8,705.6,177.6,,,,,,False,False,"['C', 'RW']",2,0.0,0.0,0.9612251650116985,0.4663500897682566,-0.9063120916731994,-0.4011661688965146,0.4653394644754805,-0.34202739709864877,1.0614194561044146,2.839461502837021,1.0571027329384808,0.0,,,,,5.2013927534669895,,J.T. Miller,Filip Use the Forceberg,Philip,5.184316848977806,-0.017075904489183648,63,32,False
Byfield,Quinton Byfield,LAK,Los Angeles Kings,R,33.0,10.181818181818182,38.18181818181818,12.727272727272728,2.5454545454545454,2.0,183.27272727272725,2.5454545454545454,35.63636363636364,478.54545454545456,53.45454545454545,,,,,quintonbyfield,,10.181818181818182,38.18181818181818,2.5454545454545454,35.63636363636364,12.727272727272728,2.5454545454545454,183.27272727272725,478.54545454545456,53.45454545454545,,,,,,False,False,"['C', 'LW']",3,0.0,0.0,-0.15277534477762097,0.9942429672765856,0.22820182598405592,-0.09263430976888717,0.5310842081247023,1.0909179582801567,1.0372236632015415,1.7504504358515902,-0.5972042050998523,0.0,,,,,4.789507199072272,,Quinton Byfield,Oy Matvey,Henry,4.868127509324555,0.07862031025228297,64,32,False
Palmieri,Kyle Palmieri,NYI,New York Islanders,C,25.0,20.16,40.32,16.8,3.36,1.0,238.56,-6.72,26.88,6.72,63.84,,,,,kylepalmieri,,20.16,40.32,-6.72,26.88,16.8,3.36,238.56,6.72,63.84,,,,,,False,False,['C'],3,0.0,0.0,0.6516502865018245,1.114553437034298,-0.13495664916552783,-0.32480453376242685,0.899254772560343,1.5494604720013743,1.9131113662855252,-0.5125438620903319,-0.45881227144321834,0.0,,,,,4.696913017921861,,,,,4.775533328174144,0.07862031025228297,65,32,False
Nazar,Frank Nazar,CHI,Chicago Blackhawks,C,33.0,15.272727272727273,38.18181818181818,15.272727272727273,2.5454545454545454,1.0,168.0,-17.81818181818182,50.909090909090914,453.09090909090907,50.909090909090914,,,,,franknazar,,15.272727272727273,38.18181818181818,-17.81818181818182,50.909090909090914,15.272727272727273,2.5454545454545454,168.0,453.09090909090907,50.909090909090914,,,,,,False,False,['C'],3,0.0,0.0,0.25764589567107576,0.9942429672765856,-0.5699486688501942,0.31231375533612366,0.7611908108969777,1.0909179582801567,0.7952657341728172,1.628363993364434,-0.6311237966823605,0.0,,,,,4.638868649465616,,Frank Nazar,Filip Use the Forceberg,Philip,4.717488959717899,0.07862031025228297,66,32,False
Clattenburg,Connor Clattenburg,EDM,Edmonton Oilers,C,5.0,16.8,0.0,0.0,0.0,0.0,50.4,16.8,218.4,0.0,285.59999999999997,,,,,connorclattenburg,,16.8,0.0,16.8,218.4,0.0,0.0,50.4,0.0,285.59999999999997,,,,,,False,False,['C'],2,0.0,0.0,0.3807722678056848,-1.1541582783968467,0.786907172368031,4.753244202654409,-0.6194488057366755,-0.34202739709864877,-1.067810319348363,-0.544774682906941,2.496262547224904,0.0,,,,,4.688966706565553,,,,,4.67189080207637,-0.017075904489183648,67,32,False
Granlund,Mikael Granlund,ANA,Anaheim Ducks,C,18.0,28.0,37.33333333333333,9.333333333333332,0.0,0.0,182.0,4.666666666666666,37.33333333333333,508.66666666666663,51.333333333333336,,,,,mikaelgranlund,,28.0,37.33333333333333,4.666666666666666,37.33333333333333,9.333333333333332,0.0,182.0,508.66666666666663,51.333333333333336,,,,,,False,False,"['C', 'LW', 'RW']",2,0.0,0.0,1.2836989967928174,0.9465007173727313,0.3113425025292903,-0.047640080312775085,0.22427540442833466,-0.34202739709864877,1.0170605024491481,1.8949193927947243,-0.6254705314186091,0.0,,,,,4.662659507537013,,Mikael Granlund,KYYYYLE….,jeremy elgressy,4.64558360304783,-0.017075904489183648,68,32,False
Laughton,Scott Laughton,TOR,Toronto Maple Leafs,C,17.0,19.764705882352942,4.9411764705882355,0.0,4.9411764705882355,1.0,113.64705882352942,0.0,29.647058823529413,573.1764705882352,158.11764705882354,,,,,scottlaughton,,19.764705882352942,4.9411764705882355,0.0,29.647058823529413,0.0,4.9411764705882355,113.64705882352942,573.1764705882352,158.11764705882354,,,,,,False,False,['C'],3,0.0,0.0,0.6197822843022788,-0.876129881897932,0.12843301412977468,-0.251437472555166,-0.6194488057366755,2.439572410401386,-0.06581983678234993,2.204324739686193,0.7974895899691654,0.0,,,,,4.3767660415166745,,,,,4.455386351768958,0.07862031025228297,69,32,False
McTavish,Mason McTavish,ANA,Anaheim Ducks,C,36.0,18.666666666666664,32.666666666666664,9.333333333333332,0.0,2.0,156.33333333333334,-7.0,79.33333333333333,520.3333333333334,84.0,,,,,masonmctavish,,18.666666666666664,32.666666666666664,-7.0,79.33333333333333,9.333333333333332,0.0,156.33333333333334,520.3333333333334,84.0,,,,,,False,False,['C'],2,0.0,0.0,0.5312600559702066,0.6839183429015342,-0.14593121846949877,1.0659670987260046,0.22427540442833466,-0.34202739709864877,0.6104367606092082,1.9508756789346713,-0.19016910610975268,0.0,,,,,4.3886056198920596,,Mason McTavish,Oy Matvey,Henry,4.371529715402876,-0.017075904489183648,70,32,False
Rooney,Kevin Rooney,UTA,Utah Mammoth,C,1.0,84.0,0.0,0.0,0.0,0.0,84.0,84.0,0.0,168.0,0.0,,,,,kevinrooney,,84.0,0.0,84.0,0.0,0.0,0.0,84.0,168.0,0.0,,,,,,False,False,['C'],1,0.0,0.0,5.798332641728481,-1.1541582783968467,3.4208038053210563,-1.0375131283472458,-0.6194488057366755,-0.34202739709864877,-0.5355028754851686,0.260995837508288,-1.3095156283325264,0.0,,,,,4.481966171160714,,,,,4.369194051930064,-0.11277211923065028,71,32,False
Chytil,Filip Chytil,VAN,Vancouver Canucks,C,6.0,42.0,0.0,0.0,0.0,1.0,210.0,0.0,84.0,504.0,42.0,,,,,filipchytil,,42.0,0.0,0.0,84.0,0.0,0.0,210.0,504.0,42.0,,,,,,False,False,['C'],2,0.0,0.0,2.4123574080267334,-1.1541582783968467,0.12843301412977468,1.1897012297303138,-0.6194488057366755,-0.34202739709864877,1.46065003900181,1.872536878338746,-0.7498423672211395,0.0,,,,,4.198201720774067,,,,,4.181125816284884,-0.017075904489183648,72,32,False
Nylander,William Nylander,TOR,Toronto Maple Leafs,R,31.0,29.806451612903228,67.74193548387096,18.967741935483872,0.0,2.0,173.41935483870967,-5.419354838709677,32.516129032258064,48.7741935483871,10.838709677419354,,,,,williamnylander,,29.806451612903228,67.74193548387096,-5.419354838709677,32.516129032258064,18.967741935483872,0.0,173.41935483870967,48.7741935483871,10.838709677419354,,,,,,False,False,"['C', 'RW']",3,0.0,0.0,1.4293323401778388,2.657521351023759,-0.0839780046567596,-0.175365634897868,1.095216524598668,-0.34202739709864877,0.8811217735055903,-0.31084130601219706,-1.1650838190134587,0.0,,,,,3.9858958276269245,,William Nylander,Hagel Cream Cheese & Larks,Ilan Weintraub,4.064516137879208,0.07862031025228297,73,32,False
Dickinson,Jason Dickinson,CHI,Chicago Blackhawks,C,22.0,11.454545454545453,11.454545454545453,0.0,7.636363636363637,0.0,114.54545454545453,-26.727272727272727,30.545454545454547,645.2727272727273,84.0,,,,,jasondickinson,,11.454545454545453,11.454545454545453,-26.727272727272727,30.545454545454547,0.0,7.636363636363637,114.54545454545453,645.2727272727273,84.0,,,,,,False,False,['C'],3,0.0,0.0,-0.05017003466544689,-0.5096379046948171,-0.9191395103401785,-0.2276169981372242,-0.6194488057366755,3.956808669037768,-0.05158701742771941,2.5501166341424613,-0.19016910610975268,0.0,,,,,3.9391559260684157,,,,,4.017776236320699,0.07862031025228297,74,32,False
Smith,Will Smith,SJS,San Jose Sharks,C,33.0,30.545454545454547,43.27272727272727,20.363636363636363,0.0,3.0,203.63636363636365,12.727272727272728,30.545454545454547,20.363636363636363,17.81818181818182,,,,,willsmith,,30.545454545454547,43.27272727272727,12.727272727272728,30.545454545454547,20.363636363636363,0.0,203.63636363636365,20.363636363636363,17.81818181818182,,,,,,False,False,"['C', 'RW']",2,0.0,0.0,1.488909617017166,1.28069646669971,0.627277073401181,-0.2276169981372242,1.2214040164415287,-0.34202739709864877,1.3598342352398418,-0.4471055289172163,-1.0720784872549685,0.0,,,,,3.8892929973913706,,Will Smith,Hintz 57,Ryan,3.872217092902187,-0.017075904489183648,75,32,False
Toninato,Dominic Toninato,CHI,Chicago Blackhawks,C,3.0,0.0,28.0,0.0,0.0,0.0,84.0,28.0,112.0,168.0,280.0,,,,,dominictoninato,,0.0,28.0,28.0,112.0,0.0,0.0,84.0,168.0,280.0,,,,,,False,False,['C'],3,0.0,0.0,-0.9736178256750143,0.421335968430337,1.2258899445268687,1.932106015756167,-0.6194488057366755,-0.34202739709864877,-0.5355028754851686,0.260995837508288,2.421639445743386,0.0,,,,,3.7913703079695398,,,,,3.8699906182218227,0.07862031025228297,76,32,False
Monahan,Sean Monahan,CBJ,Columbus Blue Jackets,C,35.0,12.0,28.8,19.2,0.0,2.0,148.79999999999998,-9.6,19.2,830.4000000000001,52.8,,,,,seanmonahan,,12.0,28.8,-9.6,19.2,19.2,0.0,148.79999999999998,830.4000000000001,52.8,,,,,,False,False,['C'],2,0.0,0.0,-0.0061963303316578565,0.4663500897682566,-0.2478379334349432,-0.5284355607866609,1.1162124266027742,-0.34202739709864877,0.49109005196527733,3.4380338894311913,-0.6059263857924972,0.0,,,,,3.7812628503230914,,Sean Monahan,Hagel Cream Cheese & Larks,Ilan Weintraub,3.7641869458339077,-0.017075904489183648,77,32,False
Newhook,Alex Newhook,MTL,Montréal Canadiens,C,17.0,29.647058823529413,29.647058823529413,4.9411764705882355,0.0,2.0,118.58823529411765,34.588235294117645,39.529411764705884,182.8235294117647,128.47058823529412,,,,,alexnewhook,,29.647058823529413,29.647058823529413,34.588235294117645,39.529411764705884,4.9411764705882355,0.0,118.58823529411765,182.8235294117647,128.47058823529412,,,,,,False,False,['C'],2,0.0,0.0,1.4164823392909254,0.514012100596642,1.4841151046203025,0.010587746042193966,-0.17277128270814063,-0.34202739709864877,0.012460669668119765,0.33209323636845517,0.4024261115375981,0.0,,,,,3.6573786283174474,,,,,3.6403027238282637,-0.017075904489183648,78,32,False
McLeod,Ryan McLeod,BUF,Buffalo Sabres,C,35.0,14.4,31.200000000000003,7.2,4.8,1.0,100.8,7.2,4.8,583.2,21.599999999999998,,,,,ryanmcleod,,14.4,31.200000000000003,7.2,4.8,7.2,4.8,100.8,583.2,21.599999999999998,,,,,,False,False,['C'],2,0.0,0.0,0.18728796873701345,0.6013924537820153,0.41063622480331313,-0.9102437364570997,0.03142415639061815,2.3600981301870987,-0.2693491535535715,2.2524001236773543,-1.021683665475242,0.0,,,,,3.6419625020915,,,,,3.624886597602316,-0.017075904489183648,79,32,False
Dellandrea,Ty Dellandrea,SJS,San Jose Sharks,C,36.0,4.666666666666666,21.0,0.0,4.666666666666666,0.0,95.66666666666666,-23.333333333333336,28.0,534.3333333333333,245.0,,,,,tydellandrea,,4.666666666666666,21.0,-23.333333333333336,28.0,0.0,4.666666666666666,95.66666666666666,534.3333333333333,245.0,,,,,,False,False,['C'],2,0.0,0.0,-0.5973983552637091,0.027462406723541066,-0.7861144278678036,-0.2951083423213927,-0.6194488057366755,2.2850390877624944,-0.35067390192155956,2.0180232223026064,1.955245061483897,0.0,,,,,3.6370259451613984,,,,,3.6199500406722147,-0.017075904489183648,80,32,False
Schmaltz,Nick Schmaltz,UTA,Utah Mammoth,C,38.0,26.52631578947368,44.21052631578947,15.473684210526315,0.0,3.0,196.73684210526315,0.0,17.684210526315788,311.6842105263158,24.315789473684212,,,,,nickschmaltz,,26.52631578947368,44.21052631578947,0.0,17.684210526315788,15.473684210526315,0.0,196.73684210526315,311.6842105263158,24.315789473684212,,,,,,False,False,"['C', 'RW']",1,0.0,0.0,1.1648928482418786,1.3334642165934434,0.12843301412977468,-0.5686258950677597,0.7793571216421573,-0.34202739709864877,1.250528679582128,0.9501416773371023,-0.9854942666364602,0.0,,,,,3.7106699987236156,,Nick Schmaltz,KYYYYLE….,jeremy elgressy,3.5978978794929652,-0.11277211923065028,81,32,False
Vilardi,Gabriel Vilardi,WPG,Winnipeg Jets,C,35.0,38.4,36.0,24.0,0.0,2.0,180.0,-7.2,28.8,57.6,24.0,,,,,gabrielvilardi,,38.4,36.0,-7.2,28.8,24.0,0.0,180.0,57.6,24.0,,,,,,False,False,"['C', 'RW']",1,0.0,0.0,2.122130959423726,0.8714771818095324,-0.15377019654376375,-0.2738967770063683,1.5501277346876365,-0.34202739709864877,0.9853755355525294,-0.2685105044788625,-0.9897023362688768,0.0,,,,,3.501204200076904,,Gabriel Vilardi,Hagel Cream Cheese & Larks,Ilan Weintraub,3.3884320808462536,-0.11277211923065028,82,32,False
Couturier,Sean Couturier,PHI,Philadelphia Flyers,C,33.0,12.727272727272728,35.63636363636364,0.0,0.0,1.0,127.27272727272727,2.5454545454545454,35.63636363636364,778.909090909091,89.0909090909091,,,,,seancouturier,,12.727272727272728,35.63636363636364,2.5454545454545454,35.63636363636364,0.0,0.0,127.27272727272727,778.909090909091,89.0909090909091,,,,,,False,False,['C'],3,0.0,0.0,0.05243527544672747,0.8510162175650237,0.22820182598405592,-0.09263430976888717,-0.6194488057366755,-0.34202739709864877,0.15004459009621793,3.19107045720003,-0.12232992294473606,0.0,,,,,3.2963279307431077,,Sean Couturier,Oy Matvey,Henry,3.3749482409953906,0.07862031025228297,83,32,False
Fantilli,Adam Fantilli,CBJ,Columbus Blue Jackets,C,35.0,28.8,24.0,7.2,0.0,2.0,223.2,-28.8,31.200000000000003,491.99999999999994,88.8,,,,,adamfantilli,,28.8,24.0,-28.8,31.200000000000003,7.2,0.0,223.2,491.99999999999994,88.8,,,,,,False,False,['C'],2,0.0,0.0,1.348193763149041,0.19626536174073933,-1.000379828564379,-0.2102620810612951,0.03142415639061815,-0.34202739709864877,1.6697708205194934,1.8149818411662293,-0.1262064476970228,0.0,,,,,3.381760188544775,,Adam Fantilli,Oy Matvey,Henry,3.364684284055591,-0.017075904489183648,84,32,False
Kapanen,Oliver Kapanen,MTL,Montréal Canadiens,C,36.0,25.666666666666668,18.666666666666664,2.333333333333333,4.666666666666666,1.0,144.66666666666669,0.0,23.333333333333336,343.0,35.0,,,,,oliverkapanen,,25.666666666666668,18.666666666666664,0.0,23.333333333333336,2.333333333333333,4.666666666666666,144.66666666666669,343.0,35.0,,,,,,False,False,['C'],2,0.0,0.0,1.0955892615871647,-0.10382878051205771,0.12843301412977468,-0.4188424733257015,-0.40851775319542294,2.2850390877624944,0.4256077870455992,1.1003401296074848,-0.8431212440730373,0.0,,,,,3.2606990290262985,,,,,3.2436231245371148,-0.017075904489183648,85,32,False
Frost,Morgan Frost,CGY,Calgary Flames,C,36.0,18.666666666666664,25.666666666666668,16.333333333333332,0.0,2.0,149.33333333333331,-16.333333333333332,42.0,620.6666666666667,49.0,,,,,morganfrost,,18.666666666666664,25.666666666666668,-16.333333333333332,42.0,16.333333333333332,0.0,149.33333333333331,620.6666666666667,49.0,,,,,,False,False,['C'],2,0.0,0.0,0.5312600559702066,0.2900447811947384,-0.51175019526853,0.07609405069153391,0.8570685620520924,-0.34202739709864877,0.4995393764710423,2.432099739738211,-0.6565634903692418,0.0,,,,,3.1757654833814044,,,,,3.1586895788922207,-0.017075904489183648,86,32,False
Hartman,Ryan Hartman,MIN,Minnesota Wild,R,33.0,22.909090909090907,15.272727272727273,10.181818181818182,0.0,3.0,180.72727272727272,-2.5454545454545454,43.27272727272727,458.18181818181813,84.0,,,,,ryanhartman,,22.909090909090907,15.272727272727273,-2.5454545454545454,43.27272727272727,10.181818181818182,0.0,180.72727272727272,458.18181818181813,84.0,,,,,,False,False,"['C', 'RW']",2,0.0,0.0,0.8732777563441205,-0.29479778012747376,0.028664202275493426,0.10983972278361816,0.30097760535242657,-0.34202739709864877,0.9968973416967543,1.652781281861865,-0.19016910610975268,0.0,,,,,3.135443626978403,,Ryan Hartman,Filip Use the Forceberg,Philip,3.1183677224892192,-0.017075904489183648,87,32,False
Rodrigues,Evan Rodrigues,FLA,Florida Panthers,C,35.0,19.2,24.0,4.8,0.0,0.0,192.0,0.0,38.4,458.40000000000003,88.8,,,,,evanrodrigues,,19.2,24.0,0.0,38.4,4.8,0.0,192.0,458.40000000000003,88.8,,,,,,False,False,"['C', 'LW', 'RW']",2,0.0,0.0,0.5742565668743559,0.19626536174073933,0.12843301412977468,-0.019357993226075825,-0.18553349765181307,-0.34202739709864877,1.1754853369322418,1.653827737083184,-0.1262064476970228,0.0,,,,,3.055142681086735,,Evan Rodrigues,KYYYYLE….,jeremy elgressy,3.0380667765975513,-0.017075904489183648,88,32,False
Dvorak,Christian Dvorak,PHI,Philadelphia Flyers,C,33.0,17.81818181818182,40.72727272727273,0.0,0.0,0.0,150.1818181818182,20.363636363636363,20.363636363636363,544.7272727272727,40.72727272727273,,,,,christiandvorak,,17.81818181818182,40.72727272727273,20.363636363636363,20.363636363636363,0.0,0.0,150.1818181818182,544.7272727272727,40.72727272727273,,,,,,False,False,['C'],3,0.0,0.0,0.4628565158954242,1.1374697169881478,0.9265835089640247,-0.4975823748738981,-0.6194488057366755,-0.34202739709864877,0.5129814836393052,2.0678751863181954,-0.7668021630123937,0.0,,,,,2.8819056710834814,,,,,2.9605259813357643,0.07862031025228297,89,32,False
McCann,Jared McCann,SEA,Seattle Kraken,L,11.0,38.18181818181818,22.909090909090907,15.272727272727273,0.0,1.0,206.1818181818182,0.0,0.0,30.545454545454547,106.9090909090909,,,,,jaredmccann,,38.18181818181818,22.909090909090907,0.0,0.0,15.272727272727273,0.0,206.1818181818182,30.545454545454547,106.9090909090909,,,,,,False,False,"['C', 'LW']",3,0.0,0.0,2.1045414776902107,0.13488246900721254,0.12843301412977468,-1.0375131283472458,0.7611908108969777,-0.34202739709864877,1.400160556744629,-0.3982709519223539,0.11510721813282193,0.0,,,,,2.866504069233378,,Jared McCann,Slaffing From The Throne,Rob,2.945124379485661,0.07862031025228297,90,32,False
McBain,Jack McBain,UTA,Utah Mammoth,C,38.0,8.842105263157894,13.26315789473684,0.0,0.0,1.0,110.5263157894737,-2.2105263157894735,70.73684210526315,426.6315789473684,271.89473684210526,,,,,jackmcbain,,8.842105263157894,13.26315789473684,-2.2105263157894735,70.73684210526315,0.0,0.0,110.5263157894737,426.6315789473684,271.89473684210526,,,,,,False,False,"['C', 'LW']",1,0.0,0.0,-0.2607809343693833,-0.4078715298997598,0.04179167751947781,0.8380358047706988,-0.6194488057366755,-0.34202739709864877,-0.11526015664580441,1.5014583492001534,2.3136323251780304,0.0,,,,,2.9495293329180887,,Jack McBain,The Makar Of The Devil,Lev,2.8367572136874384,-0.11277211923065028,91,32,False
Greig,Ridly Greig,OTT,Ottawa Senators,C,30.0,5.6,25.2,8.4,0.0,0.0,140.0,-11.2,120.4,322.0,106.39999999999999,,,,,ridlygreig,,5.6,25.2,-11.2,120.4,8.4,0.0,140.0,322.0,106.39999999999999,,,,,,False,False,"['C', 'LW', 'RW']",2,0.0,0.0,-0.5221544611814479,0.2637865437476186,-0.3105497580290628,2.154827451563923,0.13990298341183377,-0.34202739709864877,0.3516761976201553,0.9996188145555813,0.10832329981632019,0.0,,,,,2.843403674406273,,Ridly Greig,The Makar Of The Devil,Lev,2.8263277699170892,-0.017075904489183648,92,32,False
Stamkos,Steven Stamkos,NSH,Nashville Predators,C,35.0,33.6,14.4,9.6,0.0,5.0,199.2,-19.2,52.8,300.0,64.8,,,,,stevenstamkos,,33.6,14.4,-19.2,52.8,9.6,0.0,199.2,300.0,64.8,,,,,,False,False,"['C', 'LW', 'RW']",2,0.0,0.0,1.735162361286384,-0.3439040943142951,-0.6241088809996611,0.36245018244436294,0.2483818104330493,-0.34202739709864877,1.2895512177600688,0.894101246405968,-0.44601973976067244,0.0,,,,,2.7735867061565553,,Steven Stamkos,Oy Matvey,Henry,2.7565108016673716,-0.017075904489183648,93,32,False
Coyle,Charlie Coyle,CBJ,Columbus Blue Jackets,C,35.0,12.0,40.8,7.2,0.0,0.0,110.4,-12.0,14.4,655.1999999999999,129.6,,,,,charliecoyle,,12.0,40.8,-12.0,14.4,7.2,0.0,110.4,655.1999999999999,129.6,,,,,,False,False,['C'],2,0.0,0.0,-0.0061963303316578565,1.1415619098370495,-0.3419056703261227,-0.6557049526768072,0.03142415639061815,-0.34202739709864877,-0.11726131244980152,2.597730346712452,0.41747614881118156,0.0,,,,,2.725096898868263,,,,,2.7080209943790794,-0.017075904489183648,94,32,False
Raty,Aatu Raty,VAN,Vancouver Canucks,C,29.0,8.689655172413794,23.17241379310345,0.0,0.0,1.0,75.3103448275862,8.689655172413794,46.3448275862069,585.1034482758621,211.44827586206895,,,,,aaturaty,,8.689655172413794,23.17241379310345,8.689655172413794,46.3448275862069,0.0,0.0,75.3103448275862,585.1034482758621,211.44827586206895,,,,,,False,False,['C'],2,0.0,0.0,-0.2730712255987906,0.1496990293222019,0.46902309597714864,0.19129479335071803,-0.6194488057366755,-0.34202739709864877,-0.6731685937256499,2.2615295433667875,1.508149755193766,0.0,,,,,2.671980195050857,,,,,2.654904290561673,-0.017075904489183648,95,32,False
Roslovic,Jack Roslovic,EDM,Edmonton Oilers,C,24.0,35.0,28.0,14.0,0.0,2.0,192.5,0.0,28.0,94.5,35.0,,,,,jackroslovic,,35.0,28.0,0.0,28.0,14.0,0.0,192.5,94.5,35.0,,,,,,False,False,['C'],2,0.0,0.0,1.8480282024097754,0.421335968430337,0.12843301412977468,-0.2951083423213927,0.6461375095108398,-0.34202739709864877,1.1834065786563963,-0.0915287651733747,-0.8431212440730373,0.0,,,,,2.6555555244706692,,,,,2.6384796199814855,-0.017075904489183648,96,32,False
McMann,Bobby McMann,TOR,Toronto Maple Leafs,C,34.0,22.235294117647058,17.294117647058822,4.9411764705882355,0.0,2.0,145.76470588235296,2.4705882352941178,79.05882352941177,9.882352941176471,182.8235294117647,,,,,bobbymcmann,,22.235294117647058,17.294117647058822,2.4705882352941178,79.05882352941177,4.9411764705882355,0.0,145.76470588235296,9.882352941176471,182.8235294117647,,,,,,False,False,['C'],3,0.0,0.0,0.8189572980494402,-0.1810588906506451,0.2252674491648124,1.0586886204316337,-0.17277128270814063,-0.34202739709864877,0.44300345514570355,-0.4973764170001628,1.1267091553288044,0.0,,,,,2.479391990662797,,,,,2.5580123009150797,0.07862031025228297,97,32,False
McCarron,Michael McCarron,NSH,Nashville Predators,C,34.0,2.4705882352941178,12.352941176470589,0.0,0.0,0.0,101.29411764705881,-22.235294117647058,93.88235294117648,642.3529411764706,232.23529411764704,,,,,michaelmccarron,,2.4705882352941178,12.352941176470589,-22.235294117647058,93.88235294117648,0.0,0.0,101.29411764705881,642.3529411764706,232.23529411764704,,,,,,False,False,['C'],2,0.0,0.0,-0.7744428119278527,-0.45908728714955976,-0.7430769011855645,1.451726448327674,-0.6194488057366755,-0.34202739709864877,-0.26152110290852465,2.5361126010336403,1.7851482860480832,0.0,,,,,2.5733830294025717,,,,,2.556307124913388,-0.017075904489183648,98,32,False
Seguin,Tyler Seguin,DAL,Dallas Stars,C,27.0,21.777777777777775,31.11111111111111,12.444444444444443,0.0,2.0,96.44444444444444,31.11111111111111,6.222222222222221,392.0,56.0,,,,,tylerseguin,,21.777777777777775,31.11111111111111,31.11111111111111,6.222222222222221,12.444444444444443,0.0,96.44444444444444,392.0,56.0,,,,,,False,False,"['C', 'RW']",2,0.0,0.0,0.7820730362444102,0.5963908847444686,1.347829603459879,-0.8725342870081674,0.5055168078166713,-0.34202739709864877,-0.3383519703506522,1.33535653139526,-0.5632846135173439,0.0,,,,,2.4509685956858767,,Tyler Seguin,Hintz 57,Ryan,2.433892691196693,-0.017075904489183648,99,32,False
Dach,Kirby Dach,MTL,Montréal Canadiens,C,15.0,28.0,11.2,5.6,0.0,0.0,123.19999999999999,-11.2,89.6,257.6,117.6,,,,,kirbydach,,28.0,11.2,-11.2,89.6,5.6,0.0,123.19999999999999,257.6,117.6,,,,,,False,False,['C'],2,0.0,0.0,1.2836989967928174,-0.5239605796659733,-0.3105497580290628,1.3381821869354842,-0.11321427963766936,-0.34202739709864877,0.08552247568855793,0.690740115063077,0.25756950277935675,0.0,,,,,2.3659612628279394,,,,,2.3488853583387557,-0.017075904489183648,100,32,False
Stankoven,Logan Stankoven,CAR,Carolina Hurricanes,C,35.0,14.4,24.0,4.8,0.0,1.0,187.20000000000002,9.6,40.8,456.0,38.4,,,,,loganstankoven,,14.4,24.0,9.6,40.8,4.8,0.0,187.20000000000002,456.0,38.4,,,,,,False,False,"['C', 'RW']",2,0.0,0.0,0.18728796873701345,0.19626536174073933,0.5047039616944926,0.044276702718997266,-0.18553349765181307,-0.34202739709864877,1.099441416380357,1.6423167296486805,-0.797814361030687,0.0,,,,,2.3489168851391313,,Logan Stankoven,Hintz 57,Ryan,2.3318409806499476,-0.017075904489183648,101,32,False
Gatcomb,Marc Gatcomb,NYI,New York Islanders,C,10.0,8.4,8.4,0.0,0.0,0.0,126.0,8.4,16.8,0.0,453.6,,,,,marcgatcomb,,8.4,8.4,8.4,16.8,0.0,0.0,126.0,0.0,453.6,,,,,,False,False,['C'],3,0.0,0.0,-0.29642277893466473,-0.6815100043486916,0.45767009324890284,-0.592070256731734,-0.6194488057366755,-0.34202739709864877,0.12988142934382432,-0.544774682906941,4.734955591670452,0.0,,,,,2.2462531885058237,,,,,2.3248734987581066,0.07862031025228297,102,32,False
Minten,Fraser Minten,BOS,Boston Bruins,C,37.0,13.621621621621623,15.891891891891893,0.0,2.27027027027027,1.0,102.16216216216216,11.351351351351353,27.243243243243246,367.78378378378375,168.0,,,,,fraserminten,,13.621621621621623,15.891891891891893,11.351351351351353,27.243243243243246,0.0,2.27027027027027,102.16216216216216,367.78378378378375,168.0,,,,,,False,False,['C'],2,0.0,0.0,0.12453630417420122,-0.2599588410084451,0.5733479859123803,-0.3151733365383076,-0.6194488057366755,0.9360049468878533,-0.24776912204560408,1.219209429353425,0.9291774161130211,0.0,,,,,2.339925977111849,,,,,2.322850072622665,-0.017075904489183648,103,32,False
Faksa,Radek Faksa,DAL,Dallas Stars,C,36.0,2.333333333333333,32.666666666666664,0.0,4.666666666666666,0.0,44.333333333333336,18.666666666666664,28.0,373.33333333333337,102.66666666666667,,,,,radekfaksa,,2.333333333333333,32.666666666666664,18.666666666666664,28.0,0.0,4.666666666666666,44.333333333333336,373.33333333333337,102.66666666666667,,,,,,False,False,['C'],2,0.0,0.0,-0.7855080904693615,0.6839183429015342,0.8600709677278372,-0.2951083423213927,-0.6194488057366755,2.2850390877624944,-1.1639213856014397,1.2458264735713458,0.058574565495308206,0.0,,,,,2.2694428133296505,,,,,2.2523669088404668,-0.017075904489183648,104,32,False
Rossi,Marco Rossi,VAN,Vancouver Canucks,C,21.0,16.0,40.0,20.0,0.0,0.0,120.0,-28.0,16.0,544.0,56.0,,,,,marcorossi,,16.0,40.0,-28.0,16.0,20.0,0.0,120.0,544.0,56.0,,,,,,False,False,['C'],2,0.0,0.0,0.31627750144946093,1.0965477884991301,-0.9690239162673191,-0.6132818220467583,1.1885316446169178,-0.34202739709864877,0.03482652865396819,2.064387002247134,-0.5632846135173439,0.0,,,,,2.2129527165365417,,Marco Rossi,Filip Use the Forceberg,Philip,2.195876812047358,-0.017075904489183648,105,32,False
Luostarinen,Eetu Luostarinen,FLA,Florida Panthers,C,27.0,9.333333333333332,31.11111111111111,3.1111111111111107,3.1111111111111107,0.0,133.77777777777777,-3.1111111111111107,31.11111111111111,31.11111111111111,177.33333333333334,,,,,eetuluostarinen,,9.333333333333332,31.11111111111111,-3.1111111111111107,31.11111111111111,3.1111111111111107,3.1111111111111107,133.77777777777777,31.11111111111111,177.33333333333334,,,,,,False,False,['C'],2,0.0,0.0,-0.22117888485240383,0.5963908847444686,0.006493355196764271,-0.21261892165185345,-0.33820740234833874,1.4093502594754466,0.253100745052897,-0.3955579198670838,1.0535492519155516,0.0,,,,,2.151321367665448,,,,,2.1342454631762644,-0.017075904489183648,106,32,False
Point,Brayden Point,TBL,Tampa Bay Lightning,C,28.0,18.0,39.0,12.0,0.0,0.0,189.0,-21.0,24.0,414.0,12.0,,,,,braydenpoint,,18.0,39.0,-21.0,24.0,12.0,0.0,189.0,414.0,12.0,,,,,,False,False,['C'],3,0.0,0.0,0.47751441734002037,1.0402801368267307,-0.6946596836680456,-0.4011661688965146,0.4653394644754805,-0.34202739709864877,1.1279578865873137,1.4408740995448732,-1.1496089823007016,0.0,,,,,1.9645037728105075,,Brayden Point,KYYYYLE….,jeremy elgressy,2.0431240830627906,0.07862031025228297,107,32,False
Huberdeau,Jonathan Huberdeau,CGY,Calgary Flames,L,31.0,18.967741935483872,32.516129032258064,13.548387096774194,0.0,1.0,135.48387096774192,-2.7096774193548385,89.41935483870967,8.129032258064516,48.7741935483871,,,,,jonathanhuberdeau,,18.967741935483872,32.516129032258064,-2.7096774193548385,89.41935483870967,13.548387096774194,0.0,135.48387096774192,8.129032258064516,48.7741935483871,,,,,,False,False,"['C', 'LW']",2,0.0,0.0,0.5555322798677105,0.675447943725044,0.022227504736507545,1.333392478638543,0.6053121445028555,-0.34202739709864877,0.2801294981761773,-0.505785786757817,-0.6595724863967223,0.0,,,,,1.9646561793936494,,Jonathan Huberdeau,KYYYYLE….,jeremy elgressy,1.9475802749044657,-0.017075904489183648,108,32,False
Kelly,Parker Kelly,COL,Colorado Avalanche,C,35.0,16.8,14.4,0.0,2.4,2.0,120.0,24.0,24.0,60.0,180.0,,,,,parkerkelly,,16.8,14.4,24.0,24.0,0.0,2.4,120.0,60.0,180.0,,,,,,False,False,['C'],2,0.0,0.0,0.3807722678056848,-0.3439040943142951,1.0691103830415696,-0.4011661688965146,-0.6194488057366755,1.0090353665442249,0.03482652865396819,-0.2569994970443592,1.0890840621448459,0.0,,,,,1.9613100421984488,,,,,1.9442341377092651,-0.017075904489183648,109,32,False
Roy,Nicolas Roy,TOR,Toronto Maple Leafs,C,32.0,7.875,21.0,2.625,2.625,0.0,94.5,7.875,15.75,538.125,91.875,,,,,nicolasroy,,7.875,21.0,7.875,15.75,2.625,2.625,94.5,538.125,91.875,,,,,,False,False,['C'],3,0.0,0.0,-0.33874746935593664,0.027462406723541066,0.43709277580395733,-0.6199104362077035,-0.38215137162776636,1.1356975006357444,-0.36915679927792033,2.0362090152980894,-0.08523036965136765,0.0,,,,,1.8412652523406376,,,,,1.9198855625929205,0.07862031025228297,110,32,False
Poehling,Ryan Poehling,ANA,Anaheim Ducks,C,29.0,5.793103448275862,31.86206896551724,0.0,5.793103448275862,0.0,81.10344827586208,0.0,11.586206896551724,431.58620689655174,34.758620689655174,,,,,ryanpoehling,,5.793103448275862,31.86206896551724,0.0,11.586206896551724,0.0,5.793103448275862,81.10344827586208,431.58620689655174,34.758620689655174,,,,,,False,False,['C'],2,0.0,0.0,-0.5065867589575319,0.6386455197168449,0.12843301412977468,-0.730311147922755,-0.6194488057366755,2.9191585841082883,-0.5813914482319955,1.5252219988494233,-0.8463377570679304,0.0,,,,,1.9273831988874432,,,,,1.9103072943982595,-0.017075904489183648,111,32,False
Holloway,Dylan Holloway,STL,St. Louis Blues,L,33.0,20.363636363636363,22.909090909090907,7.636363636363637,0.0,1.0,193.45454545454547,-28.0,28.0,28.0,231.63636363636365,,,,,dylanholloway,,20.363636363636363,22.909090909090907,-28.0,28.0,7.636363636363637,0.0,193.45454545454547,28.0,231.63636363636365,,,,,,False,False,"['C', 'LW']",2,0.0,0.0,0.6680671361197723,0.13488246900721254,-0.9690239162673191,-0.2951083423213927,0.07087100258015111,-0.34202739709864877,1.1985289492206919,-0.4104795961710695,1.7771672056757286,0.0,,,,,1.8328775107451265,,Dylan Holloway,The Makar Of The Devil,Lev,1.8158016062559428,-0.017075904489183648,112,32,False
Krebs,Peyton Krebs,BUF,Buffalo Sabres,C,35.0,2.4,24.0,2.4,0.0,0.0,100.8,-14.4,96.0,290.40000000000003,203.99999999999997,,,,,peytonkrebs,,2.4,24.0,-14.4,96.0,2.4,0.0,100.8,290.40000000000003,203.99999999999997,,,,,,False,False,['C'],2,0.0,0.0,-0.7801335266063429,0.19626536174073933,-0.43597340721730216,1.5078747094556793,-0.4024911516942443,-0.34202739709864877,-0.2693491535535715,0.8480572166679551,1.408897354208495,0.0,,,,,1.731120005902759,,,,,1.7140441014135752,-0.017075904489183648,113,32,False
Beniers,Matty Beniers,SEA,Seattle Kraken,C,33.0,10.181818181818182,35.63636363636364,12.727272727272728,0.0,1.0,150.1818181818182,-12.727272727272728,15.272727272727273,554.909090909091,30.545454545454547,,,,,mattybeniers,,10.181818181818182,35.63636363636364,-12.727272727272728,15.272727272727273,12.727272727272728,0.0,150.1818181818182,554.909090909091,30.545454545454547,,,,,,False,False,['C'],3,0.0,0.0,-0.15277534477762097,0.8510162175650237,-0.37041104514163165,-0.632565063242235,0.5310842081247023,-0.34202739709864877,0.5129814836393052,2.1167097633130583,-0.9024805293424268,0.0,,,,,1.611532293039526,,,,,1.6901526032918088,0.07862031025228297,114,32,False
Suter,Pius Suter,STL,St. Louis Blues,C,35.0,16.8,16.8,4.8,2.4,2.0,141.6,-7.2,28.8,348.00000000000006,62.400000000000006,,,,,piussuter,,16.8,16.8,-7.2,28.8,4.8,2.4,141.6,348.00000000000006,62.400000000000006,,,,,,False,False,['C'],2,0.0,0.0,0.3807722678056848,-0.20886173030053645,-0.15377019654376375,-0.2738967770063683,-0.18553349765181307,1.0090353665442249,0.3770241711374501,1.1243213950960336,-0.4780010689670373,0.0,,,,,1.5910899301138746,,,,,1.5740140256246908,-0.017075904489183648,115,32,False
Hallander,Filip Hallander,PIT,Pittsburgh Penguins,C,13.0,6.461538461538462,19.384615384615387,0.0,6.461538461538462,1.0,142.15384615384616,25.846153846153847,12.923076923076923,0.0,19.384615384615387,,,,,filiphallander,,6.461538461538462,19.384615384615387,25.846153846153847,12.923076923076923,0.0,6.461538461538462,142.15384615384616,0.0,19.384615384615387,,,,,,False,False,['C'],2,0.0,0.0,-0.4526985589516685,-0.06343149213187325,1.141470180650169,-0.6948647655660829,-0.6194488057366755,3.29544927424755,0.38579846966266784,-0.544774682906941,-1.0512048924349633,0.0,,,,,1.3962947268321828,,,,,1.379218822342999,-0.017075904489183648,116,32,False
Finnie,Emmitt Finnie,DET,Detroit Red Wings,C,37.0,18.16216216216216,22.702702702702705,15.891891891891893,0.0,1.0,149.83783783783784,6.810810810810811,9.08108108108108,22.702702702702705,138.48648648648648,,,,,emmittfinnie,,18.16216216216216,22.702702702702705,6.810810810810811,9.08108108108108,15.891891891891893,0.0,149.83783783783784,22.702702702702705,138.48648648648648,,,,,,False,False,['C'],3,0.0,0.0,0.4905876807906062,0.12326948930086995,0.39538199719933814,-0.7967331977442664,0.8171626872469906,-0.34202739709864877,0.5075319807332527,-0.43588677474272086,0.535893502899614,0.0,,,,,1.2951799685850354,,,,,1.3738002788373183,0.07862031025228297,117,32,False
Colton,Ross Colton,COL,Colorado Avalanche,C,35.0,12.0,21.599999999999998,0.0,0.0,2.0,182.39999999999998,14.4,16.8,69.60000000000001,196.8,,,,,rosscolton,,12.0,21.599999999999998,14.4,16.8,0.0,0.0,182.39999999999998,69.60000000000001,196.8,,,,,,False,False,"['C', 'LW']",2,0.0,0.0,-0.0061963303316578565,0.0612229977269806,0.6928394354768516,-0.592070256731734,-0.6194488057366755,-0.34202739709864877,1.0233974958284715,-0.2109554673063461,1.3129533665894009,0.0,,,,,1.3197150384166423,,Ross Colton,KYYYYLE….,jeremy elgressy,1.3026391339274586,-0.017075904489183648,118,32,False
Dowd,Nic Dowd,WSH,Washington Capitals,C,28.0,6.0,15.0,0.0,0.0,0.0,93.0,0.0,75.0,525.0,129.0,,,,,nicdowd,,6.0,15.0,0.0,75.0,0.0,0.0,93.0,525.0,129.0,,,,,,False,False,['C'],2,0.0,0.0,-0.48990707800333605,-0.31014350331085544,0.12843301412977468,0.9510711199362895,-0.6194488057366755,-0.34202739709864877,-0.3929205244503844,1.9732581933906497,0.4094808165095904,0.0,,,,,1.3077958353664039,,,,,1.2907199308772201,-0.017075904489183648,119,32,False
Glass,Cody Glass,NJD,New Jersey Devils,C,25.0,20.16,6.72,3.36,0.0,1.0,144.48,10.08,33.6,534.24,43.68,,,,,codyglass,,20.16,6.72,10.08,33.6,3.36,0.0,144.48,534.24,43.68,,,,,,False,False,['C'],2,0.0,0.0,0.6516502865018245,-0.7760396591583227,0.5235175090727285,-0.146627385116222,-0.3157080900772718,-0.34202739709864877,0.422650523468581,2.017575572013487,-0.7274554367766841,0.0,,,,,1.3075359228294716,,,,,1.290460018340288,-0.017075904489183648,120,32,False
Copp,Andrew Copp,DET,Detroit Red Wings,C,37.0,6.810810810810811,38.5945945945946,11.351351351351353,0.0,0.0,111.24324324324324,-4.54054054054054,31.783783783783786,447.2432432432433,45.40540540540541,,,,,andrewcopp,,6.810810810810811,38.5945945945946,-4.54054054054054,31.783783783783786,11.351351351351353,0.0,111.24324324324324,447.2432432432433,45.40540540540541,,,,,,False,False,['C'],3,0.0,0.0,-0.42454076075040653,1.0174689266892716,-0.04953297458326756,-0.19478337123681788,0.40670226068022897,-0.34202739709864877,-0.10390224532582186,1.600317107928196,-0.7044634541580541,0.0,,,,,1.2052380921446797,,,,,1.2838584023969626,0.07862031025228297,121,32,False
Gourde,Yanni Gourde,TBL,Tampa Bay Lightning,C,35.0,12.0,16.8,0.0,0.0,1.0,129.6,4.8,52.8,379.2,112.8,,,,,yannigourde,,12.0,16.8,4.8,52.8,0.0,0.0,129.6,379.2,112.8,,,,,,False,False,['C'],3,0.0,0.0,-0.0061963303316578565,-0.20886173030053645,0.3165684879121336,0.36245018244436294,-0.6194488057366755,-0.34202739709864877,0.1869143697577379,1.2739644917445758,0.19360684436662684,0.0,,,,,1.1569701127579184,,,,,1.2355904230102013,0.07862031025228297,122,32,False
Dach,Colton Dach,CHI,Chicago Blackhawks,C,35.0,7.2,7.2,4.8,0.0,1.0,103.2,-28.8,103.2,50.4,297.59999999999997,,,,,coltondach,,7.2,7.2,-28.8,103.2,4.8,0.0,103.2,50.4,297.59999999999997,,,,,,False,False,['C'],3,0.0,0.0,-0.3931649284690004,-0.749031186355571,-1.000379828564379,1.6987787972908988,-0.18553349765181307,-0.34202739709864877,-0.2313271932776289,-0.3030435267823723,2.6561691932567286,0.0,,,,,1.150440432348214,,,,,1.229060742600497,0.07862031025228297,123,32,False
Finley,Jack Finley,TBL,Tampa Bay Lightning,C,12.0,14.0,7.0,0.0,0.0,1.0,70.0,21.0,70.0,371.0,133.0,,,,,jackfinley,,14.0,7.0,21.0,70.0,0.0,0.0,70.0,371.0,133.0,,,,,,False,False,['C'],3,0.0,0.0,0.15504058555890154,-0.7602847166900508,0.9515257119275952,0.8184988367173871,-0.6194488057366755,-0.34202739709864877,-0.7572976437614996,1.2346352163433565,0.462783031853532,0.0,,,,,1.1434248191138974,,,,,1.2220451293661803,0.07862031025228297,124,32,False
Wennberg,Alexander Wennberg,SJS,San Jose Sharks,C,36.0,16.333333333333332,35.0,14.0,0.0,2.0,105.0,-28.0,18.666666666666664,632.3333333333334,23.333333333333336,,,,,alexanderwennberg,,16.333333333333332,35.0,-28.0,18.666666666666664,14.0,0.0,105.0,632.3333333333334,23.333333333333336,,,,,,False,False,['C'],2,0.0,0.0,0.3431503207645541,0.8152095301371329,-0.9690239162673191,-0.5425766043300104,0.6461375095108398,-0.34202739709864877,-0.20281072307067213,2.488056025878157,-0.9985860388262002,0.0,,,,,1.2375287066978335,,,,,1.2204528022086498,-0.017075904489183648,125,32,False
Schenn,Brayden Schenn,STL,St. Louis Blues,C,37.0,13.621621621621623,18.16216216216216,4.54054054054054,0.0,1.0,115.78378378378378,-40.86486486486487,52.21621621621622,458.5945945945946,186.16216216216216,,,,,braydenschenn,,13.621621621621623,18.16216216216216,-40.86486486486487,52.21621621621622,4.54054054054054,0.0,115.78378378378378,458.5945945945946,186.16216216216216,,,,,,False,False,"['C', 'LW']",2,0.0,0.0,0.12453630417420122,-0.13221606423867355,-1.4732608842876056,0.34697147261988576,-0.20898837916991375,-0.34202739709864877,-0.031968806965930845,1.6547610620103057,1.17119828578281,0.0,,,,,1.1090055928264304,,Brayden Schenn,Hintz 57,Ryan,1.0919296883372467,-0.017075904489183648,126,32,False
Danault,Phillip Danault,MTL,Montréal Canadiens,C,30.0,0.0,14.0,0.0,2.8,0.0,117.6,8.4,16.8,613.1999999999999,61.599999999999994,,,,,phillipdanault,,0.0,14.0,8.4,16.8,0.0,2.8,117.6,613.1999999999999,61.599999999999994,,,,,,False,False,['C'],2,0.0,0.0,-0.9736178256750143,-0.3664111549832549,0.45767009324890284,-0.592070256731734,-0.6194488057366755,1.2342124938180372,-0.003195431621974355,2.3962877166086445,-0.48866151203582575,0.0,,,,,1.0447653168911055,,,,,1.0276894124019218,-0.017075904489183648,127,32,False
Kindel,Ben Kindel,PIT,Pittsburgh Penguins,C,32.0,21.0,15.75,18.375,0.0,0.0,191.625,-23.625,21.0,270.375,34.125,,,,,benkindel,,21.0,15.75,-23.625,21.0,18.375,0.0,191.625,270.375,34.125,,,,,,False,False,['C'],2,0.0,0.0,0.7193697911758594,-0.2679427645565559,-0.7975462708927732,-0.480709538827856,1.0416332330256886,-0.34202739709864877,1.1695444056391258,0.7520122483863182,-0.8547811036795246,0.0,,,,,0.9395526031716336,,,,,0.92247669868245,-0.017075904489183648,128,32,False
Howden,Brett Howden,VGK,Vegas Golden Knights,C,30.0,14.0,11.2,0.0,0.0,0.0,98.0,-8.4,50.4,476.0,151.20000000000002,,,,,bretthowden,,14.0,11.2,-8.4,50.4,0.0,0.0,98.0,476.0,151.20000000000002,,,,,,False,False,['C'],2,0.0,0.0,0.15504058555890154,-0.5239605796659733,-0.2008040649893535,0.29881548649928985,-0.6194488057366755,-0.34202739709864877,-0.3137081072088376,1.7382417916028745,0.7053081116684665,0.0,,,,,0.8974570206300436,,,,,0.88038111614086,-0.017075904489183648,129,32,False
McMichael,Connor McMichael,WSH,Washington Capitals,C,36.0,11.666666666666668,30.333333333333332,2.333333333333333,0.0,1.0,161.0,11.666666666666668,18.666666666666664,371.0,35.0,,,,,connormcmichael,,11.666666666666668,30.333333333333332,11.666666666666668,18.666666666666664,2.333333333333333,0.0,161.0,371.0,35.0,,,,,,False,False,"['C', 'LW']",2,0.0,0.0,-0.03306914964675099,0.5526271556659356,0.5857067351285639,-0.5425766043300104,-0.40851775319542294,-0.34202739709864877,0.6843683500346517,1.2346352163433565,-0.8431212440730373,0.0,,,,,0.8880253088286372,,Connor McMichael,Better Safe Than Sorokin,Harley Pesner,0.8709494043394536,-0.017075904489183648,130,32,False
Evans,Jake Evans,MTL,Montréal Canadiens,C,34.0,12.352941176470589,12.352941176470589,0.0,2.4705882352941178,0.0,84.0,-32.11764705882353,44.470588235294116,583.0588235294118,108.70588235294119,,,,,jakeevans,,12.352941176470589,12.352941176470589,-32.11764705882353,44.470588235294116,0.0,2.4705882352941178,84.0,583.0588235294118,108.70588235294119,,,,,,False,False,['C'],2,0.0,0.0,0.022257243060793845,-0.45908728714955976,-1.1304146413257152,0.14160035534087384,-0.6194488057366755,1.0487725066513685,-0.5355028754851686,2.2517230055929716,0.1390504592498868,0.0,,,,,0.8589499601987757,,,,,0.8418740557095921,-0.017075904489183648,131,32,False
Drury,Jack Drury,COL,Colorado Avalanche,C,35.0,12.0,14.4,0.0,0.0,0.0,96.0,24.0,33.6,597.5999999999999,31.200000000000003,,,,,jackdrury,,12.0,14.4,24.0,33.6,0.0,0.0,96.0,597.5999999999999,31.200000000000003,,,,,,False,False,['C'],2,0.0,0.0,-0.0061963303316578565,-0.3439040943142951,1.0691103830415696,-0.146627385116222,-0.6194488057366755,-0.34202739709864877,-0.34539307410545633,2.321466168284373,-0.8937583486497819,0.0,,,,,0.6932211159732052,,,,,0.6761452114840216,-0.017075904489183648,132,32,False
Joshua,Dakota Joshua,TOR,Toronto Maple Leafs,C,33.0,15.272727272727273,10.181818181818182,0.0,0.0,2.0,76.36363636363636,-7.636363636363637,63.63636363636363,5.090909090909091,290.1818181818182,,,,,dakotajoshua,,15.272727272727273,10.181818181818182,-7.636363636363637,63.63636363636363,0.0,0.0,76.36363636363636,5.090909090909091,290.1818181818182,,,,,,False,False,['C'],3,0.0,0.0,0.25764589567107576,-0.5812512795505981,-0.1708734214330691,0.6497704762569658,-0.6194488057366755,-0.34202739709864877,-0.6564818399995309,-0.5203573944095098,2.5573178120734195,0.0,,,,,0.5742940457734287,,,,,0.6529143560257117,0.07862031025228297,133,32,False
Lorentz,Steven Lorentz,TOR,Toronto Maple Leafs,C,28.0,9.0,18.0,0.0,3.0,0.0,78.0,-3.0,30.0,90.0,189.0,,,,,stevenlorentz,,9.0,18.0,-3.0,30.0,0.0,3.0,78.0,90.0,189.0,,,,,,False,False,['C'],3,0.0,0.0,-0.24805170416749697,-0.1413405482936572,0.010848343015800342,-0.24207942903383176,-0.6194488057366755,1.3468010574549434,-0.6305577761750247,-0.11311190411306833,1.2090140466687145,0.0,,,,,0.5720732796197037,,,,,0.6506935898719867,0.07862031025228297,134,32,False
Hayton,Barrett Hayton,UTA,Utah Mammoth,C,33.0,10.181818181818182,10.181818181818182,7.636363636363637,0.0,0.0,140.0,-5.090909090909091,66.18181818181817,483.6363636363636,22.909090909090907,,,,,barretthayton,,10.181818181818182,10.181818181818182,-5.090909090909091,66.18181818181817,7.636363636363637,0.0,140.0,483.6363636363636,22.909090909090907,,,,,,False,False,['C'],1,0.0,0.0,-0.15277534477762097,-0.5812512795505981,-0.07110460957878784,0.7172618204411342,0.07087100258015111,-0.34202739709864877,0.3516761976201553,1.7748677243490212,-1.0042393040899518,0.0,,,,,0.7632788098948542,,,,,0.6505066906642039,-0.11277211923065028,135,32,False
Stenlund,Kevin Stenlund,UTA,Utah Mammoth,C,38.0,6.63157894736842,15.473684210526315,0.0,2.2105263157894735,0.0,79.57894736842105,-8.842105263157894,35.368421052631575,680.8421052631578,53.05263157894736,,,,,kevinstenlund,,6.63157894736842,15.473684210526315,-8.842105263157894,35.368421052631575,0.0,2.2105263157894735,79.57894736842105,680.8421052631578,53.05263157894736,,,,,,False,False,['C'],1,0.0,0.0,-0.43899015719579104,-0.28349040515024526,-0.21813233231141282,-0.09973866178827352,-0.6194488057366755,0.9023725167829453,-0.6055433286250625,2.720716373512671,-0.6025599300865642,0.0,,,,,0.7551852694015911,,,,,0.6424131501709409,-0.11277211923065028,136,32,False
Lowry,Adam Lowry,WPG,Winnipeg Jets,C,23.0,3.652173913043478,14.608695652173912,0.0,0.0,0.0,76.69565217391303,3.652173913043478,36.52173913043478,507.6521739130435,193.56521739130434,,,,,adamlowry,,3.652173913043478,14.608695652173912,3.652173913043478,36.52173913043478,0.0,0.0,76.69565217391303,507.6521739130435,193.56521739130434,,,,,,False,False,['C'],1,0.0,0.0,-0.679185196657471,-0.33216128005222917,0.2715795702685261,-0.06915905961787218,-0.6194488057366755,-0.34202739709864877,-0.6512218850206457,1.8900536287825553,1.2698480967895174,0.0,,,,,0.7382776716570564,,,,,0.6255055524264062,-0.11277211923065028,137,32,False
Carrick,Sam Carrick,NYR,New York Rangers,C,38.0,2.2105263157894735,11.052631578947368,0.0,2.2105263157894735,0.0,92.8421052631579,4.421052631578947,61.89473684210526,294.0,121.57894736842105,,,,,samcarrick,,2.2105263157894735,11.052631578947368,4.421052631578947,61.89473684210526,0.0,2.2105263157894735,92.8421052631579,294.0,121.57894736842105,,,,,,False,False,['C'],2,0.0,0.0,-0.7954086028486065,-0.5322526546492743,0.3017156873503684,0.6035921881309558,-0.6194488057366755,0.9023725167829453,-0.3954219692053804,0.8653237278197098,0.310591180147804,0.0,,,,,0.6410632677918466,,,,,0.623987363302663,-0.017075904489183648,138,32,False
Blueger,Teddy Blueger,VAN,Vancouver Canucks,C,2.0,42.0,0.0,0.0,0.0,1.0,84.0,0.0,0.0,378.0,126.0,,,,,teddyblueger,,42.0,0.0,0.0,0.0,0.0,0.0,84.0,378.0,126.0,,,,,,False,False,['C'],2,0.0,0.0,2.4123574080267334,-1.1541582783968467,0.12843301412977468,-1.0375131283472458,-0.6194488057366755,-0.34202739709864877,-0.5355028754851686,1.2682089880273242,0.3695041550016342,0.0,,,,,0.48985308012088097,,,,,0.4727771756316973,-0.017075904489183648,139,32,False
Beck,Owen Beck,MTL,Montréal Canadiens,C,9.0,9.333333333333332,0.0,0.0,0.0,0.0,74.66666666666666,37.33333333333333,37.33333333333333,317.3333333333333,168.0,,,,,owenbeck,,9.333333333333332,0.0,37.33333333333333,37.33333333333333,0.0,0.0,74.66666666666666,317.3333333333333,168.0,,,,,,False,False,['C'],2,0.0,0.0,-0.22117888485240383,-1.1541582783968467,1.5917089213258997,-0.047640080312775085,-0.6194488057366755,-0.34202739709864877,-0.683366054336056,0.9772363000996026,0.9291774161130211,0.0,,,,,0.43030313680511745,,,,,0.4132272323159338,-0.017075904489183648,140,32,False
Donato,Ryan Donato,CHI,Chicago Blackhawks,C,35.0,19.2,14.4,2.4,0.0,2.0,141.6,-14.4,57.6,175.20000000000002,98.4,,,,,ryandonato,,19.2,14.4,-14.4,57.6,2.4,0.0,141.6,175.20000000000002,98.4,,,,,,False,False,"['C', 'LW', 'RW']",3,0.0,0.0,0.5742565668743559,-0.3439040943142951,-0.43597340721730216,0.4897195743345093,-0.4024911516942443,-0.34202739709864877,0.3770241711374501,0.2955288598117979,0.0017188691284371715,0.0,,,,,0.21385199096205998,,Ryan Donato,KYYYYLE….,jeremy elgressy,0.292472301214343,0.07862031025228297,141,32,False
Kuraly,Sean Kuraly,BOS,Boston Bruins,C,37.0,6.810810810810811,15.891891891891893,0.0,0.0,0.0,118.05405405405406,4.54054054054054,49.94594594594595,408.64864864864865,90.81081081081082,,,,,seankuraly,,6.810810810810811,15.891891891891893,4.54054054054054,49.94594594594595,0.0,0.0,118.05405405405406,408.64864864864865,90.81081081081082,,,,,,False,False,['C'],2,0.0,0.0,-0.42454076075040653,-0.2599588410084451,0.3063990028428169,0.286776489969141,-0.6194488057366755,-0.34202739709864877,0.003997912214014993,1.4152076640490214,-0.09941127998358171,0.0,,,,,0.26699398449723677,,,,,0.24991808000805313,-0.017075904489183648,142,32,False
O'Brien,Liam O'Brien,UTA,Utah Mammoth,C,19.0,8.842105263157894,4.421052631578947,0.0,0.0,0.0,92.8421052631579,-13.26315789473684,128.21052631578948,4.421052631578947,198.9473684210526,,,,,liamobrien,,8.842105263157894,4.421052631578947,-13.26315789473684,128.21052631578948,0.0,0.0,92.8421052631579,4.421052631578947,198.9473684210526,,,,,,False,False,['C'],1,0.0,0.0,-0.2607809343693833,-0.9053960288978179,-0.3914150055320066,2.3619193129290292,-0.6194488057366755,-0.34202739709864877,-0.3954219692053804,-0.5235701955275929,1.341568240089832,0.0,,,,,0.2654272166513558,,,,,0.15265509742070554,-0.11277211923065028,143,32,False
Henrique,Adam Henrique,EDM,Edmonton Oilers,C,37.0,4.54054054054054,15.891891891891893,4.54054054054054,2.27027027027027,0.0,129.40540540540542,-20.432432432432435,27.243243243243246,458.5945945945946,52.21621621621622,,,,,adamhenrique,,4.54054054054054,15.891891891891893,-20.432432432432435,27.243243243243246,4.54054054054054,2.27027027027027,129.40540540540542,458.5945945945946,52.21621621621622,,,,,,False,False,['C'],2,0.0,0.0,-0.6075664490586091,-0.2599588410084451,-0.6724139350789154,-0.3151733365383076,-0.20898837916991375,0.9360049468878533,0.18383150811374285,1.6547610620103057,-0.6137056280318832,0.0,,,,,0.09679094812582767,,,,,0.07971504363664403,-0.017075904489183648,144,32,False
Laba,Noah Laba,NYR,New York Rangers,C,38.0,11.052631578947368,13.26315789473684,6.63157894736842,0.0,1.0,88.42105263157895,2.2105263157894735,35.368421052631575,362.5263157894737,106.10526315789473,,,,,noahlaba,,11.052631578947368,13.26315789473684,2.2105263157894735,35.368421052631575,6.63157894736842,0.0,88.42105263157895,362.5263157894737,106.10526315789473,,,,,,False,False,['C'],2,0.0,0.0,-0.08257171154297549,-0.4078715298997598,0.21507435074007156,-0.09973866178827352,-0.019960551145747213,-0.34202739709864877,-0.46546242234527463,1.193993282199606,0.10439576815939815,0.0,,,,,0.09583112727839636,,,,,0.07875522278921271,-0.017075904489183648,145,32,False
Robidas,Justin Robidas,CAR,Carolina Hurricanes,C,2.0,0.0,42.0,0.0,0.0,0.0,84.0,0.0,0.0,504.0,126.0,,,,,justinrobidas,,0.0,42.0,0.0,0.0,0.0,0.0,84.0,504.0,126.0,,,,,,False,False,['C'],2,0.0,0.0,-0.9736178256750143,1.2090830918439288,0.12843301412977468,-1.0375131283472458,-0.6194488057366755,-0.34202739709864877,-0.5355028754851686,1.872536878338746,0.3695041550016342,0.0,,,,,0.07144710697133067,,,,,0.05437120248214702,-0.017075904489183648,146,32,False
Frank,Ethen Frank,WSH,Washington Capitals,C,25.0,20.16,23.520000000000003,6.72,0.0,0.0,117.6,20.16,26.88,3.36,63.84,,,,,ethenfrank,,20.16,23.520000000000003,20.16,26.88,6.72,0.0,117.6,3.36,63.84,,,,,,False,False,['C'],2,0.0,0.0,0.6516502865018245,0.1692568889379878,0.9186020040156823,-0.32480453376242685,-0.011967374417868127,-0.34202739709864877,-0.003195431621974355,-0.5286592724986364,-0.45881227144321834,0.0,,,,,0.07004289861272173,,,,,0.05296699412353808,-0.017075904489183648,147,32,False
Karlsson,Linus Karlsson,VAN,Vancouver Canucks,C,32.0,18.375,18.375,2.625,0.0,1.0,126.0,-2.625,57.75,18.375,110.25,,,,,linuskarlsson,,18.375,18.375,-2.625,57.75,2.625,0.0,126.0,18.375,110.25,,,,,,False,False,['C'],2,0.0,0.0,0.5077463390695003,-0.12024017891650741,0.025546426905047135,0.49369674283107634,-0.38215137162776636,-0.34202739709864877,0.12988142934382432,-0.4566435322365253,0.1596266820848641,0.0,,,,,0.01543514035486429,,,,,-0.0016407641343193571,-0.017075904489183648,148,32,False
Eyssimont,Michael Eyssimont,BOS,Boston Bruins,C,35.0,14.4,19.2,9.6,0.0,1.0,182.39999999999998,-14.4,50.4,2.4,62.400000000000006,,,,,michaeleyssimont,,14.4,19.2,-14.4,50.4,9.6,0.0,182.39999999999998,2.4,62.400000000000006,,,,,,False,False,['C'],2,0.0,0.0,0.18728796873701345,-0.07381936628677793,-0.43597340721730216,0.29881548649928985,0.2483818104330493,-0.34202739709864877,1.0233974958284715,-0.5332636754724377,-0.4780010689670373,0.0,,,,,-0.10520215354437978,,,,,-0.12227805803356342,-0.017075904489183648,149,32,False
Kasper,Marco Kasper,DET,Detroit Red Wings,C,36.0,7.0,4.666666666666666,2.333333333333333,0.0,0.0,133.0,-30.333333333333332,63.0,284.6666666666667,189.0,,,,,marcokasper,,7.0,4.666666666666666,-30.333333333333332,63.0,2.333333333333333,0.0,133.0,284.6666666666667,189.0,,,,,,False,False,['C'],3,0.0,0.0,-0.4092886200580564,-0.8915759039256494,-1.060478660467077,0.6328976402109238,-0.40851775319542294,-0.34202739709864877,0.2407788134819898,0.8205586989077527,1.2090140466687145,0.0,,,,,-0.20863913547547397,,,,,-0.130018825223191,0.07862031025228297,150,32,False
Douglas,Curtis Douglas,TBL,Tampa Bay Lightning,C,26.0,0.0,6.461538461538462,0.0,0.0,0.0,48.46153846153846,3.230769230769231,187.3846153846154,6.461538461538462,93.6923076923077,,,,,curtisdouglas,,0.0,6.461538461538462,3.230769230769231,187.3846153846154,0.0,0.0,48.46153846153846,6.461538461538462,93.6923076923077,,,,,,False,False,['C'],3,0.0,0.0,-0.9736178256750143,-0.790582682975189,0.25506265994482397,3.930888131979618,-0.6194488057366755,-0.34202739709864877,-1.098520364186624,-0.5137835090448167,-0.06101373816097109,0.0,,,,,-0.213043530953498,,,,,-0.13442322070121504,0.07862031025228297,151,32,False
Sillinger,Cole Sillinger,CBJ,Columbus Blue Jackets,C,34.0,7.411764705882353,29.647058823529413,2.4705882352941178,0.0,1.0,165.52941176470588,0.0,39.529411764705884,32.11764705882353,96.35294117647058,,,,,colesillinger,,7.411764705882353,29.647058823529413,0.0,39.529411764705884,2.4705882352941178,0.0,165.52941176470588,32.11764705882353,96.35294117647058,,,,,,False,False,['C'],2,0.0,0.0,-0.3760927844335294,0.514012100596642,0.12843301412977468,0.010587746042193966,-0.39611004422240803,-0.34202739709864877,0.7561254809475824,-0.390730318709912,-0.025559323429933133,0.0,,,,,-0.12136152617823834,,,,,-0.13843743066742198,-0.017075904489183648,152,32,False
Girgensons,Zemgus Girgensons,TBL,Tampa Bay Lightning,C,28.0,15.0,3.0,0.0,0.0,0.0,120.0,-6.0,24.0,108.00000000000001,245.99999999999997,,,,,zemgusgirgensons,,15.0,3.0,-6.0,24.0,0.0,0.0,120.0,108.00000000000001,245.99999999999997,,,,,,False,False,['C'],3,0.0,0.0,0.23565904350418124,-0.9853553233796485,-0.106736328098174,-0.4011661688965146,-0.6194488057366755,-0.34202739709864877,0.03482652865396819,-0.02677934835429373,1.968570615319882,0.0,,,,,-0.24245718408592398,,,,,-0.163836873833641,0.07862031025228297,153,32,False
Fabbri,Robby Fabbri,STL,St. Louis Blues,C,5.0,0.0,33.6,0.0,0.0,0.0,100.8,-16.8,100.8,0.0,151.20000000000002,,,,,robbyfabbri,,0.0,33.6,-16.8,100.8,0.0,0.0,100.8,0.0,151.20000000000002,,,,,,False,False,['C'],2,0.0,0.0,-0.9736178256750143,0.7364348177957738,-0.5300411441084817,1.6351441013458254,-0.6194488057366755,-0.34202739709864877,-0.2693491535535715,-0.544774682906941,0.7053081116684665,0.0,,,,,-0.202371978269267,,,,,-0.21944788275845065,-0.017075904489183648,154,32,False
Kulich,Jiri Kulich,BUF,Buffalo Sabres,C,12.0,21.0,14.0,0.0,0.0,0.0,140.0,-28.0,28.0,476.0,63.0,,,,,jirikulich,,21.0,14.0,-28.0,28.0,0.0,0.0,140.0,476.0,63.0,,,,,,False,False,['C'],2,0.0,0.0,0.7193697911758594,-0.3664111549832549,-0.9690239162673191,-0.2951083423213927,-0.6194488057366755,-0.34202739709864877,0.3516761976201553,1.7382417916028745,-0.4700057366654461,0.0,,,,,-0.2527375726738478,,,,,-0.26981347716303145,-0.017075904489183648,155,32,False
Acciari,Noel Acciari,PIT,Pittsburgh Penguins,C,22.0,7.636363636363637,19.09090909090909,0.0,0.0,0.0,76.36363636363636,0.0,45.81818181818181,362.72727272727275,118.36363636363637,,,,,noelacciari,,7.636363636363637,19.09090909090909,0.0,45.81818181818181,0.0,0.0,76.36363636363636,362.72727272727275,118.36363636363637,,,,,,False,False,['C'],2,0.0,0.0,-0.3579859650019693,-0.07995765556013061,0.12843301412977468,0.17733106696778647,-0.6194488057366755,-0.34202739709864877,-0.6564818399995309,1.1949571225350308,0.26774538025410943,0.0,,,,,-0.2874350795102537,,,,,-0.3045109839994374,-0.017075904489183648,156,32,False
Stenberg,Otto Stenberg,STL,St. Louis Blues,C,3.0,0.0,56.0,0.0,0.0,0.0,28.0,56.0,0.0,28.0,112.0,,,,,ottostenberg,,0.0,56.0,56.0,0.0,0.0,0.0,28.0,28.0,112.0,,,,,,False,False,['C'],2,0.0,0.0,-0.9736178256750143,1.9968302152575208,2.3233468749239625,-1.0375131283472458,-0.6194488057366755,-0.34202739709864877,-1.4226819485904925,-0.4104795961710695,0.18294640129783857,0.0,,,,,-0.3026452101398249,,,,,-0.3197211146290086,-0.017075904489183648,157,32,False
Bjugstad,Nick Bjugstad,STL,St. Louis Blues,C,25.0,13.44,3.36,0.0,0.0,0.0,131.04,-13.44,40.32,248.64,174.72,,,,,nickbjugstad,,13.44,3.36,-13.44,40.32,0.0,0.0,131.04,248.64,174.72,,,,,,False,False,['C'],2,0.0,0.0,0.10989424910954487,-0.9650989687775847,-0.39834631246083035,0.031549763529982726,-0.6194488057366755,-0.34202739709864877,0.20972754592330334,0.6477656873075979,1.0187251378908428,0.0,,,,,-0.3072591003124676,,,,,-0.3243350048016513,-0.017075904489183648,158,32,False
Cousins,Nick Cousins,OTT,Ottawa Senators,C,34.0,12.352941176470589,7.411764705882353,0.0,0.0,1.0,66.70588235294117,4.9411764705882355,81.52941176470588,19.764705882352942,177.88235294117646,,,,,nickcousins,,12.352941176470589,7.411764705882353,4.9411764705882355,81.52941176470588,0.0,0.0,66.70588235294117,19.764705882352942,177.88235294117646,,,,,,False,False,['C'],2,0.0,0.0,0.022257243060793845,-0.7371156836484746,0.3221018841998501,1.1241949250809737,-0.6194488057366755,-0.34202739709864877,-0.8094846480618128,-0.4499781510933846,1.0608652422568767,0.0,,,,,-0.4286353910405021,,,,,-0.44571129552968575,-0.017075904489183648,159,32,False
Kotkaniemi,Jesperi Kotkaniemi,CAR,Carolina Hurricanes,C,19.0,8.842105263157894,17.684210526315788,0.0,0.0,0.0,88.42105263157895,8.842105263157894,26.52631578947368,278.5263157894737,132.6315789473684,,,,,jesperikotkaniemi,,8.842105263157894,17.684210526315788,8.842105263157894,26.52631578947368,0.0,0.0,88.42105263157895,278.5263157894737,132.6315789473684,,,,,,False,False,['C'],2,0.0,0.0,-0.2607809343693833,-0.1591092804007308,0.4749983605709622,-0.3341822784280166,-0.6194488057366755,-0.34202739709864877,-0.46546242234527463,0.7911080219919914,0.45787361728237935,0.0,,,,,-0.4570311185333969,,,,,-0.47410702302258056,-0.017075904489183648,160,32,False
Toews,Jonathan Toews,WPG,Winnipeg Jets,C,35.0,7.2,14.4,7.2,0.0,0.0,120.0,-33.6,43.199999999999996,679.1999999999999,16.8,,,,,jonathantoews,,7.2,14.4,-33.6,43.199999999999996,7.2,0.0,120.0,679.1999999999999,16.8,,,,,,False,False,['C'],1,0.0,0.0,-0.3931649284690004,-0.3439040943142951,-1.1885153023467379,0.10791139866407036,0.03142415639061815,-0.34202739709864877,0.03482652865396819,2.7128404210574844,-1.0856463238879717,0.0,,,,,-0.4662555413505127,,,,,-0.5790276605811631,-0.11277211923065028,161,32,False
Wright,Shane Wright,SEA,Seattle Kraken,C,33.0,15.272727272727273,17.81818181818182,5.090909090909091,0.0,1.0,132.36363636363635,0.0,5.090909090909091,244.36363636363637,71.27272727272728,,,,,shanewright,,15.272727272727273,17.81818181818182,0.0,5.090909090909091,5.090909090909091,0.0,132.36363636363635,244.36363636363637,71.27272727272728,,,,,,False,False,['C'],3,0.0,0.0,0.25764589567107576,-0.15157103041591152,0.12843301412977468,-0.9025304399789089,-0.15923560019212443,-0.34202739709864877,0.23069723310579265,0.6272551649697559,-0.3597670640222941,0.0,,,,,-0.6711002238314887,,,,,-0.5924799135792057,0.07862031025228297,162,32,False
Kurashev,Philipp Kurashev,SJS,San Jose Sharks,C,31.0,16.258064516129032,24.38709677419355,2.7096774193548385,0.0,1.0,132.7741935483871,0.0,21.677419354838708,65.03225806451613,81.29032258064517,,,,,philippkurashev,,16.258064516129032,24.38709677419355,0.0,21.677419354838708,2.7096774193548385,0.0,132.7741935483871,65.03225806451613,81.29032258064517,,,,,,False,False,['C'],2,0.0,0.0,0.3370822647901783,0.21804638819457153,0.12843301412977468,-0.4627481327143273,-0.37449661568876924,-0.34202739709864877,0.237201478509791,-0.23286351371394914,-0.2262770584395195,0.0,,,,,-0.7176495720308984,,,,,-0.734725476520082,-0.017075904489183648,163,32,False
Strome,Ryan Strome,ANA,Anaheim Ducks,C,18.0,9.333333333333332,18.666666666666664,4.666666666666666,0.0,0.0,107.33333333333333,0.0,46.66666666666667,322.0,18.666666666666664,,,,,ryanstrome,,9.333333333333332,18.666666666666664,0.0,46.66666666666667,4.666666666666666,0.0,107.33333333333333,322.0,18.666666666666664,,,,,,False,False,['C'],2,0.0,0.0,-0.22117888485240383,-0.10382878051205771,0.12843301412977468,0.1998281816958429,-0.19758670065417042,-0.34202739709864877,-0.16584492835795037,0.9996188145555813,-1.0607719567274658,0.0,,,,,-0.763358637821498,,,,,-0.7804345423106817,-0.017075904489183648,164,32,False
Sturm,Nico Sturm,MIN,Minnesota Wild,C,15.0,11.2,16.8,0.0,0.0,0.0,100.8,16.8,0.0,369.6,78.4,,,,,nicosturm,,11.2,16.8,16.8,0.0,0.0,0.0,100.8,369.6,78.4,,,,,,False,False,['C'],2,0.0,0.0,-0.07069109668788168,-0.20886173030053645,0.786907172368031,-1.0375131283472458,-0.6194488057366755,-0.34202739709864877,-0.2693491535535715,1.227920462006563,-0.26479220759127087,0.0,,,,,-0.7978558849412367,,,,,-0.8149317894304203,-0.017075904489183648,165,32,False
Harkins,Jansen Harkins,ANA,Anaheim Ducks,C,15.0,11.2,0.0,0.0,0.0,0.0,50.4,-16.8,33.6,274.4,274.4,,,,,jansenharkins,,11.2,0.0,-16.8,33.6,0.0,0.0,50.4,274.4,274.4,,,,,,False,False,['C'],2,0.0,0.0,-0.07069109668788168,-1.1541582783968467,-0.5300411441084817,-0.146627385116222,-0.6194488057366755,-0.34202739709864877,-1.067810319348363,0.7713171671045996,2.3470163442618674,0.0,,,,,-0.8124709151266525,,,,,-0.8295468196158361,-0.017075904489183648,166,32,False
Greene,Ryan Greene,CHI,Chicago Blackhawks,C,35.0,9.6,19.2,4.8,0.0,0.0,100.8,4.8,9.6,350.40000000000003,60.0,,,,,ryangreene,,9.6,19.2,4.8,9.6,4.8,0.0,100.8,350.40000000000003,60.0,,,,,,False,False,['C'],3,0.0,0.0,-0.19968062940032916,-0.07381936628677793,0.3165684879121336,-0.7829743445669534,-0.18553349765181307,-0.34202739709864877,-0.2693491535535715,1.1358324025305369,-0.5099823981734023,0.0,,,,,-0.9109658962888256,,,,,-0.8323455860365426,0.07862031025228297,167,32,False
Eller,Lars Eller,OTT,Ottawa Senators,C,28.0,6.0,12.0,0.0,3.0,0.0,72.0,-18.0,18.0,474.00000000000006,63.0,,,,,larseller,,6.0,12.0,-18.0,18.0,0.0,3.0,72.0,474.00000000000006,63.0,,,,,,False,False,['C'],2,0.0,0.0,-0.48990707800333605,-0.4789464583280537,-0.5770750125540713,-0.5602529087591974,-0.6194488057366755,1.3468010574549434,-0.7256126768648808,1.7286492854074553,-0.4700057366654461,0.0,,,,,-0.8457983340492624,,,,,-0.862874238538446,-0.017075904489183648,168,32,False
Wiesblatt,Ozzy Wiesblatt,NSH,Nashville Predators,C,24.0,3.5,10.5,0.0,0.0,0.0,77.0,-21.0,105.0,0.0,210.0,,,,,ozzywiesblatt,,3.5,10.5,-21.0,105.0,0.0,0.0,77.0,0.0,210.0,,,,,,False,False,['C'],2,0.0,0.0,-0.6914532228665353,-0.5633479358366529,-0.6946596836680456,1.7465048192497037,-0.6194488057366755,-0.34202739709864877,-0.646400259623334,-0.544774682906941,1.488850677224408,0.0,,,,,-0.8667564912627213,,,,,-0.8838323957519049,-0.017075904489183648,169,32,False
Geekie,Conor Geekie,TBL,Tampa Bay Lightning,C,6.0,0.0,14.0,0.0,0.0,0.0,70.0,0.0,56.0,112.0,210.0,,,,,conorgeekie,,0.0,14.0,0.0,56.0,0.0,0.0,70.0,112.0,210.0,,,,,,False,False,['C'],3,0.0,0.0,-0.9736178256750143,-0.3664111549832549,0.12843301412977468,0.4472964437044605,-0.6194488057366755,-0.34202739709864877,-0.7572976437614996,-0.0075943359634550135,1.488850677224408,0.0,,,,,-1.001817028159905,,,,,-0.923196717907622,0.07862031025228297,170,32,False
Brindley,Gavin Brindley,COL,Colorado Avalanche,C,23.0,18.26086956521739,14.608695652173912,0.0,0.0,3.0,116.8695652173913,14.608695652173912,29.217391304347824,18.26086956521739,84.0,,,,,gavinbrindley,,18.26086956521739,14.608695652173912,14.608695652173912,29.217391304347824,0.0,0.0,116.8695652173913,18.26086956521739,84.0,,,,,,False,False,['C'],2,0.0,0.0,0.49854531941270197,-0.33216128005222917,0.7010192386847801,-0.2628298733637469,-0.6194488057366755,-0.34202739709864877,-0.014767332575522076,-0.45719093068789435,-0.19016910610975268,0.0,,,,,-1.0190301675269875,,,,,-1.0361060720161712,-0.017075904489183648,171,32,False
Teravainen,Teuvo Teravainen,CHI,Chicago Blackhawks,C,34.0,14.823529411764707,27.176470588235297,19.764705882352942,0.0,1.0,93.88235294117648,-12.352941176470589,9.882352941176471,69.17647058823529,34.588235294117645,,,,,teuvoteravainen,,14.823529411764707,27.176470588235297,-12.352941176470589,9.882352941176471,19.764705882352942,0.0,93.88235294117648,69.17647058823529,34.588235294117645,,,,,,False,False,['C'],3,0.0,0.0,0.22143225680795547,0.3749979023471847,-0.3557391610454138,-0.7754879097498859,1.167261286377464,-0.34202739709864877,-0.37894186258422896,-0.21298682155949378,-0.8486082368290314,0.0,,,,,-1.1500999433340984,,,,,-1.0714796330818155,0.07862031025228297,172,32,False
Kozak,Tyson Kozak,BUF,Buffalo Sabres,C,24.0,7.0,7.0,0.0,0.0,0.0,66.5,-14.0,7.0,420.0,217.0,,,,,tysonkozak,,7.0,7.0,-14.0,7.0,0.0,0.0,66.5,420.0,217.0,,,,,,False,False,['C'],2,0.0,0.0,-0.4092886200580564,-0.7602847166900508,-0.42029545106877225,-0.8519119318407826,-0.6194488057366755,-0.34202739709864877,-0.8127463358305823,1.4696516181311314,1.5821295540763056,0.0,,,,,-1.1642220861161314,,,,,-1.1812979906053152,-0.017075904489183648,173,32,False
James,Dominic James,TBL,Tampa Bay Lightning,C,22.0,7.636363636363637,19.09090909090909,0.0,0.0,0.0,95.45454545454547,3.8181818181818183,15.272727272727273,221.45454545454544,118.36363636363637,,,,,dominicjames,,7.636363636363637,19.09090909090909,3.8181818181818183,15.272727272727273,0.0,0.0,95.45454545454547,221.45454545454544,118.36363636363637,,,,,,False,False,['C'],3,0.0,0.0,-0.3579859650019693,-0.07995765556013061,0.2780862319111966,-0.632565063242235,-0.6194488057366755,-0.34202739709864877,-0.35403442871362484,0.5173773667313153,0.26774538025410943,0.0,,,,,-1.3228103364566628,,,,,-1.24419002620438,0.07862031025228297,174,32,False
LaBate,Joseph LaBate,VAN,Vancouver Canucks,C,1.0,0.0,0.0,0.0,0.0,0.0,168.0,-84.0,0.0,84.0,504.0,,,,,josephlabate,,0.0,0.0,-84.0,0.0,0.0,0.0,168.0,84.0,504.0,,,,,,False,False,['C'],2,0.0,0.0,-0.9736178256750143,-1.1541582783968467,-3.163937777061507,-1.0375131283472458,-0.6194488057366755,-0.34202739709864877,0.7952657341728172,-0.1418894226993265,5.406563505004116,0.0,,,,,-1.2307633958383315,,,,,-1.2478393003275152,-0.017075904489183648,175,32,False
Novak,Thomas Novak,PIT,Pittsburgh Penguins,C,35.0,14.4,26.4,9.6,0.0,1.0,124.80000000000001,-4.8,19.2,79.2,21.599999999999998,,,,,thomasnovak,,14.4,26.4,-4.8,19.2,9.6,0.0,124.80000000000001,79.2,21.599999999999998,,,,,,False,False,['C'],2,0.0,0.0,0.18728796873701345,0.33130772575449785,-0.05970245965258426,-0.5284355607866609,0.2483818104330493,-0.34202739709864877,0.11087044920585326,-0.16491143756833304,-1.021683665475242,0.0,,,,,-1.238912566451055,,,,,-1.2559884709402387,-0.017075904489183648,176,32,False
Lizotte,Blake Lizotte,PIT,Pittsburgh Penguins,C,27.0,9.333333333333332,6.222222222222221,0.0,0.0,0.0,96.44444444444444,3.1111111111111107,24.888888888888886,413.77777777777777,77.77777777777777,,,,,blakelizotte,,9.333333333333332,6.222222222222221,3.1111111111111107,24.888888888888886,0.0,0.0,96.44444444444444,413.77777777777777,77.77777777777777,,,,,,False,False,['C'],2,0.0,0.0,-0.22117888485240383,-0.8040484457685837,0.2503726730627851,-0.377597762990932,-0.6194488057366755,-0.34202739709864877,-0.3383519703506522,1.43980826552316,-0.27308366331143974,0.0,,,,,-1.2855559915233905,,,,,-1.3026318960125742,-0.017075904489183648,177,32,False
Cizikas,Casey Cizikas,NYI,New York Islanders,C,36.0,7.0,11.666666666666668,0.0,0.0,0.0,46.66666666666667,-4.666666666666666,18.666666666666664,296.3333333333333,198.33333333333334,,,,,caseycizikas,,7.0,11.666666666666668,-4.666666666666666,18.666666666666664,0.0,0.0,46.66666666666667,296.3333333333333,198.33333333333334,,,,,,False,False,['C'],3,0.0,0.0,-0.4092886200580564,-0.49770234221885346,-0.054476474269740935,-0.5425766043300104,-0.6194488057366755,-0.34202739709864877,-1.1269555908887177,0.876514985047699,1.333385882471245,0.0,,,,,-1.3825749670817589,,,,,-1.303954656829476,0.07862031025228297,178,32,False
Misa,Michael Misa,SJS,San Jose Sharks,C,7.0,12.0,24.0,0.0,0.0,0.0,156.0,-12.0,24.0,240.0,24.0,,,,,michaelmisa,,12.0,24.0,-12.0,24.0,0.0,0.0,156.0,240.0,24.0,,,,,,False,False,['C'],2,0.0,0.0,-0.0061963303316578565,0.19626536174073933,-0.3419056703261227,-0.4011661688965146,-0.6194488057366755,-0.34202739709864877,0.605155932793105,0.6063260605433861,-0.9897023362688768,0.0,,,,,-1.2926993535812659,,,,,-1.3097752580704496,-0.017075904489183648,179,32,False
Namestnikov,Vladislav Namestnikov,WPG,Winnipeg Jets,C,35.0,14.4,4.8,4.8,0.0,1.0,117.6,-16.8,48.0,151.20000000000002,108.00000000000001,,,,,vladislavnamestnikov,,14.4,4.8,-16.8,48.0,4.8,0.0,117.6,151.20000000000002,108.00000000000001,,,,,,False,False,['C'],1,0.0,0.0,0.18728796873701345,-0.8840735503693296,-0.5300411441084817,0.23518079055421673,-0.18553349765181307,-0.34202739709864877,-0.003195431621974355,0.18041878546676515,0.12964418595389715,0.0,,,,,-1.2123392901383552,,,,,-1.3251114093690055,-0.11277211923065028,180,32,False
Pitlick,Tyler Pitlick,MIN,Minnesota Wild,C,23.0,3.652173913043478,0.0,0.0,0.0,0.0,69.3913043478261,-3.652173913043478,87.65217391304347,0.0,211.82608695652175,,,,,tylerpitlick,,3.652173913043478,0.0,-3.652173913043478,87.65217391304347,0.0,0.0,69.3913043478261,0.0,211.82608695652175,,,,,,False,False,['C'],2,0.0,0.0,-0.679185196657471,-1.1541582783968467,-0.01471354200897668,1.286536636603251,-0.6194488057366755,-0.34202739709864877,-0.7669408945561225,-0.544774682906941,1.5131842972727292,0.0,,,,,-1.3215278634857024,,,,,-1.3386037679748861,-0.017075904489183648,181,32,False
Quillan,Jacob Quillan,TOR,Toronto Maple Leafs,C,2.0,0.0,0.0,0.0,0.0,0.0,42.0,42.0,0.0,126.0,252.0,,,,,jacobquillan,,0.0,0.0,42.0,0.0,0.0,0.0,42.0,126.0,252.0,,,,,,False,False,['C'],3,0.0,0.0,-0.9736178256750143,-1.1541582783968467,1.7746184097254156,-1.0375131283472458,-0.6194488057366755,-0.34202739709864877,-1.2008871803141614,0.05955320740448074,2.0485239383357947,0.0,,,,,-1.4449570601029018,,,,,-1.366336749850619,0.07862031025228297,182,32,False
Domi,Max Domi,TOR,Toronto Maple Leafs,C,33.0,7.636363636363637,22.909090909090907,7.636363636363637,0.0,1.0,127.27272727272727,-33.090909090909086,45.81818181818181,249.45454545454547,40.72727272727273,,,,,maxdomi,,7.636363636363637,22.909090909090907,-33.090909090909086,45.81818181818181,7.636363636363637,0.0,127.27272727272727,249.45454545454547,40.72727272727273,,,,,,False,False,['C'],3,0.0,0.0,-0.3579859650019693,0.13488246900721254,-1.1685615399758815,0.17733106696778647,0.07087100258015111,-0.34202739709864877,0.15004459009621793,0.6516724534671868,-0.7668021630123937,0.0,,,,,-1.4505754829703386,,,,,-1.3719551727180557,0.07862031025228297,183,32,False
Kerfoot,Alexander Kerfoot,UTA,Utah Mammoth,C,2.0,42.0,0.0,0.0,0.0,0.0,84.0,0.0,0.0,126.0,84.0,,,,,alexanderkerfoot,,42.0,0.0,0.0,0.0,0.0,0.0,84.0,126.0,84.0,,,,,,False,False,['C'],1,0.0,0.0,2.4123574080267334,-1.1541582783968467,0.12843301412977468,-1.0375131283472458,-0.6194488057366755,-0.34202739709864877,-0.5355028754851686,0.05955320740448074,-0.19016910610975268,0.0,,,,,-1.2784759616133492,,,,,-1.3912480808439995,-0.11277211923065028,184,32,False
Rempe,Matt Rempe,NYR,New York Rangers,C,13.0,6.461538461538462,0.0,0.0,0.0,0.0,64.61538461538461,-6.461538461538462,45.230769230769226,12.923076923076923,284.3076923076923,,,,,mattrempe,,6.461538461538462,0.0,-6.461538461538462,45.230769230769226,0.0,0.0,64.61538461538461,12.923076923076923,284.3076923076923,,,,,,False,False,['C'],2,0.0,0.0,-0.4526985589516685,-1.1541582783968467,-0.1248262775003239,0.16175614138682454,-0.6194488057366755,-0.34202739709864877,-0.8426033238677807,-0.48279233518269266,2.4790418314984004,0.0,,,,,-1.3777570038494122,,,,,-1.394832908338596,-0.017075904489183648,185,32,False
Fisker Molgaard,Oscar Fisker Molgaard,SEA,Seattle Kraken,C,2.0,0.0,42.0,0.0,0.0,0.0,42.0,42.0,0.0,210.0,42.0,,,,,oscarfiskermolgaard,,0.0,42.0,42.0,0.0,0.0,0.0,42.0,210.0,42.0,,,,,,False,False,['C'],3,0.0,0.0,-0.9736178256750143,1.2090830918439288,1.7746184097254156,-1.0375131283472458,-0.6194488057366755,-0.34202739709864877,-1.2008871803141614,0.4624384676120952,-0.7498423672211395,0.0,,,,,-1.4771967352114457,,,,,-1.3985764249591628,0.07862031025228297,186,32,False
MacLean,Kyle MacLean,NYI,New York Islanders,C,22.0,3.8181818181818183,7.636363636363637,0.0,0.0,0.0,61.09090909090909,-19.09090909090909,95.45454545454547,76.36363636363636,175.63636363636363,,,,,kylemaclean,,3.8181818181818183,7.636363636363637,-19.09090909090909,95.45454545454547,0.0,0.0,61.09090909090909,76.36363636363636,175.63636363636363,,,,,,False,False,['C'],3,0.0,0.0,-0.6658018953384918,-0.7244780292621603,-0.6198330747773347,1.4934122785590722,-0.6194488057366755,-0.34202739709864877,-0.8984397690282555,-0.1785153554454733,1.0309361908605459,0.0,,,,,-1.5241958572674215,,,,,-1.4455755470151386,0.07862031025228297,187,32,False
Steel,Sam Steel,DAL,Dallas Stars,C,37.0,13.621621621621623,13.621621621621623,6.810810810810811,0.0,4.0,90.81081081081082,-15.891891891891893,40.86486486486487,174.8108108108108,79.45945945945945,,,,,samsteel,,13.621621621621623,13.621621621621623,-15.891891891891893,40.86486486486487,6.810810810810811,0.0,90.81081081081082,174.8108108108108,79.45945945945945,,,,,,False,False,['C'],2,0.0,0.0,0.12453630417420122,-0.38770161777821677,-0.49444794636587325,0.04599655936616162,-0.003758165886532815,-0.34202739709864877,-0.4276027179453317,0.293662209957554,-0.2506743235272,0.0,,,,,-1.4420170951038864,,,,,-1.4590929995930702,-0.017075904489183648,188,32,False
Sissons,Colton Sissons,VGK,Vegas Golden Knights,C,30.0,2.8,5.6,2.8,0.0,0.0,75.60000000000001,-19.6,42.0,470.4,123.19999999999999,,,,,coltonsissons,,2.8,5.6,-19.6,42.0,2.8,0.0,75.60000000000001,470.4,123.19999999999999,,,,,,False,False,['C'],2,0.0,0.0,-0.7478861434282312,-0.8390594290314101,-0.6397868371481911,0.07609405069153391,-0.3663315426871724,-0.34202739709864877,-0.668579736450967,1.7113827742557002,0.3321926042608749,0.0,,,,,-1.4840016566365113,,,,,-1.501077561125695,-0.017075904489183648,189,32,False
Hryckowian,Justin Hryckowian,DAL,Dallas Stars,C,36.0,11.666666666666668,14.0,2.333333333333333,0.0,1.0,86.33333333333333,-9.333333333333332,35.0,128.33333333333331,130.66666666666666,,,,,justinhryckowian,,11.666666666666668,14.0,-9.333333333333332,35.0,2.333333333333333,0.0,86.33333333333333,128.33333333333331,130.66666666666666,,,,,,False,False,['C'],2,0.0,0.0,-0.03306914964675099,-0.3664111549832549,-0.23738596266925657,-0.10950714581492939,-0.40851775319542294,-0.34202739709864877,-0.4985370807724468,0.07074446463246993,0.43169007290289924,0.0,,,,,-1.4930211066453414,,,,,-1.510097011134525,-0.017075904489183648,190,32,False
Savoie,Matt Savoie,EDM,Edmonton Oilers,C,37.0,15.891891891891893,11.351351351351353,6.810810810810811,2.27027027027027,1.0,115.78378378378378,2.27027027027027,4.54054054054054,38.5945945945946,13.621621621621623,,,,,mattsavoie,,15.891891891891893,11.351351351351353,2.27027027027027,4.54054054054054,6.810810810810811,2.27027027027027,115.78378378378378,38.5945945945946,13.621621621621623,,,,,,False,False,['C'],2,0.0,0.0,0.3075619924824038,-0.5154443945479884,0.2174160084862958,-0.9171231630457561,-0.003758165886532815,0.9360049468878533,-0.031968806965930845,-0.35966523902776676,-1.1279999760801847,0.0,,,,,-1.4949767976976067,,,,,-1.5120527021867904,-0.017075904489183648,191,32,False
Mittelstadt,Casey Mittelstadt,BOS,Boston Bruins,C,27.0,24.888888888888886,21.777777777777775,6.222222222222221,0.0,0.0,90.22222222222223,-9.333333333333332,6.222222222222221,202.22222222222223,15.555555555555555,,,,,caseymittelstadt,,24.888888888888886,21.777777777777775,-9.333333333333332,6.222222222222221,6.222222222222221,0.0,90.22222222222223,202.22222222222223,15.555555555555555,,,,,,False,False,['C'],2,0.0,0.0,1.0328860165186136,0.07122613580207379,-0.23738596266925657,-0.8725342870081674,-0.056965998960002054,-0.34202739709864877,-0.43692742291791026,0.42513427685213095,-1.102229235328309,0.0,,,,,-1.5188238748094756,,,,,-1.5358997792986593,-0.017075904489183648,192,32,False
Appleton,Mason Appleton,DET,Detroit Red Wings,C,27.0,9.333333333333332,18.666666666666664,0.0,0.0,1.0,90.22222222222223,-6.222222222222221,68.44444444444444,6.222222222222221,93.33333333333334,,,,,masonappleton,,9.333333333333332,18.666666666666664,-6.222222222222221,68.44444444444444,0.0,0.0,90.22222222222223,6.222222222222221,93.33333333333334,,,,,,False,False,['C'],3,0.0,0.0,-0.22117888485240383,-0.10382878051205771,-0.11544630373624615,0.7772541263826175,-0.6194488057366755,-0.34202739709864877,-0.43692742291791026,-0.5149313302989695,-0.06579727030722214,0.0,,,,,-1.6423320690775165,,,,,-1.5637117588252336,0.07862031025228297,193,32,False
Ritchie,Calum Ritchie,NYI,New York Islanders,C,26.0,12.923076923076923,12.923076923076923,3.230769230769231,0.0,2.0,96.92307692307692,3.230769230769231,32.30769230769231,245.53846153846152,22.615384615384613,,,,,calumritchie,,12.923076923076923,12.923076923076923,3.230769230769231,32.30769230769231,3.230769230769231,0.0,96.92307692307692,245.53846153846152,22.615384615384613,,,,,,False,False,['C'],3,0.0,0.0,0.06822070777167727,-0.4270070875535312,0.25506265994482397,-0.1808922213943384,-0.32739042529494117,-0.34202739709864877,-0.3307692432300939,0.6328899238537781,-1.0081531031187028,0.0,,,,,-1.6600661861199768,,,,,-1.581445875867694,0.07862031025228297,194,32,False
Dewar,Connor Dewar,PIT,Pittsburgh Penguins,C,35.0,14.4,12.0,0.0,0.0,1.0,127.19999999999999,-14.4,19.2,28.8,165.60000000000002,,,,,connordewar,,14.4,12.0,-14.4,19.2,0.0,0.0,127.19999999999999,28.8,165.60000000000002,,,,,,False,False,['C'],2,0.0,0.0,0.18728796873701345,-0.4789464583280537,-0.43597340721730216,-0.5284355607866609,-0.6194488057366755,-0.34202739709864877,0.14889240948179536,-0.40664259369290173,0.8971960869066564,0.0,,,,,-1.5780977577347775,,,,,-1.5951736622239612,-0.017075904489183648,195,32,False
Goncalves,Gage Goncalves,TBL,Tampa Bay Lightning,C,31.0,8.129032258064516,13.548387096774194,2.7096774193548385,0.0,0.0,59.612903225806456,10.838709677419354,62.32258064516129,8.129032258064516,94.83870967741936,,,,,gagegoncalves,,8.129032258064516,13.548387096774194,10.838709677419354,62.32258064516129,2.7096774193548385,0.0,59.612903225806456,8.129032258064516,94.83870967741936,,,,,,False,False,['C'],3,0.0,0.0,-0.318267780442418,-0.39182235251272557,0.5532550517028433,0.6149362340973951,-0.37449661568876924,-0.34202739709864877,-0.9218550524826482,-0.505785786757817,-0.04573729679068505,0.0,,,,,-1.7318009959734735,,,,,-1.6531806857211906,0.07862031025228297,196,32,False
Nesterenko,Nikita Nesterenko,ANA,Anaheim Ducks,C,23.0,3.652173913043478,25.56521739130435,0.0,0.0,1.0,80.34782608695653,3.652173913043478,29.217391304347824,32.869565217391305,149.7391304347826,,,,,nikitanesterenko,,3.652173913043478,25.56521739130435,3.652173913043478,29.217391304347824,0.0,0.0,80.34782608695653,32.869565217391305,149.7391304347826,,,,,,False,False,['C'],2,0.0,0.0,-0.679185196657471,0.28433646870623425,0.2715795702685261,-0.2628298733637469,-0.6194488057366755,-0.34202739709864877,-0.5933623802529069,-0.3871239289126571,0.6858412156298092,0.0,,,,,-1.6422203274175367,,,,,-1.6592962319067204,-0.017075904489183648,197,32,False
Frederic,Trent Frederic,EDM,Edmonton Oilers,C,36.0,4.666666666666666,2.333333333333333,0.0,0.0,1.0,86.33333333333333,-21.0,63.0,98.0,212.33333333333331,,,,,trentfrederic,,4.666666666666666,2.333333333333333,-21.0,63.0,0.0,0.0,86.33333333333333,98.0,212.33333333333331,,,,,,False,False,['C'],2,0.0,0.0,-0.5973983552637091,-1.022867091161248,-0.6946596836680456,0.6328976402109238,-0.6194488057366755,-0.34202739709864877,-0.4985370807724468,-0.07474187933139076,1.5199436361750402,0.0,,,,,-1.6968390166462006,,,,,-1.7139149211353844,-0.017075904489183648,198,32,False
Veleno,Joseph Veleno,MTL,Montréal Canadiens,C,31.0,5.419354838709677,2.7096774193548385,0.0,0.0,1.0,84.0,-18.967741935483872,35.225806451612904,270.96774193548384,195.0967741935484,,,,,josephveleno,,5.419354838709677,2.7096774193548385,-18.967741935483872,35.225806451612904,0.0,0.0,84.0,270.96774193548384,195.0967741935484,,,,,,False,False,['C'],2,0.0,0.0,-0.5367177955199501,-1.0016910932200225,-0.6150055516230954,-0.10352001044375314,-0.6194488057366755,-0.34202739709864877,-0.5355028754851686,0.754855188730525,1.2902569394106904,0.0,,,,,-1.7088014009860988,,,,,-1.7258773054752825,-0.017075904489183648,199,32,False
Bäck,Oskar Back,DAL,Dallas Stars,C,27.0,9.333333333333332,12.444444444444443,0.0,3.1111111111111107,1.0,52.88888888888889,18.666666666666664,18.666666666666664,24.888888888888886,34.22222222222222,,,,,oskarback,,9.333333333333332,12.444444444444443,18.666666666666664,18.666666666666664,0.0,3.1111111111111107,52.88888888888889,24.888888888888886,34.22222222222222,,,,,,False,False,['C'],2,0.0,0.0,-0.22117888485240383,-0.45393861314032075,0.8600709677278372,-0.5425766043300104,-0.6194488057366755,1.4093502594754466,-1.0283801383214595,-0.4254012724750552,-0.8534855637232481,0.0,,,,,-1.8749886553758897,,,,,-1.8920645598650734,-0.017075904489183648,200,32,False
Duchene,Matt Duchene,DAL,Dallas Stars,C,12.0,14.0,14.0,7.0,0.0,1.0,70.0,0.0,14.0,280.0,28.0,,,,,mattduchene,,14.0,14.0,0.0,14.0,7.0,0.0,70.0,280.0,28.0,,,,,,False,False,"['C', 'RW']",2,0.0,0.0,0.15504058555890154,-0.3664111549832549,0.12843301412977468,-0.6663107353343193,0.013344351887082202,-0.34202739709864877,-0.7572976437614996,0.7981761844517741,-0.9364001209249352,0.0,,,,,-1.973452916075125,,Matt Duchene,KYYYYLE….,jeremy elgressy,-1.9905288205643088,-0.017075904489183648,201,32,False
Kampf,David Kampf,VAN,Vancouver Canucks,C,15.0,5.6,0.0,0.0,0.0,0.0,61.599999999999994,-16.8,22.4,739.2,61.599999999999994,,,,,davidkampf,,5.6,0.0,-16.8,22.4,0.0,0.0,61.599999999999994,739.2,61.599999999999994,,,,,,False,False,['C'],2,0.0,0.0,-0.5221544611814479,-1.1541582783968467,-0.5300411441084817,-0.44358929952656334,-0.6194488057366755,-0.34202739709864877,-0.8903745047272982,3.000615606920067,-0.48866151203582575,0.0,,,,,-1.9898397958917209,,,,,-2.0069157003809046,-0.017075904489183648,202,32,False
Glendening,Luke Glendening,NJD,New Jersey Devils,C,36.0,0.0,7.0,0.0,2.333333333333333,0.0,37.33333333333333,-11.666666666666668,4.666666666666666,478.33333333333337,107.33333333333333,,,,,lukeglendening,,0.0,7.0,-11.666666666666668,4.666666666666666,0.0,2.333333333333333,37.33333333333333,478.33333333333337,107.33333333333333,,,,,,False,False,['C'],2,0.0,0.0,-0.9736178256750143,-0.7602847166900508,-0.32884070686901445,-0.9137789973429371,-0.6194488057366755,0.9715058453319227,-1.2748187697396052,1.749433048830864,0.12076048339657329,0.0,,,,,-2.0290904444939373,,,,,-2.046166348983121,-0.017075904489183648,203,32,False
Sasson,Max Sasson,VAN,Vancouver Canucks,C,32.0,18.375,5.25,2.625,0.0,0.0,84.0,2.625,26.25,199.5,42.0,,,,,maxsasson,,18.375,5.25,2.625,26.25,2.625,0.0,84.0,199.5,42.0,,,,,,False,False,['C'],2,0.0,0.0,0.5077463390695003,-0.8587531071167498,0.23131960135450225,-0.3415086414480085,-0.38215137162776636,-0.34202739709864877,-0.5355028754851686,0.4120778100861434,-0.7498423672211395,0.0,,,,,-2.0586420094873357,,,,,-2.0757179139765194,-0.017075904489183648,204,32,False
Dunne,Josh Dunne,BUF,Buffalo Sabres,C,22.0,3.8181818181818183,7.636363636363637,0.0,0.0,0.0,64.9090909090909,-15.272727272727273,110.72727272727272,72.54545454545455,87.81818181818181,,,,,joshdunne,,3.8181818181818183,7.636363636363637,-15.272727272727273,110.72727272727272,0.0,0.0,64.9090909090909,72.54545454545455,87.81818181818181,,,,,,False,False,['C'],2,0.0,0.0,-0.6658018953384918,-0.7244780292621603,-0.4701798569959129,1.8983603436640824,-0.6194488057366755,-0.34202739709864877,-0.8379502867710744,-0.19682832181854665,-0.1392897187359903,0.0,,,,,-2.0976439680934185,,,,,-2.114719872582602,-0.017075904489183648,205,32,False
Ostapchuk,Zack Ostapchuk,SJS,San Jose Sharks,C,14.0,0.0,6.0,0.0,0.0,0.0,48.0,-12.0,12.0,330.0,228.0,,,,,zackostapchuk,,0.0,6.0,-12.0,12.0,0.0,0.0,48.0,330.0,228.0,,,,,,False,False,['C'],2,0.0,0.0,-0.9736178256750143,-0.8165523683624503,-0.3419056703261227,-0.7193396486218803,-0.6194488057366755,-0.34202739709864877,-1.1058322796243054,1.037988839337259,1.728710646272145,0.0,,,,,-2.152024509835693,,,,,-2.169100414324877,-0.017075904489183648,206,32,False
Nielsen,Tristen Nielsen,COL,Colorado Avalanche,C,4.0,0.0,21.0,0.0,0.0,0.0,63.0,21.0,0.0,0.0,189.0,,,,,tristennielsen,,0.0,21.0,21.0,0.0,0.0,0.0,63.0,0.0,189.0,,,,,,False,False,['C'],2,0.0,0.0,-0.9736178256750143,0.027462406723541066,0.9515257119275952,-1.0375131283472458,-0.6194488057366755,-0.34202739709864877,-0.868195027899665,-0.544774682906941,1.2090140466687145,0.0,,,,,-2.19757470234434,,,,,-2.2146506068335237,-0.017075904489183648,207,32,False
Halliday,Stephen Halliday,OTT,Ottawa Senators,C,12.0,0.0,21.0,21.0,0.0,0.0,98.0,-21.0,0.0,119.0,84.0,,,,,stephenhalliday,,0.0,21.0,-21.0,0.0,21.0,0.0,98.0,119.0,84.0,,,,,,False,False,['C'],2,0.0,0.0,-0.9736178256750143,0.027462406723541066,-0.6946596836680456,-1.0375131283472458,1.2789306671345977,-0.34202739709864877,-0.3137081072088376,0.02597943572051286,-0.19016910610975268,0.0,,,,,-2.219322738528893,,,,,-2.236398643018077,-0.017075904489183648,208,32,False
Parssinen,Juuso Parssinen,NYR,New York Rangers,C,14.0,12.0,6.0,0.0,0.0,0.0,72.0,18.0,12.0,84.0,120.0,,,,,juusoparssinen,,12.0,6.0,18.0,12.0,0.0,0.0,72.0,84.0,120.0,,,,,,False,False,['C'],2,0.0,0.0,-0.0061963303316578565,-0.8165523683624503,0.8339410408136209,-0.7193396486218803,-0.6194488057366755,-0.34202739709864877,-0.7256126768648808,-0.1418894226993265,0.2895508319857218,0.0,,,,,-2.2475747769161774,,,,,-2.264650681405361,-0.017075904489183648,209,32,False
Sundqvist,Oskar Sundqvist,STL,St. Louis Blues,C,28.0,3.0,27.000000000000004,3.0,0.0,0.0,63.0,-36.0,36.0,306.0,105.0,,,,,oskarsundqvist,,3.0,27.000000000000004,-36.0,36.0,3.0,0.0,63.0,306.0,105.0,,,,,,False,False,['C'],2,0.0,0.0,-0.7317624518391752,0.36506831675793777,-1.2825830392379174,-0.08299268917114892,-0.3482517381836365,-0.34202739709864877,-0.868195027899665,0.9228787649922261,0.08966752444594074,0.0,,,,,-2.278197737234087,,,,,-2.295273641723271,-0.017075904489183648,210,32,False
Gaudreau,Freddy Gaudreau,SEA,Seattle Kraken,C,20.0,4.2,21.0,0.0,0.0,0.0,75.60000000000001,-8.4,29.4,369.6,29.4,,,,,freddygaudreau,,4.2,21.0,-8.4,29.4,0.0,0.0,75.60000000000001,369.6,29.4,,,,,,False,False,['C'],3,0.0,0.0,-0.6350203023048395,0.027462406723541066,-0.2008040649893535,-0.25798810302010006,-0.6194488057366755,-0.34202739709864877,-0.668579736450967,1.227920462006563,-0.9177443455545555,0.0,,,,,-2.386229886425036,,,,,-2.3076095761727533,0.07862031025228297,211,32,False
Svechkov,Fedor Svechkov,NSH,Nashville Predators,C,33.0,2.5454545454545454,17.81818181818182,0.0,0.0,0.0,106.9090909090909,-7.636363636363637,25.454545454545457,262.1818181818182,66.18181818181817,,,,,fedorsvechkov,,2.5454545454545454,17.81818181818182,-7.636363636363637,25.454545454545457,0.0,0.0,106.9090909090909,262.1818181818182,66.18181818181817,,,,,,False,False,['C'],2,0.0,0.0,-0.768407205450666,-0.15157103041591152,-0.1708734214330691,-0.3625996865055611,-0.6194488057366755,-0.34202739709864877,-0.1725659819420816,0.7127156747107649,-0.4276062471873109,0.0,,,,,-2.3023841010591597,,,,,-2.3194600055483434,-0.017075904489183648,212,32,False
Bourque,Mavrik Bourque,DAL,Dallas Stars,C,37.0,11.351351351351353,15.891891891891893,4.54054054054054,0.0,0.0,138.48648648648648,-11.351351351351353,9.08108108108108,113.51351351351352,40.86486486486487,,,,,mavrikbourque,,11.351351351351353,15.891891891891893,-11.351351351351353,9.08108108108108,4.54054054054054,0.0,138.48648648648648,113.51351351351352,40.86486486486487,,,,,,False,False,['C'],2,0.0,0.0,-0.05848938413400134,-0.2599588410084451,-0.316481957652831,-0.7967331977442664,-0.20898837916991375,-0.34202739709864877,0.32769838483352487,-0.0003351420858403266,-0.7649686715755013,0.0,,,,,-2.4202845856359234,,,,,-2.437360490125107,-0.017075904489183648,213,32,False
Zary,Connor Zary,CGY,Calgary Flames,C,34.0,9.882352941176471,14.823529411764707,2.4705882352941178,0.0,0.0,113.64705882352942,-7.411764705882353,24.705882352941178,106.23529411764706,56.82352941176471,,,,,connorzary,,9.882352941176471,14.823529411764707,-7.411764705882353,24.705882352941178,2.4705882352941178,0.0,113.64705882352942,106.23529411764706,56.82352941176471,,,,,,False,False,['C'],2,0.0,0.0,-0.17691777068636777,-0.3200730889001024,-0.1620702909753384,-0.382450081853846,-0.39611004422240803,-0.34202739709864877,-0.06581983678234993,-0.03524332440907562,-0.5523106280053559,0.0,,,,,-2.433022462933493,,,,,-2.450098367422677,-0.017075904489183648,214,32,False
Edstrom,Adam Edstrom,NYR,New York Rangers,C,24.0,7.0,7.0,0.0,0.0,1.0,73.5,17.5,7.0,7.0,168.0,,,,,adamedstrom,,7.0,7.0,17.5,7.0,0.0,0.0,73.5,7.0,168.0,,,,,,False,False,['C'],2,0.0,0.0,-0.4092886200580564,-0.7602847166900508,0.8143435956279584,-0.8519119318407826,-0.6194488057366755,-0.34202739709864877,-0.7018489516924168,-0.5112009112229732,0.9291774161130211,0.0,,,,,-2.4524903225986248,,,,,-2.4695662270878085,-0.017075904489183648,215,32,False
Boqvist,Jesper Boqvist,FLA,Florida Panthers,C,35.0,7.2,9.6,0.0,0.0,1.0,79.2,-7.2,19.2,45.599999999999994,182.39999999999998,,,,,jesperboqvist,,7.2,9.6,-7.2,19.2,0.0,0.0,79.2,45.599999999999994,182.39999999999998,,,,,,False,False,['C'],2,0.0,0.0,-0.3931649284690004,-0.6139888223418124,-0.15377019654376375,-0.5284355607866609,-0.6194488057366755,-0.34202739709864877,-0.6115467960370534,-0.32606554165137885,1.1210653913512105,0.0,,,,,-2.4673826573137836,,,,,-2.4844585618029673,-0.017075904489183648,216,32,False
Helenius,Samuel Helenius,LAK,Los Angeles Kings,C,7.0,0.0,0.0,0.0,0.0,0.0,24.0,-24.0,60.0,156.0,252.0,,,,,samuelhelenius,,0.0,0.0,-24.0,60.0,0.0,0.0,24.0,156.0,252.0,,,,,,False,False,['C'],3,0.0,0.0,-0.9736178256750143,-1.1541582783968467,-0.81224435478202,0.5533542702795824,-0.6194488057366755,-0.34202739709864877,-1.4860518823837299,0.2034408003357716,2.0485239383357947,0.0,,,,,-2.5822295351217863,,,,,-2.5036092248695034,0.07862031025228297,217,32,False
Blackwell,Colin Blackwell,DAL,Dallas Stars,C,35.0,4.8,12.0,0.0,0.0,1.0,60.0,-2.4,33.6,139.20000000000002,129.6,,,,,colinblackwell,,4.8,12.0,-2.4,33.6,0.0,0.0,60.0,139.20000000000002,129.6,,,,,,False,False,['C'],2,0.0,0.0,-0.5866492275376717,-0.4789464583280537,0.03436527723859521,-0.146627385116222,-0.6194488057366755,-0.34202739709864877,-0.9157224782445931,0.1228637482942488,0.41747614881118156,0.0,,,,,-2.514716577717839,,,,,-2.5317924822070226,-0.017075904489183648,218,32,False
Ostlund,Noah Ostlund,BUF,Buffalo Sabres,C,24.0,17.5,10.5,3.5,0.0,0.0,87.5,14.0,7.0,140.0,3.5,,,,,noahostlund,,17.5,10.5,14.0,7.0,3.5,0.0,87.5,140.0,3.5,,,,,,False,False,['C'],2,0.0,0.0,0.4372051883673805,-0.5633479358366529,0.6771614793283217,-0.8519119318407826,-0.3030522269247966,-0.34202739709864877,-0.4800541834160858,0.1267007507724165,-1.2628761899065775,0.0,,,,,-2.5622024465554256,,,,,-2.5792783510446093,-0.017075904489183648,219,32,False
Danielson,Nate Danielson,DET,Detroit Red Wings,C,22.0,7.636363636363637,19.09090909090909,11.454545454545453,0.0,0.0,110.72727272727272,-22.909090909090907,7.636363636363637,175.63636363636363,26.727272727272727,,,,,natedanielson,,7.636363636363637,19.09090909090909,-22.909090909090907,7.636363636363637,11.454545454545453,0.0,110.72727272727272,175.63636363636363,26.727272727272727,,,,,,False,False,['C'],3,0.0,0.0,-0.3579859650019693,-0.07995765556013061,-0.7694862925587564,-0.8350390957947404,0.41603090673856424,-0.34202739709864877,-0.1120764996849005,0.2976217702544347,-0.9533599167161895,0.0,,,,,-2.7362801454223367,,,,,-2.6576598351700538,0.07862031025228297,220,32,False
Beecher,John Beecher,CGY,Calgary Flames,C,21.0,4.0,8.0,0.0,4.0,0.0,80.0,-24.0,8.0,132.0,60.0,,,,,johnbeecher,,4.0,8.0,-24.0,8.0,0.0,4.0,80.0,132.0,60.0,,,,,,False,False,['C'],2,0.0,0.0,-0.6511439938938954,-0.7040170650176514,-0.81224435478202,-0.8253974751970021,-0.6194488057366755,1.909743875639474,-0.598872809278406,0.0883307259907389,-0.5099823981734023,0.0,,,,,-2.7230323004488395,,,,,-2.740108204938023,-0.017075904489183648,221,32,False
Turcotte,Alex Turcotte,LAK,Los Angeles Kings,C,33.0,5.090909090909091,10.181818181818182,0.0,0.0,0.0,81.45454545454545,-7.636363636363637,38.18181818181818,308.0,30.545454545454547,,,,,alexturcotte,,5.090909090909091,10.181818181818182,-7.636363636363637,38.18181818181818,0.0,0.0,81.45454545454545,308.0,30.545454545454547,,,,,,False,False,['C'],3,0.0,0.0,-0.5631965852263177,-0.5812512795505981,-0.1708734214330691,-0.02514296558471885,-0.6194488057366755,-0.34202739709864877,-0.575829196989956,0.9324712711876455,-0.9024805293424268,0.0,,,,,-2.8477789097747657,,,,,-2.7691585995224828,0.07862031025228297,222,32,False
Meyers,Ben Meyers,SEA,Seattle Kraken,C,15.0,5.6,16.8,0.0,0.0,0.0,89.6,-22.4,11.2,224.0,112.0,,,,,benmeyers,,5.6,16.8,-22.4,11.2,0.0,0.0,89.6,224.0,112.0,,,,,,False,False,['C'],3,0.0,0.0,-0.5221544611814479,-0.20886173030053645,-0.7495325301879003,-0.7405512139369046,-0.6194488057366755,-0.34202739709864877,-0.44678496817463625,0.529586010980031,0.18294640129783857,0.0,,,,,-2.9168286943388804,,,,,-2.8382083840865975,0.07862031025228297,223,32,False
Khusnutdinov,Marat Khusnutdinov,BOS,Boston Bruins,C,32.0,10.5,18.375,2.625,0.0,1.0,89.25,-7.875,26.25,84.0,42.0,,,,,maratkhusnutdinov,,10.5,18.375,-7.875,26.25,2.625,0.0,89.25,84.0,42.0,,,,,,False,False,['C'],2,0.0,0.0,-0.12712401724957742,-0.12024017891650741,-0.18022674754440796,-0.3415086414480085,-0.38215137162776636,-0.34202739709864877,-0.4523298373815445,-0.1418894226993265,-0.7498423672211395,0.0,,,,,-2.837339981186927,,,,,-2.8544158856761106,-0.017075904489183648,224,32,False
Moore,Oliver Moore,CHI,Chicago Blackhawks,C,23.0,10.956521739130434,21.913043478260867,3.652173913043478,0.0,0.0,102.2608695652174,-10.956521739130434,14.608695652173912,25.56521739130435,47.47826086956521,,,,,olivermoore,,10.956521739130434,21.913043478260867,-10.956521739130434,14.608695652173912,3.652173913043478,0.0,102.2608695652174,25.56521739130435,47.47826086956521,,,,,,False,False,['C'],3,0.0,0.0,-0.09031993862238459,0.07883721912007954,-0.3010066542864794,-0.6501715008554964,-0.2892958539329758,-0.34202739709864877,-0.2462053516464758,-0.42215742980027565,-0.6768415070761761,0.0,,,,,-2.939188414198833,,,,,-2.8605681039465503,0.07862031025228297,225,32,False
Rasmussen,Michael Rasmussen,DET,Detroit Red Wings,C,32.0,10.5,13.125,0.0,0.0,0.0,86.625,-13.125,10.5,183.75,86.625,,,,,michaelrasmussen,,10.5,13.125,-13.125,10.5,0.0,0.0,86.625,183.75,86.625,,,,,,False,False,['C'],3,0.0,0.0,-0.12712401724957742,-0.41564535019660437,-0.38599992199386307,-0.7591113335875509,-0.6194488057366755,-0.34202739709864877,-0.4939163564333565,0.33653682379721567,-0.155189527290291,0.0,,,,,-2.961925885789352,,,,,-2.883305575537069,0.07862031025228297,226,32,False
Hayden,John Hayden,SEA,Seattle Kraken,C,3.0,0.0,0.0,0.0,0.0,0.0,56.0,-28.0,56.0,168.0,196.0,,,,,johnhayden,,0.0,0.0,-28.0,56.0,0.0,0.0,56.0,168.0,196.0,,,,,,False,False,['C'],3,0.0,0.0,-0.9736178256750143,-1.1541582783968467,-0.9690239162673191,0.4472964437044605,-0.6194488057366755,-0.34202739709864877,-0.9790924120378305,0.260995837508288,1.3022929235206122,0.0,,,,,-3.0267834304789742,,,,,-2.9481631202266914,0.07862031025228297,227,32,False
Philp,Noah Philp,EDM,Edmonton Oilers,C,15.0,11.2,5.6,0.0,0.0,0.0,67.2,-39.2,22.4,324.8,134.4,,,,,noahphilp,,11.2,5.6,-39.2,22.4,0.0,0.0,67.2,324.8,134.4,,,,,,False,False,['C'],2,0.0,0.0,-0.07069109668788168,-0.8390594290314101,-1.4080066884261568,-0.44358929952656334,-0.6194488057366755,-0.34202739709864877,-0.8016565974167656,1.0130483232291685,0.48143880722391164,0.0,,,,,-3.029992183471022,,,,,-3.0470680879602057,-0.017075904489183648,228,32,False
Lammikko,Juho Lammikko,NJD,New Jersey Devils,C,19.0,0.0,8.842105263157894,0.0,0.0,0.0,66.3157894736842,-4.421052631578947,17.684210526315788,229.89473684210526,123.78947368421052,,,,,juholammikko,,0.0,8.842105263157894,-4.421052631578947,17.684210526315788,0.0,0.0,66.3157894736842,229.89473684210526,123.78947368421052,,,,,,False,False,['C'],2,0.0,0.0,-0.9736178256750143,-0.6566337793987888,-0.04484965909081907,-0.5686258950677597,-0.6194488057366755,-0.34202739709864877,-0.8156646880447446,0.5578586608191618,0.340047667574719,0.0,,,,,-3.12296172171857,,,,,-3.1400376262077536,-0.017075904489183648,229,32,False
Davidson,Jared Davidson,MTL,Montréal Canadiens,C,10.0,0.0,8.4,0.0,0.0,0.0,75.60000000000001,-33.6,84.0,0.0,151.20000000000002,,,,,jareddavidson,,0.0,8.4,-33.6,84.0,0.0,0.0,75.60000000000001,0.0,151.20000000000002,,,,,,False,False,['C'],2,0.0,0.0,-0.9736178256750143,-0.6815100043486916,-1.1885153023467379,1.1897012297303138,-0.6194488057366755,-0.34202739709864877,-0.668579736450967,-0.544774682906941,0.7053081116684665,0.0,,,,,-3.123464413164896,,,,,-3.1405403176540796,-0.017075904489183648,230,32,False
Lazar,Curtis Lazar,EDM,Edmonton Oilers,C,19.0,8.842105263157894,0.0,0.0,0.0,0.0,30.94736842105263,-13.26315789473684,8.842105263157894,282.9473684210526,168.0,,,,,curtislazar,,8.842105263157894,0.0,-13.26315789473684,8.842105263157894,0.0,0.0,30.94736842105263,282.9473684210526,168.0,,,,,,False,False,['C'],2,0.0,0.0,-0.2607809343693833,-1.1541582783968467,-0.3914150055320066,-0.8030695117075027,-0.6194488057366755,-0.34202739709864877,-1.3759883131638964,0.8123125093713393,0.9291774161130211,0.0,,,,,-3.2053983205205996,,,,,-3.2224742250097833,-0.017075904489183648,231,32,False
Lafferty,Sam Lafferty,CHI,Chicago Blackhawks,C,14.0,6.0,0.0,0.0,0.0,0.0,12.0,6.0,84.0,30.0,84.0,,,,,samlafferty,,6.0,0.0,6.0,84.0,0.0,0.0,12.0,30.0,84.0,,,,,,False,False,['C'],3,0.0,0.0,-0.48990707800333605,-1.1541582783968467,0.36360235635772337,1.1897012297303138,-0.6194488057366755,-0.34202739709864877,-1.676161683763442,-0.4008870899756501,-0.19016910610975268,0.0,,,,,-3.319455852996315,,,,,-3.240835542744032,0.07862031025228297,232,32,False
Ford,Parker Ford,WPG,Winnipeg Jets,C,11.0,0.0,7.636363636363637,0.0,0.0,0.0,53.45454545454545,-15.272727272727273,30.545454545454547,221.45454545454544,152.72727272727272,,,,,parkerford,,0.0,7.636363636363637,-15.272727272727273,30.545454545454547,0.0,0.0,53.45454545454545,221.45454545454544,152.72727272727272,,,,,,False,False,['C'],1,0.0,0.0,-0.9736178256750143,-0.7244780292621603,-0.4701798569959129,-0.2276169981372242,-0.6194488057366755,-0.34202739709864877,-1.019418733542618,0.5173773667313153,0.7256598666179712,0.0,,,,,-3.1337504130989675,,,,,-3.246522532329618,-0.11277211923065028,233,32,False
Kunin,Luke Kunin,FLA,Florida Panthers,C,25.0,3.36,3.36,0.0,0.0,0.0,53.76,-20.16,20.16,255.36,164.64,,,,,lukekunin,,3.36,3.36,-20.16,20.16,0.0,0.0,53.76,255.36,164.64,,,,,,False,False,['C'],2,0.0,0.0,-0.7027398069788745,-0.9650989687775847,-0.661735975756133,-0.5029816824086316,-0.6194488057366755,-0.34202739709864877,-1.0145795749620434,0.6799965081242072,0.88440355522411,0.0,,,,,-3.2442121483702744,,,,,-3.261288052859458,-0.017075904489183648,234,32,False
Brodzinski,Jonny Brodzinski,NYR,New York Rangers,C,23.0,10.956521739130434,10.956521739130434,0.0,0.0,0.0,98.60869565217392,7.304347826086956,14.608695652173912,40.173913043478265,36.52173913043478,,,,,jonnybrodzinski,,10.956521739130434,10.956521739130434,7.304347826086956,14.608695652173912,0.0,0.0,98.60869565217392,40.173913043478265,36.52173913043478,,,,,,False,False,['C'],2,0.0,0.0,-0.09031993862238459,-0.5376605296383836,0.4147261264072774,-0.6501715008554964,-0.6194488057366755,-0.34202739709864877,-0.3040648564142144,-0.35209042802503837,-0.822843227366103,0.0,,,,,-3.303900557349667,,,,,-3.3209764618388506,-0.017075904489183648,235,32,False
Perfetti,Cole Perfetti,WPG,Winnipeg Jets,C,21.0,8.0,20.0,12.0,0.0,1.0,132.0,-52.0,24.0,8.0,68.0,,,,,coleperfetti,,8.0,20.0,-52.0,24.0,12.0,0.0,132.0,8.0,68.0,,,,,,False,False,"['C', 'LW', 'RW']",1,0.0,0.0,-0.32867016211277666,-0.028805244948858354,-1.909701285179114,-0.4011661688965146,0.4653394644754805,-0.34202739709864877,0.22493633003368044,-0.5064046581252635,-0.40337796748551913,0.0,,,,,-3.229877089337534,,Cole Perfetti,Filip Use the Forceberg,Philip,-3.3426492085681843,-0.11277211923065028,236,32,False
Ivan,Ivan Ivan,COL,Colorado Avalanche,C,3.0,0.0,28.0,0.0,0.0,0.0,84.0,28.0,0.0,0.0,28.0,,,,,ivanivan,,0.0,28.0,28.0,0.0,0.0,0.0,84.0,0.0,28.0,,,,,,False,False,['C'],2,0.0,0.0,-0.9736178256750143,0.421335968430337,1.2258899445268687,-1.0375131283472458,-0.6194488057366755,-0.34202739709864877,-0.5355028754851686,-0.544774682906941,-0.9364001209249352,0.0,,,,,-3.3420589232174236,,,,,-3.3591348277066073,-0.017075904489183648,237,32,False
Sharangovich,Yegor Sharangovich,CGY,Calgary Flames,C,32.0,15.75,13.125,2.625,0.0,1.0,141.75,-18.375,5.25,36.75,18.375,,,,,yegorsharangovich,,15.75,13.125,-18.375,5.25,2.625,0.0,141.75,36.75,18.375,,,,,,False,False,['C'],2,0.0,0.0,0.29612288696314104,-0.41564535019660437,-0.5917730964433182,-0.8983122309673984,-0.38215137162776636,-0.34202739709864877,0.37940054365469666,-0.36851238156610966,-1.0646585765962946,0.0,,,,,-3.3875569738783025,,,,,-3.404632878367486,-0.017075904489183648,238,32,False
Bardakov,Zakhar Bardakov,COL,Colorado Avalanche,C,25.0,3.36,13.44,0.0,0.0,0.0,53.76,10.08,0.0,181.44,73.92,,,,,zakharbardakov,,3.36,13.44,10.08,0.0,0.0,0.0,53.76,181.44,73.92,,,,,,False,False,['C'],2,0.0,0.0,-0.7027398069788745,-0.3979210399197986,0.5235175090727285,-1.0375131283472458,-0.6194488057366755,-0.34202739709864877,-1.0145795749620434,0.3254574791415063,-0.3244906887764855,0.0,,,,,-3.5897454536055373,,,,,-3.606821358094721,-0.017075904489183648,239,32,False
Kirkland,Justin Kirkland,CGY,Calgary Flames,C,9.0,0.0,9.333333333333332,0.0,0.0,0.0,46.66666666666667,-9.333333333333332,0.0,336.0,121.33333333333333,,,,,justinkirkland,,0.0,9.333333333333332,-9.333333333333332,0.0,0.0,0.0,46.66666666666667,336.0,121.33333333333333,,,,,,False,False,['C'],2,0.0,0.0,-0.9736178256750143,-0.6289935294544522,-0.23738596266925657,-1.0375131283472458,-0.6194488057366755,-0.34202739709864877,-1.1269555908887177,1.066766357923517,0.30731823710036893,0.0,,,,,-3.591857644846125,,,,,-3.6089335493353087,-0.017075904489183648,240,32,False
Jost,Tyson Jost,NSH,Nashville Predators,C,25.0,6.72,10.08,0.0,0.0,0.0,87.36,-23.520000000000003,33.6,53.76,104.16,,,,,tysonjost,,6.72,10.08,-23.520000000000003,33.6,0.0,0.0,87.36,53.76,104.16,,,,,,False,False,['C'],2,0.0,0.0,-0.4318617882827347,-0.5869803495390606,-0.7934308074037842,-0.146627385116222,-0.6194488057366755,-0.34202739709864877,-0.48227213109884914,-0.28692811637406773,0.07847405922371296,0.0,,,,,-3.61110272142633,,,,,-3.6281786259155138,-0.017075904489183648,241,32,False
Jones,Ben Jones,MIN,Minnesota Wild,C,20.0,0.0,0.0,0.0,0.0,0.0,71.39999999999999,-25.2,0.0,252.0,197.4,,,,,benjones,,0.0,0.0,-25.2,0.0,0.0,0.0,71.39999999999999,252.0,197.4,,,,,,False,False,['C'],2,0.0,0.0,-0.9736178256750143,-1.1541582783968467,-0.8592782232276098,-1.0375131283472458,-0.6194488057366755,-0.34202739709864877,-0.7351181669338666,0.6638810977159025,1.320948698890992,0.0,,,,,-3.736332028809014,,,,,-3.7534079332981976,-0.017075904489183648,242,32,False
Goodrow,Barclay Goodrow,SJS,San Jose Sharks,C,36.0,7.0,7.0,0.0,0.0,0.0,67.66666666666667,-18.666666666666664,32.666666666666664,23.333333333333336,123.66666666666667,,,,,barclaygoodrow,,7.0,7.0,-18.666666666666664,32.666666666666664,0.0,0.0,67.66666666666667,23.333333333333336,123.66666666666667,,,,,,False,False,['C'],2,0.0,0.0,-0.4092886200580564,-0.7602847166900508,-0.6032049394682878,-0.17137421131708389,-0.6194488057366755,-0.34202739709864877,-0.7942634384742213,-0.4328621106270481,0.3384111960510016,0.0,,,,,-3.794343043419071,,,,,-3.8114189479082548,-0.017075904489183648,243,32,False
Lapierre,Hendrix Lapierre,WSH,Washington Capitals,C,33.0,0.0,12.727272727272728,0.0,0.0,0.0,63.63636363636363,7.636363636363637,20.363636363636363,114.54545454545453,56.0,,,,,hendrixlapierre,,0.0,12.727272727272728,7.636363636363637,20.363636363636363,0.0,0.0,63.63636363636363,114.54545454545453,56.0,,,,,,False,False,['C'],2,0.0,0.0,-0.9736178256750143,-0.4380245298390359,0.42773944969261846,-0.4975823748738981,-0.6194488057366755,-0.34202739709864877,-0.8581134475234682,0.004614308285260515,-0.5632846135173439,0.0,,,,,-3.859745236286206,,,,,-3.8768211407753896,-0.017075904489183648,244,32,False
Crookshank,Angus Crookshank,NJD,New Jersey Devils,C,8.0,10.5,0.0,0.0,0.0,0.0,42.0,10.5,42.0,10.5,52.5,,,,,anguscrookshank,,10.5,0.0,10.5,42.0,0.0,0.0,42.0,10.5,52.5,,,,,,False,False,['C'],2,0.0,0.0,-0.12712401724957742,-1.1541582783968467,0.5399793630286849,0.07609405069153391,-0.6194488057366755,-0.34202739709864877,-1.2008871803141614,-0.49441402538098916,-0.6099240519432928,0.0,,,,,-3.931910342399973,,,,,-3.948986246889157,-0.017075904489183648,245,32,False
Pettersson,Elias Pettersson,VAN,Vancouver Canucks,D,32.0,2.625,10.5,0.0,0.0,0.0,47.25,-2.625,21.0,0.0,131.25,,,,,eliaspettersson,,2.625,10.5,-2.625,21.0,0.0,0.0,47.25,0.0,131.25,,,,,,False,False,"['C', 'LW']",2,0.0,0.0,-0.7619943735686551,-0.5633479358366529,0.025546426905047135,-0.480709538827856,-0.6194488057366755,-0.34202739709864877,-1.1177141422105372,-0.544774682906941,0.43946331264055755,0.0,,,,,-3.9650071366403616,,Elias Pettersson,The Makar Of The Devil,Lev,-3.9820830411295454,-0.017075904489183648,246,32,False
Lambert,Brad Lambert,WPG,Winnipeg Jets,C,4.0,21.0,0.0,0.0,0.0,0.0,63.0,-21.0,42.0,0.0,63.0,,,,,bradlambert,,21.0,0.0,-21.0,42.0,0.0,0.0,63.0,0.0,63.0,,,,,,False,False,['C'],1,0.0,0.0,0.7193697911758594,-1.1541582783968467,-0.6946596836680456,0.07609405069153391,-0.6194488057366755,-0.34202739709864877,-0.868195027899665,-0.544774682906941,-0.4700057366654461,0.0,,,,,-3.8978057705048754,,,,,-4.010577889735526,-0.11277211923065028,247,32,False
Winterton,Ryan Winterton,SEA,Seattle Kraken,C,32.0,5.25,7.875,0.0,0.0,0.0,70.875,-5.25,21.0,0.0,94.5,,,,,ryanwinterton,,5.25,7.875,-5.25,21.0,0.0,0.0,70.875,0.0,94.5,,,,,,False,False,['C'],3,0.0,0.0,-0.5503709214622958,-0.7110505214767013,-0.07734016031968041,-0.480709538827856,-0.6194488057366755,-0.34202739709864877,-0.7434354707442289,-0.544774682906941,-0.05025079083190597,0.0,,,,,-4.119408289404934,,,,,-4.04078797915265,0.07862031025228297,248,32,False
Hinostroza,Vincent Hinostroza,MIN,Minnesota Wild,C,24.0,7.0,10.5,3.5,0.0,1.0,80.5,-17.5,14.0,42.0,70.0,,,,,vincenthinostroza,,7.0,10.5,-17.5,14.0,3.5,0.0,80.5,42.0,70.0,,,,,,False,False,['C'],2,0.0,0.0,-0.4092886200580564,-0.5633479358366529,-0.557477567368409,-0.6663107353343193,-0.3030522269247966,-0.34202739709864877,-0.5909515675542513,-0.3433320528031337,-0.3767268598135483,0.0,,,,,-4.152514962791816,,,,,-4.169590867280999,-0.017075904489183648,249,32,False
Catton,Berkly Catton,SEA,Seattle Kraken,C,21.0,0.0,20.0,4.0,0.0,0.0,68.0,-4.0,16.0,80.0,8.0,,,,,berklycatton,,0.0,20.0,-4.0,16.0,4.0,0.0,68.0,80.0,8.0,,,,,,False,False,['C'],3,0.0,0.0,-0.9736178256750143,-0.028805244948858354,-0.02834654735552444,-0.6132818220467583,-0.2578527156659568,-0.34202739709864877,-0.7889826106581183,-0.1610744350901653,-1.2029111976446432,0.0,,,,,-4.396899796183687,,,,,-4.318279485931404,0.07862031025228297,250,32,False
Lundeström,Isac Lundestrom,CBJ,Columbus Blue Jackets,C,34.0,2.4705882352941178,9.882352941176471,0.0,0.0,0.0,66.70588235294117,-9.882352941176471,9.882352941176471,229.76470588235296,32.11764705882353,,,,,isaclundestrom,,2.4705882352941178,9.882352941176471,-9.882352941176471,9.882352941176471,0.0,0.0,66.70588235294117,229.76470588235296,32.11764705882353,,,,,,False,False,['C'],2,0.0,0.0,-0.7744428119278527,-0.5981014853990172,-0.2589047260103761,-0.7754879097498859,-0.6194488057366755,-0.34202739709864877,-0.8094846480618128,0.5572349994256517,-0.8815301933649952,0.0,,,,,-4.502192977923612,,,,,-4.519268882412796,-0.017075904489183648,251,32,False
Studnicka,Jack Studnicka,FLA,Florida Panthers,C,9.0,0.0,0.0,0.0,0.0,0.0,102.66666666666667,-37.33333333333333,18.666666666666664,196.0,121.33333333333333,,,,,jackstudnicka,,0.0,0.0,-37.33333333333333,18.666666666666664,0.0,0.0,102.66666666666667,196.0,121.33333333333333,,,,,,False,False,['C'],2,0.0,0.0,-0.9736178256750143,-1.1541582783968467,-1.3348428930663503,-0.5425766043300104,-0.6194488057366755,-0.34202739709864877,-0.23977651778339387,0.39529092424415946,0.30731823710036893,0.0,,,,,-4.5038391607424115,,,,,-4.520915065231595,-0.017075904489183648,252,32,False
Johnson,Kent Johnson,CBJ,Columbus Blue Jackets,C,34.0,7.411764705882353,19.764705882352942,0.0,0.0,0.0,135.88235294117646,-27.176470588235297,9.882352941176471,0.0,9.882352941176471,,,,,kentjohnson,,7.411764705882353,19.764705882352942,-27.176470588235297,9.882352941176471,0.0,0.0,135.88235294117646,0.0,9.882352941176471,,,,,,False,False,['C'],2,0.0,0.0,-0.3760927844335294,-0.042044692401187585,-0.93674577125564,-0.7754879097498859,-0.6194488057366755,-0.34202739709864877,0.28644244224476373,-0.544774682906941,-1.1778278021886708,0.0,,,,,-4.5280074035264155,,,,,-4.545083308015599,-0.017075904489183648,253,32,False
Martin,Brady Martin,NSH,Nashville Predators,C,3.0,0.0,28.0,0.0,0.0,0.0,56.0,0.0,0.0,140.0,0.0,,,,,bradymartin,,0.0,28.0,0.0,0.0,0.0,0.0,56.0,140.0,0.0,,,,,,False,False,['C'],2,0.0,0.0,-0.9736178256750143,0.421335968430337,0.12843301412977468,-1.0375131283472458,-0.6194488057366755,-0.34202739709864877,-0.9790924120378305,0.1267007507724165,-1.3095156283325264,0.0,,,,,-4.5847454638954135,,,,,-4.601821368384597,-0.017075904489183648,254,32,False
Janmark,Mattias Janmark,EDM,Edmonton Oilers,C,21.0,4.0,20.0,0.0,0.0,0.0,60.0,-12.0,24.0,16.0,32.0,,,,,mattiasjanmark,,4.0,20.0,-12.0,24.0,0.0,0.0,60.0,16.0,32.0,,,,,,False,False,['C'],2,0.0,0.0,-0.6511439938938954,-0.028805244948858354,-0.3419056703261227,-0.4011661688965146,-0.6194488057366755,-0.34202739709864877,-0.9157224782445931,-0.46803463334358586,-0.8830979055809935,0.0,,,,,-4.651352298069888,,,,,-4.668428202559071,-0.017075904489183648,255,32,False
Del Bel Belluz,Luca Del Bel Belluz,CBJ,Columbus Blue Jackets,C,12.0,0.0,7.0,0.0,0.0,0.0,77.0,-7.0,28.0,147.0,14.0,,,,,lucadelbelbelluz,,0.0,7.0,-7.0,28.0,0.0,0.0,77.0,147.0,14.0,,,,,,False,False,['C'],2,0.0,0.0,-0.9736178256750143,-0.7602847166900508,-0.14593121846949877,-0.2951083423213927,-0.6194488057366755,-0.34202739709864877,-0.646400259623334,0.16027452245638435,-1.1229578746287308,0.0,,,,,-4.745501917786961,,,,,-4.762577822276144,-0.017075904489183648,256,32,False
Jarnkrok,Calle Jarnkrok,TOR,Toronto Maple Leafs,C,22.0,15.272727272727273,0.0,0.0,0.0,0.0,84.0,-30.545454545454547,15.272727272727273,22.909090909090907,57.272727272727266,,,,,callejarnkrok,,15.272727272727273,0.0,-30.545454545454547,15.272727272727273,0.0,0.0,84.0,22.909090909090907,57.272727272727266,,,,,,False,False,['C'],3,0.0,0.0,0.25764589567107576,-1.1541582783968467,-1.0687927281216005,-0.632565063242235,-0.6194488057366755,-0.34202739709864877,-0.5355028754851686,-0.4348968846685007,-0.5463248177260899,0.0,,,,,-5.07607095480469,,,,,-4.997450644552407,0.07862031025228297,257,32,False
Parent,Xavier Parent,NJD,New Jersey Devils,C,5.0,0.0,0.0,0.0,0.0,0.0,33.6,-16.8,33.6,0.0,117.6,,,,,xavierparent,,0.0,0.0,-16.8,33.6,0.0,0.0,33.6,0.0,117.6,,,,,,False,False,['C'],2,0.0,0.0,-0.9736178256750143,-1.1541582783968467,-0.5300411441084817,-0.146627385116222,-0.6194488057366755,-0.34202739709864877,-1.3339640412799598,-0.544774682906941,0.25756950277935675,0.0,,,,,-5.3870900575394325,,,,,-5.404165962028616,-0.017075904489183648,258,32,False
Pinelli,Luca Pinelli,CBJ,Columbus Blue Jackets,C,3.0,0.0,0.0,0.0,0.0,0.0,168.0,-28.0,0.0,0.0,56.0,,,,,lucapinelli,,0.0,0.0,-28.0,0.0,0.0,0.0,168.0,0.0,56.0,,,,,,False,False,['C'],2,0.0,0.0,-0.9736178256750143,-1.1541582783968467,-0.9690239162673191,-1.0375131283472458,-0.6194488057366755,-0.34202739709864877,0.7952657341728172,-0.544774682906941,-0.5632846135173439,0.0,,,,,-5.408582913773219,,,,,-5.425658818262402,-0.017075904489183648,259,32,False
Gaucher,Jacob Gaucher,PHI,Philadelphia Flyers,C,3.0,0.0,0.0,0.0,0.0,0.0,84.0,-28.0,0.0,252.0,56.0,,,,,jacobgaucher,,0.0,0.0,-28.0,0.0,0.0,0.0,84.0,252.0,56.0,,,,,,False,False,['C'],3,0.0,0.0,-0.9736178256750143,-1.1541582783968467,-0.9690239162673191,-1.0375131283472458,-0.6194488057366755,-0.34202739709864877,-0.5355028754851686,0.6638810977159025,-0.5632846135173439,0.0,,,,,-5.530695742808361,,,,,-5.452075432556078,0.07862031025228297,260,32,False
Aman,Nils Aman,VAN,Vancouver Canucks,C,2.0,0.0,0.0,0.0,0.0,0.0,42.0,0.0,0.0,42.0,84.0,,,,,nilsaman,,0.0,0.0,0.0,0.0,0.0,0.0,42.0,42.0,84.0,,,,,,False,False,['C'],2,0.0,0.0,-0.9736178256750143,-1.1541582783968467,0.12843301412977468,-1.0375131283472458,-0.6194488057366755,-0.34202739709864877,-1.2008871803141614,-0.3433320528031337,-0.19016910610975268,0.0,,,,,-5.732720760351706,,,,,-5.749796664840889,-0.017075904489183648,261,32,False
Luchanko,Jett Luchanko,PHI,Philadelphia Flyers,C,4.0,0.0,0.0,0.0,0.0,0.0,21.0,-63.0,42.0,231.0,42.0,,,,,jettluchanko,,0.0,0.0,-63.0,42.0,0.0,0.0,21.0,231.0,42.0,,,,,,False,False,['C'],3,0.0,0.0,-0.9736178256750143,-1.1541582783968467,-2.3408450792636866,0.07609405069153391,-0.6194488057366755,-0.34202739709864877,-1.533579332728658,0.5631597826639988,-0.7498423672211395,0.0,,,,,-7.074265252765137,,,,,-6.995644942512854,0.07862031025228297,262,32,False
Broz,Tristan Broz,PIT,Pittsburgh Penguins,C,1.0,0.0,0.0,0.0,0.0,0.0,168.0,-84.0,0.0,252.0,0.0,,,,,tristanbroz,,0.0,0.0,-84.0,0.0,0.0,0.0,168.0,252.0,0.0,,,,,,False,False,['C'],2,0.0,0.0,-0.9736178256750143,-1.1541582783968467,-3.163937777061507,-1.0375131283472458,-0.6194488057366755,-0.34202739709864877,0.7952657341728172,0.6638810977159025,-1.3095156283325264,0.0,,,,,-7.141072008759745,,,,,-7.1581479132489285,-0.017075904489183648,263,32,False
Cootes,Braeden Cootes,VAN,Vancouver Canucks,C,3.0,0.0,0.0,0.0,0.0,0.0,0.0,-56.0,0.0,140.0,84.0,,,,,braedencootes,,0.0,0.0,-56.0,0.0,0.0,0.0,0.0,140.0,84.0,,,,,,False,False,['C'],2,0.0,0.0,-0.9736178256750143,-1.1541582783968467,-2.066480846664413,-1.0375131283472458,-0.6194488057366755,-0.34202739709864877,-1.8662714851431543,0.1267007507724165,-0.19016910610975268,0.0,,,,,-8.122986122399334,,,,,-8.140062026888518,-0.017075904489183648,264,32,False
Kerins,Rory Kerins,CGY,Calgary Flames,C,2.0,0.0,0.0,0.0,0.0,0.0,42.0,-42.0,0.0,0.0,42.0,,,,,rorykerins,,0.0,0.0,-42.0,0.0,0.0,0.0,42.0,0.0,42.0,,,,,,False,False,['C'],2,0.0,0.0,-0.9736178256750143,-1.1541582783968467,-1.517752381465866,-1.0375131283472458,-0.6194488057366755,-0.34202739709864877,-1.2008871803141614,-0.544774682906941,-0.7498423672211395,0.0,,,,,-8.140022047162539,,,,,-8.157097951651723,-0.017075904489183648,265,32,False
Haight,Hunter Haight,MIN,Minnesota Wild,C,2.0,0.0,0.0,0.0,0.0,0.0,0.0,-84.0,0.0,294.0,84.0,,,,,hunterhaight,,0.0,0.0,-84.0,0.0,0.0,0.0,0.0,294.0,84.0,,,,,,False,False,['C'],2,0.0,0.0,-0.9736178256750143,-1.1541582783968467,-3.163937777061507,-1.0375131283472458,-0.6194488057366755,-0.34202739709864877,-1.8662714851431543,0.8653237278197098,-0.19016910610975268,0.0,,,,,-8.481820075749136,,,,,-8.49889598023832,-0.017075904489183648,266,32,False
Kaskimaki,Aleksanteri Kaskimaki,STL,St. Louis Blues,C,5.0,0.0,0.0,0.0,0.0,0.0,100.8,-100.8,0.0,16.8,33.6,,,,,aleksanterikaskimaki,,0.0,0.0,-100.8,0.0,0.0,0.0,100.8,16.8,33.6,,,,,,False,False,['C'],2,0.0,0.0,-0.9736178256750143,-1.1541582783968467,-3.822411935299763,-1.0375131283472458,-0.6194488057366755,-0.34202739709864877,-0.2693491535535715,-0.4641976308654181,-0.861777019443417,0.0,,,,,-9.544501174416602,,,,,-9.561577078905787,-0.017075904489183648,267,32,False
Kuntar,Trevor Kuntar,BUF,Buffalo Sabres,C,1.0,0.0,0.0,0.0,0.0,0.0,0.0,-84.0,0.0,0.0,84.0,,,,,trevorkuntar,,0.0,0.0,-84.0,0.0,0.0,0.0,0.0,0.0,84.0,,,,,,False,False,['C'],2,0.0,0.0,-0.9736178256750143,-1.1541582783968467,-3.163937777061507,-1.0375131283472458,-0.6194488057366755,-0.34202739709864877,-1.8662714851431543,-0.544774682906941,-0.19016910610975268,0.0,,,,,-9.891918486475786,,,,,-9.90899439096497,-0.017075904489183648,268,32,False
Merkulov,Georgii Merkulov,BOS,Boston Bruins,C,1.0,0.0,0.0,0.0,0.0,0.0,0.0,-84.0,0.0,0.0,0.0,,,,,georgiimerkulov,,0.0,0.0,-84.0,0.0,0.0,0.0,0.0,0.0,0.0,,,,,,False,False,['C'],2,0.0,0.0,-0.9736178256750143,-1.1541582783968467,-3.163937777061507,-1.0375131283472458,-0.6194488057366755,-0.34202739709864877,-1.8662714851431543,-0.544774682906941,-1.3095156283325264,0.0,,,,,-11.01126500869856,,,,,-11.028340913187744,-0.017075904489183648,269,32,False
