LastName,FullName_x,team,FullTeam,position,GP,G,A,PPP,SHP,GWG,SOG,+/-,PIM,FOW,HIT,W,GAA,SV%,SO,name_key,BLK,historical_G,historical_A,historical_+/-,historical_PIM,historical_PPP,historical_SHP,historical_SOG,historical_FOW,historical_HIT,historical_BLK,historical_W,historical_GAA,historical_SV%,historical_SO,low_sample,projection_available,eligible_positions,scheduled_games,playoff_games,rival_week_games,z_G,z_A,z_+/-,z_PIM,z_PPP,z_SHP,z_SOG,z_FOW,z_HIT,z_BLK,z_W,z_GAA,z_SV%,z_SO,skater_value,goalie_value,FullName_y,fantasy_team,manager,overall_value,schedule_bonus,rank,draftable_cutoff,is_draftable
Kiersted,Matt Kiersted,MIN,Minnesota Wild,D,3.0,0.0,28.0,0.0,28.0,0.0,112.0,28.0,0.0,0.0,0.0,,,,,mattkiersted,,0.0,28.0,28.0,0.0,0.0,28.0,112.0,0.0,0.0,,,,,,False,False,['D'],2,0.0,0.0,-0.9736178256750143,0.421335968430337,1.2258899445268687,-1.0375131283472458,-0.6194488057366755,15.420371512068211,-0.09191333893250665,-0.544774682906941,-1.3095156283325264,0.0,,,,,12.490814015094507,,,,,12.473188415396741,-0.017625599697765833,1,48,True
Makar,Cale Makar,COL,Colorado Avalanche,D,35.0,26.4,76.8,31.200000000000003,0.0,3.0,252.0,76.8,38.4,0.0,38.4,,,,,calemakar,,26.4,76.8,76.8,38.4,31.200000000000003,0.0,252.0,0.0,38.4,,,,,,False,False,['D'],2,0.0,0.0,1.1547094640803697,3.1671973700434286,3.1386005946475177,-0.019357993226075825,2.2010006968149303,-0.34202739709864877,2.1260343438308027,-0.544774682906941,-0.797814361030687,0.0,,,,,10.083568035154697,,Cale Makar,The Makar Of The Devil,Lev,10.06594243545693,-0.017625599697765833,2,48,True
Werenski,Zach Werenski,CBJ,Columbus Blue Jackets,D,35.0,33.6,62.400000000000006,24.0,2.4,0.0,316.8,14.4,14.4,0.0,40.8,,,,,zachwerenski,,33.6,62.400000000000006,14.4,14.4,24.0,2.4,316.8,0.0,40.8,,,,,,False,False,['D'],2,0.0,0.0,1.735162361286384,2.3569431859608776,0.6928394354768516,-0.6557049526768072,1.5501277346876365,1.0090353665442249,3.152627271281249,-0.544774682906941,-0.765833031824322,0.0,,,,,8.530422687829153,,Zach Werenski,Hagel Cream Cheese & Larks,Ilan Weintraub,8.512797088131387,-0.017625599697765833,3,48,True
Chychrun,Jakob Chychrun,WSH,Washington Capitals,D,36.0,32.666666666666664,32.666666666666664,14.0,0.0,3.0,291.6666666666667,51.333333333333336,77.0,0.0,79.33333333333333,,,,,jakobchychrun,,32.666666666666664,32.666666666666664,51.333333333333336,77.0,14.0,0.0,291.6666666666667,0.0,79.33333333333333,,,,,,False,False,['D'],2,0.0,0.0,1.6599184672041225,0.6839183429015342,2.140437386524447,1.0041000332238503,0.6461375095108398,-0.34202739709864877,2.754452853947074,-0.544774682906941,-0.25235502401101795,0.0,,,,,7.74980748929526,,Jakob Chychrun,Hintz 57,Ryan,7.732181889597494,-0.017625599697765833,4,48,True
Seider,Moritz Seider,DET,Detroit Red Wings,D,37.0,13.621621621621623,47.67567567567568,27.243243243243246,0.0,1.0,195.24324324324323,29.513513513513516,74.91891891891892,0.0,143.02702702702703,,,,,moritzseider,,13.621621621621623,47.67567567567568,29.513513513513516,74.91891891891892,27.243243243243246,0.0,195.24324324324323,0.0,143.02702702702703,,,,,,False,False,['D'],3,0.0,0.0,0.12453630417420122,1.5284400337683581,1.2852119407645495,0.9489212991273343,1.8433137536638953,-0.34202739709864877,1.2268663643321636,-0.544774682906941,0.5963987203170613,0.0,,,,,6.666886336141975,,Moritz Seider,The Makar Of The Devil,Lev,6.743489904059188,0.07660356791721296,5,48,True
Dahlin,Rasmus Dahlin,BUF,Buffalo Sabres,D,32.0,10.5,63.0,28.875,0.0,0.0,228.375,-13.125,97.125,0.0,70.875,,,,,rasmusdahlin,,10.5,63.0,-13.125,97.125,28.875,0.0,228.375,0.0,70.875,,,,,,False,False,['D'],2,0.0,0.0,-0.12712401724957742,2.3907037769643167,-0.38599992199386307,1.5377034731799324,1.9908229694613249,-0.34202739709864877,1.7517556723644945,-0.544774682906941,-0.36506700020706107,0.0,,,,,5.905992872513977,,Rasmus Dahlin,The Makar Of The Devil,Lev,5.888367272816211,-0.017625599697765833,6,48,True
Fox,Adam Fox,NYR,New York Rangers,D,27.0,9.333333333333332,71.55555555555556,24.888888888888886,3.1111111111111107,1.0,158.66666666666666,12.444444444444443,31.11111111111111,0.0,46.66666666666667,,,,,adamfox,,9.333333333333332,71.55555555555556,12.444444444444443,31.11111111111111,24.888888888888886,3.1111111111111107,158.66666666666666,0.0,46.66666666666667,,,,,,False,False,['D'],2,0.0,0.0,-0.22117888485240383,2.8721047968281783,0.6161916498618163,-0.21261892165185345,1.6304824213700182,1.4093502594754466,0.6474025553219297,-0.544774682906941,-0.6876564493198742,0.0,,,,,5.509302744126316,,Adam Fox,Hintz 57,Ryan,5.49167714442855,-0.017625599697765833,7,48,True
Heiskanen,Miro Heiskanen,DAL,Dallas Stars,D,37.0,15.891891891891893,59.02702702702703,29.513513513513516,2.27027027027027,2.0,177.08108108108107,20.432432432432435,27.243243243243246,0.0,11.351351351351353,,,,,miroheiskanen,,15.891891891891893,59.02702702702703,20.432432432432435,27.243243243243246,29.513513513513516,2.27027027027027,177.08108108108107,0.0,11.351351351351353,,,,,,False,False,['D'],2,0.0,0.0,0.3075619924824038,2.1671539176172168,0.929279963338465,-0.3151733365383076,2.048543966947276,0.9360049468878533,0.9391326108925993,-0.544774682906941,-1.1582525847889082,0.0,,,,,5.309476793931657,,Miro Heiskanen,Slaffing From The Throne,Rob,5.2918511942338915,-0.017625599697765833,8,48,True
Miller,K'Andre Miller,CAR,Carolina Hurricanes,D,28.0,6.0,33.0,9.0,6.0,0.0,153.0,6.0,78.0,0.0,122.99999999999999,,,,,kandremiller,,6.0,33.0,6.0,78.0,9.0,6.0,153.0,0.0,122.99999999999999,,,,,,False,False,['D'],2,0.0,0.0,-0.48990707800333605,0.7026742267923342,0.36360235635772337,1.0306144898676308,0.19414239692244153,3.0356295120085357,0.5576284824481769,-0.544774682906941,0.32952749349367777,0.0,,,,,5.179137196980243,,K'Andre Miller,The Makar Of The Devil,Lev,5.161511597282477,-0.017625599697765833,9,48,True
Bouchard,Evan Bouchard,EDM,Edmonton Oilers,D,37.0,13.621621621621623,61.2972972972973,24.972972972972975,2.27027027027027,1.0,208.86486486486487,4.54054054054054,27.243243243243246,0.0,24.972972972972975,,,,,evanbouchard,,13.621621621621623,61.2972972972973,4.54054054054054,27.243243243243246,24.972972972972975,2.27027027027027,208.86486486486487,0.0,24.972972972972975,,,,,,False,False,['D'],2,0.0,0.0,0.12453630417420122,2.294896694386988,0.3063990028428169,-0.3151733365383076,1.6380835403805143,0.9360049468878533,1.4426666794118375,-0.544774682906941,-0.9767369325365667,0.0,,,,,4.905902216102396,,Evan Bouchard,Filip Use the Forceberg,Philip,4.88827661640463,-0.017625599697765833,10,48,True
McAvoy,Charlie McAvoy,BOS,Boston Bruins,D,25.0,3.36,60.48,30.24,0.0,0.0,137.76,-3.36,100.8,0.0,104.16,,,,,charliemcavoy,,3.36,60.48,-3.36,100.8,30.24,0.0,137.76,0.0,104.16,,,,,,False,False,['D'],2,0.0,0.0,-0.7027398069788745,2.24890929474987,-0.0032618175178765743,1.6351441013458254,2.1142176351979574,-0.34202739709864877,0.3161890346959422,-0.544774682906941,0.07847405922371296,0.0,,,,,4.800130420710968,,Charlie McAvoy,Hintz 57,Ryan,4.782504821013202,-0.017625599697765833,11,48,True
Raddysh,Darren Raddysh,TBL,Tampa Bay Lightning,D,29.0,20.27586206896552,49.241379310344826,23.17241379310345,0.0,0.0,191.17241379310346,14.482758620689657,49.241379310344826,0.0,75.3103448275862,,,,,darrenraddysh,,20.27586206896552,49.241379310344826,14.482758620689657,49.241379310344826,23.17241379310345,0.0,191.17241379310346,0.0,75.3103448275862,,,,,,False,False,['D'],3,0.0,0.0,0.6609909078361743,1.6165385005061315,0.6960831505420647,0.2680952884568407,1.475314750535074,-0.34202739709864877,1.162374316147434,-0.544774682906941,-0.3059635739259017,0.0,,,,,4.686631260092228,,Darren Raddysh,The Makar Of The Devil,Lev,4.763234828009441,0.07660356791721296,12,48,True
Zadorov,Nikita Zadorov,BOS,Boston Bruins,D,37.0,2.27027027027027,27.243243243243246,0.0,0.0,0.0,104.43243243243244,29.513513513513516,181.62162162162164,0.0,229.2972972972973,,,,,nikitazadorov,,2.27027027027027,27.243243243243246,29.513513513513516,181.62162162162164,0.0,0.0,104.43243243243244,0.0,229.2972972972973,,,,,,False,False,['D'],2,0.0,0.0,-0.7905921373668118,0.3787550428404133,1.2852119407645495,3.778085483712343,-0.6194488057366755,-0.34202739709864877,-0.21180240286565846,-0.544774682906941,1.7459978512485586,0.0,,,,,4.679404892591129,,Nikita Zadorov,Hagel Cream Cheese & Larks,Ilan Weintraub,4.661779292893363,-0.017625599697765833,13,48,True
Andersson,Rasmus Andersson,CGY,Calgary Flames,D,36.0,16.333333333333332,42.0,18.666666666666664,0.0,0.0,212.33333333333331,11.666666666666668,88.66666666666667,0.0,42.0,,,,,rasmusandersson,,16.333333333333332,42.0,11.666666666666668,88.66666666666667,18.666666666666664,0.0,212.33333333333331,0.0,42.0,,,,,,False,False,['D'],2,0.0,0.0,0.3431503207645541,1.2090830918439288,0.5857067351285639,1.3134353607346227,1.0679996145933448,-0.34202739709864877,1.4976158337145316,-0.544774682906941,-0.7498423672211395,0.0,,,,,4.380346509552817,,Rasmus Andersson,Better Safe Than Sorokin,Harley Pesner,4.362720909855051,-0.017625599697765833,14,48,True
Chabot,Thomas Chabot,OTT,Ottawa Senators,D,20.0,8.4,42.0,21.0,4.2,0.0,109.2,29.4,42.0,0.0,54.6,,,,,thomaschabot,,8.4,42.0,29.4,42.0,21.0,4.2,109.2,0.0,54.6,,,,,,False,False,['D'],2,0.0,0.0,-0.29642277893466473,1.2090830918439288,1.2807627910467232,0.07609405069153391,1.2789306671345977,2.02233243927638,-0.1362722925877728,-0.544774682906941,-0.5819403888877235,0.0,,,,,4.307792896676062,,,,,4.2901672969782965,-0.017625599697765833,15,48,True
Schaefer,Matthew Schaefer,NYI,New York Islanders,D,36.0,21.0,35.0,25.666666666666668,0.0,2.0,228.66666666666669,14.0,42.0,0.0,35.0,,,,,matthewschaefer,,21.0,35.0,14.0,42.0,25.666666666666668,0.0,228.66666666666669,0.0,35.0,,,,,,False,False,['D'],3,0.0,0.0,0.7193697911758594,0.8152095301371329,0.6771614793283217,0.07609405069153391,1.7007927722171028,-0.34202739709864877,1.756376396703585,-0.544774682906941,-0.8431212440730373,0.0,,,,,4.015080696174909,,Matthew Schaefer,Oy Matvey,Henry,4.091684264092122,0.07660356791721296,16,48,True
LaCombe,Jackson LaCombe,ANA,Anaheim Ducks,D,36.0,14.0,35.0,14.0,4.666666666666666,0.0,189.0,4.666666666666666,18.666666666666664,0.0,70.0,,,,,jacksonlacombe,,14.0,35.0,4.666666666666666,18.666666666666664,14.0,4.666666666666666,189.0,0.0,70.0,,,,,,False,False,['D'],2,0.0,0.0,0.15504058555890154,0.8152095301371329,0.3113425025292903,-0.5425766043300104,0.6461375095108398,2.2850390877624944,1.1279578865873137,-0.544774682906941,-0.3767268598135483,0.0,,,,,3.876648955035473,,Jackson LaCombe,Oy Matvey,Henry,3.859023355337707,-0.017625599697765833,17,48,True
Guhle,Kaiden Guhle,MTL,Montréal Canadiens,D,5.0,16.8,16.8,0.0,0.0,1.0,117.6,16.8,117.6,0.0,268.8,,,,,kaidenguhle,,16.8,16.8,16.8,117.6,0.0,0.0,117.6,0.0,268.8,,,,,,False,False,['D'],2,0.0,0.0,0.3807722678056848,-0.20886173030053645,0.786907172368031,2.0805869729613375,-0.6194488057366755,-0.34202739709864877,-0.003195431621974355,-0.544774682906941,2.2723932427803497,0.0,,,,,3.8023516082506275,,,,,3.7847260085528616,-0.017625599697765833,18,48,True
Gostisbehere,Shayne Gostisbehere,CAR,Carolina Hurricanes,D,26.0,9.692307692307693,74.3076923076923,25.846153846153847,0.0,0.0,138.9230769230769,29.076923076923077,12.923076923076923,0.0,32.30769230769231,,,,,shaynegostisbehere,,9.692307692307693,74.3076923076923,29.076923076923077,12.923076923076923,25.846153846153847,0.0,138.9230769230769,0.0,32.30769230769231,,,,,,False,False,['D'],2,0.0,0.0,-0.19223892558999553,3.0269610689522177,1.2680998264652183,-0.6948647655660829,1.7170182377971992,-0.34202739709864877,0.33461506159889876,-0.544774682906941,-0.8789977351699212,0.0,,,,,3.693790688481945,,Shayne Gostisbehere,Oy Matvey,Henry,3.6761650887841792,-0.017625599697765833,19,48,True
Manson,Josh Manson,COL,Colorado Avalanche,D,35.0,4.8,24.0,0.0,0.0,1.0,110.4,60.0,103.2,0.0,211.2,,,,,joshmanson,,4.8,24.0,60.0,103.2,0.0,0.0,110.4,0.0,211.2,,,,,,False,False,['D'],2,0.0,0.0,-0.5866492275376717,0.19626536174073933,2.4801264364092614,1.6987787972908988,-0.6194488057366755,-0.34202739709864877,-0.11726131244980152,-0.544774682906941,1.5048413418275903,0.0,,,,,3.669850511538751,,Josh Manson,Slaffing From The Throne,Rob,3.6522249118409853,-0.017625599697765833,20,48,True
Nurse,Darnell Nurse,EDM,Edmonton Oilers,D,37.0,13.621621621621623,18.16216216216216,0.0,4.54054054054054,0.0,177.08108108108107,-11.351351351351353,106.7027027027027,0.0,113.51351351351352,,,,,darnellnurse,,13.621621621621623,18.16216216216216,-11.351351351351353,106.7027027027027,0.0,4.54054054054054,177.08108108108107,0.0,113.51351351351352,,,,,,False,False,['D'],2,0.0,0.0,0.12453630417420122,-0.13221606423867355,-0.316481957652831,1.791651056237762,-0.6194488057366755,2.2140372908743555,0.9391326108925993,-0.544774682906941,0.20311480710365434,0.0,,,,,3.6595505587474517,,Darnell Nurse,Hagel Cream Cheese & Larks,Ilan Weintraub,3.641924959049686,-0.017625599697765833,21,48,True
Hughes,Quinn Hughes,MIN,Minnesota Wild,D,31.0,8.129032258064516,62.32258064516129,37.935483870967744,0.0,0.0,230.32258064516128,-21.677419354838708,32.516129032258064,0.0,8.129032258064516,,,,,quinnhughes,,8.129032258064516,62.32258064516129,-21.677419354838708,32.516129032258064,37.935483870967744,0.0,230.32258064516128,0.0,8.129032258064516,,,,,,False,False,['D'],2,0.0,0.0,-0.318267780442418,2.3525869806701105,-0.7212110610163626,-0.175365634897868,2.8098818549340114,-0.34202739709864877,1.7826101864997097,-0.544774682906941,-1.2011917713432259,0.0,,,,,3.642240694398368,,Quinn Hughes,Better Safe Than Sorokin,Harley Pesner,3.624615094700602,-0.017625599697765833,22,48,True
Crevier,Louis Crevier,CHI,Chicago Blackhawks,D,34.0,7.411764705882353,22.235294117647058,0.0,4.9411764705882355,1.0,123.52941176470588,9.882352941176471,86.47058823529412,0.0,118.58823529411765,,,,,louiscrevier,,7.411764705882353,22.235294117647058,9.882352941176471,86.47058823529412,0.0,4.9411764705882355,123.52941176470588,0.0,118.58823529411765,,,,,,False,False,['D'],3,0.0,0.0,-0.3760927844335294,0.09696950584826972,0.5157707542699255,1.2552075343796536,-0.6194488057366755,2.439572410401386,0.09074117611858946,-0.544774682906941,0.27073828539374245,0.0,,,,,3.1286833933344207,,,,,3.2052869612516335,0.07660356791721296,23,48,True
Carlson,John Carlson,WSH,Washington Capitals,D,32.0,18.375,55.125,15.75,0.0,0.0,173.25,23.625,31.5,0.0,31.5,,,,,johncarlson,,18.375,55.125,23.625,31.5,15.75,0.0,173.25,0.0,31.5,,,,,,False,False,['D'],2,0.0,0.0,0.5077463390695003,1.9475960200441713,1.0544122991523228,-0.20230774406816104,0.8043357989167793,-0.34202739709864877,0.8784387722764413,-0.544774682906941,-0.8897606824989863,0.0,,,,,3.2136587228864784,,John Carlson,Slaffing From The Throne,Rob,3.1960331231887125,-0.017625599697765833,24,48,True
Hronek,Filip Hronek,VAN,Vancouver Canucks,D,35.0,4.8,43.199999999999996,16.8,2.4,0.0,120.0,14.4,24.0,0.0,151.20000000000002,,,,,filiphronek,,4.8,43.199999999999996,14.4,24.0,16.8,2.4,120.0,0.0,151.20000000000002,,,,,,False,False,['D'],2,0.0,0.0,-0.5866492275376717,1.2766042738508079,0.6928394354768516,-0.4011661688965146,0.899254772560343,1.0090353665442249,0.03482652865396819,-0.544774682906941,0.7053081116684665,0.0,,,,,3.085278409413535,,Filip Hronek,KYYYYLE….,jeremy elgressy,3.067652809715769,-0.017625599697765833,25,48,True
Sergachev,Mikhail Sergachev,UTA,Utah Mammoth,D,38.0,8.842105263157894,46.42105263157895,22.105263157894736,2.2105263157894735,0.0,179.0526315789474,-15.473684210526315,53.05263157894736,0.0,39.78947368421053,,,,,mikhailsergachev,,8.842105263157894,46.42105263157895,-15.473684210526315,53.05263157894736,22.105263157894736,2.2105263157894735,179.0526315789474,0.0,39.78947368421053,,,,,,False,False,['D'],1,0.0,0.0,-0.2607809343693833,1.4578453413429582,-0.47805634214230347,0.36914857149121266,1.3788453762330857,0.9023725167829453,0.9703668670225526,-0.544774682906941,-0.7792988546480546,0.0,,,,,3.015667858806072,,Mikhail Sergachev,Better Safe Than Sorokin,Harley Pesner,2.9038130914933276,-0.11185476731274463,26,48,True
Morrissey,Josh Morrissey,WPG,Winnipeg Jets,D,35.0,12.0,57.6,19.2,0.0,0.0,151.20000000000002,21.599999999999998,28.8,0.0,50.4,,,,,joshmorrissey,,12.0,57.6,21.599999999999998,28.8,19.2,0.0,151.20000000000002,0.0,50.4,,,,,,False,False,['D'],1,0.0,0.0,-0.0061963303316578565,2.08685845793336,0.9750426461503898,-0.2738967770063683,1.1162124266027742,-0.34202739709864877,0.5291120122412203,-0.544774682906941,-0.6379077149988622,0.0,,,,,2.9024226405852667,,Josh Morrissey,Slaffing From The Throne,Rob,2.790567873272522,-0.11185476731274463,27,48,True
Montour,Brandon Montour,SEA,Seattle Kraken,D,27.0,18.666666666666664,31.11111111111111,12.444444444444443,0.0,1.0,211.55555555555557,-12.444444444444443,65.33333333333333,0.0,105.77777777777779,,,,,brandonmontour,,18.666666666666664,31.11111111111111,-12.444444444444443,65.33333333333333,12.444444444444443,0.0,211.55555555555557,0.0,105.77777777777779,,,,,,False,False,['D'],3,0.0,0.0,0.5312600559702066,0.5963908847444686,-0.359325621602267,0.6947647057130781,0.5055168078166713,-0.34202739709864877,1.485293902143625,-0.544774682906941,0.10003184409615172,0.0,,,,,2.6671304988763445,,Brandon Montour,Better Safe Than Sorokin,Harley Pesner,2.7437340667935572,0.07660356791721296,28,48,True
Sanderson,Jake Sanderson,OTT,Ottawa Senators,D,35.0,16.8,45.599999999999994,26.4,0.0,1.0,182.39999999999998,9.6,4.8,0.0,28.8,,,,,jakesanderson,,16.8,45.599999999999994,9.6,4.8,26.4,0.0,182.39999999999998,0.0,28.8,,,,,,False,False,['D'],2,0.0,0.0,0.3807722678056848,1.4116466378645665,0.5047039616944926,-0.9102437364570997,1.7670853887300677,-0.34202739709864877,1.0233974958284715,-0.544774682906941,-0.9257396778561469,0.0,,,,,2.364820257604447,,Jake Sanderson,Oy Matvey,Henry,2.347194657906681,-0.017625599697765833,29,48,True
Lauzon,Jeremy Lauzon,VGK,Vegas Golden Knights,D,20.0,0.0,16.8,0.0,0.0,0.0,71.39999999999999,4.2,155.4,0.0,277.2,,,,,jeremylauzon,,0.0,16.8,4.2,155.4,0.0,0.0,71.39999999999999,0.0,277.2,,,,,,False,False,['D'],2,0.0,0.0,-0.9736178256750143,-0.20886173030053645,0.2930515536893388,3.0828334340962393,-0.6194488057366755,-0.34202739709864877,-0.7351181669338666,-0.544774682906941,2.3843278950026265,0.0,,,,,2.336364274136522,,Jeremy Lauzon,Slaffing From The Throne,Rob,2.318738674438756,-0.017625599697765833,30,48,True
Faber,Brock Faber,MIN,Minnesota Wild,D,37.0,13.621621621621623,29.513513513513516,15.891891891891893,2.27027027027027,1.0,186.16216216216216,15.891891891891893,13.621621621621623,0.0,31.783783783783786,,,,,brockfaber,,13.621621621621623,29.513513513513516,15.891891891891893,13.621621621621623,15.891891891891893,2.27027027027027,186.16216216216216,0.0,31.783783783783786,,,,,,False,False,['D'],2,0.0,0.0,0.12453630417420122,0.5064978196101849,0.7513139746254226,-0.6763432324427767,0.8171626872469906,0.9360049468878533,1.0829994876123816,-0.544774682906941,-0.8859791064103958,0.0,,,,,2.1114181983969207,,Brock Faber,Oy Matvey,Henry,2.093792598699155,-0.017625599697765833,31,48,True
Trouba,Jacob Trouba,ANA,Anaheim Ducks,D,36.0,14.0,23.333333333333336,0.0,2.333333333333333,1.0,149.33333333333331,28.0,14.0,0.0,168.0,,,,,jacobtrouba,,14.0,23.333333333333336,28.0,14.0,0.0,2.333333333333333,149.33333333333331,0.0,168.0,,,,,,False,False,['D'],2,0.0,0.0,0.15504058555890154,0.15875359395913985,1.2258899445268687,-0.6663107353343193,-0.6194488057366755,0.9715058453319227,0.4995393764710423,-0.544774682906941,0.9291774161130211,0.0,,,,,2.1093725379829604,,Jacob Trouba,Oy Matvey,Henry,2.0917469382851945,-0.017625599697765833,32,48,True
Weegar,MacKenzie Weegar,CGY,Calgary Flames,D,36.0,4.666666666666666,21.0,4.666666666666666,2.333333333333333,0.0,198.33333333333334,-44.333333333333336,81.66666666666667,0.0,214.66666666666666,,,,,mackenzieweegar,,4.666666666666666,21.0,-44.333333333333336,81.66666666666667,4.666666666666666,2.333333333333333,198.33333333333334,0.0,214.66666666666666,,,,,,False,False,['D'],2,0.0,0.0,-0.5973983552637091,0.027462406723541066,-1.609207125665624,1.1278341642281593,-0.19758670065417042,0.9715058453319227,1.2758210654382012,-0.544774682906941,1.551036595125673,0.0,,,,,2.004693212357053,,MacKenzie Weegar,Slaffing From The Throne,Rob,1.987067612659287,-0.017625599697765833,33,48,True
Hutson,Lane Hutson,MTL,Montréal Canadiens,D,36.0,11.666666666666668,63.0,21.0,0.0,1.0,142.33333333333334,7.0,9.333333333333332,0.0,42.0,,,,,lanehutson,,11.666666666666668,63.0,7.0,9.333333333333332,21.0,0.0,142.33333333333334,0.0,42.0,,,,,,False,False,['D'],2,0.0,0.0,-0.03306914964675099,2.3907037769643167,0.40279724672904815,-0.7900448663386281,1.2789306671345977,-0.34202739709864877,0.3886419923328772,-0.544774682906941,-0.7498423672211395,0.0,,,,,2.0013152199487316,,Lane Hutson,Better Safe Than Sorokin,Harley Pesner,1.9836896202509657,-0.017625599697765833,34,48,True
Stanley,Logan Stanley,WPG,Winnipeg Jets,D,35.0,14.4,14.4,0.0,0.0,1.0,93.60000000000001,-2.4,165.60000000000002,0.0,148.79999999999998,,,,,loganstanley,,14.4,14.4,-2.4,165.60000000000002,0.0,0.0,93.60000000000001,0.0,148.79999999999998,,,,,,False,False,['D'],1,0.0,0.0,0.18728796873701345,-0.3439040943142951,0.03436527723859521,3.3532808918628008,-0.6194488057366755,-0.34202739709864877,-0.3834150343813986,-0.544774682906941,0.6733267824621011,0.0,,,,,2.014690905862552,,,,,1.9028361385498074,-0.11185476731274463,35,48,True
Dunn,Vince Dunn,SEA,Seattle Kraken,D,33.0,12.727272727272728,35.63636363636364,25.454545454545457,0.0,1.0,203.63636363636365,-35.63636363636364,76.36363636363636,0.0,25.454545454545457,,,,,vincedunn,,12.727272727272728,35.63636363636364,-35.63636363636364,76.36363636363636,25.454545454545457,0.0,203.63636363636365,0.0,25.454545454545457,,,,,,False,False,['D'],3,0.0,0.0,0.05243527544672747,0.8510162175650237,-1.268330351830163,0.9872271971778082,1.6816172219860799,-0.34202739709864877,1.3598342352398418,-0.544774682906941,-0.9703197125074435,0.0,,,,,1.8066780030722844,,Vince Dunn,Oy Matvey,Henry,1.8832815709894974,0.07660356791721296,36,48,True
Jones,Seth Jones,FLA,Florida Panthers,D,35.0,12.0,36.0,24.0,0.0,0.0,160.8,0.0,24.0,0.0,79.2,,,,,sethjones,,12.0,36.0,0.0,24.0,24.0,0.0,160.8,0.0,79.2,,,,,,False,False,['D'],2,0.0,0.0,-0.0061963303316578565,0.8714771818095324,0.12843301412977468,-0.4011661688965146,1.5501277346876365,-0.34202739709864877,0.68119985334499,-0.544774682906941,-0.2541317645224826,0.0,,,,,1.682941440215689,,Seth Jones,Hintz 57,Ryan,1.6653158405179231,-0.017625599697765833,37,48,True
Karlsson,Erik Karlsson,PIT,Pittsburgh Penguins,D,35.0,7.2,55.2,24.0,0.0,0.0,187.20000000000002,-9.6,28.8,0.0,14.4,,,,,erikkarlsson,,7.2,55.2,-9.6,28.8,24.0,0.0,187.20000000000002,0.0,14.4,,,,,,False,False,['D'],2,0.0,0.0,-0.3931649284690004,1.9518160939196014,-0.2478379334349432,-0.2738967770063683,1.5501277346876365,-0.34202739709864877,1.099441416380357,-0.544774682906941,-1.1176276530943365,0.0,,,,,1.6820558729773567,,Erik Karlsson,KYYYYLE….,jeremy elgressy,1.6644302732795908,-0.017625599697765833,38,48,True
Cernak,Erik Cernak,TBL,Tampa Bay Lightning,D,19.0,0.0,17.684210526315788,0.0,4.421052631578947,0.0,57.473684210526315,0.0,92.8421052631579,0.0,176.8421052631579,,,,,erikcernak,,0.0,17.684210526315788,0.0,92.8421052631579,0.0,4.421052631578947,57.473684210526315,0.0,176.8421052631579,,,,,,False,False,['D'],3,0.0,0.0,-0.9736178256750143,-0.1591092804007308,0.12843301412977468,1.424144846370057,-0.6194488057366755,2.1467724306645395,-0.9557455943245325,-0.544774682906941,1.0470033658206814,0.0,,,,,1.4936574679411585,,,,,1.5702610358583715,0.07660356791721296,39,48,True
Moser,J.J. Moser,TBL,Tampa Bay Lightning,D,33.0,7.636363636363637,22.909090909090907,0.0,2.5454545454545454,0.0,124.72727272727273,56.0,30.545454545454547,0.0,63.63636363636363,,,,,jjmoser,,7.636363636363637,22.909090909090907,56.0,30.545454545454547,0.0,2.5454545454545454,124.72727272727273,0.0,63.63636363636363,,,,,,False,False,['D'],3,0.0,0.0,-0.3579859650019693,0.13488246900721254,2.3233468749239625,-0.2276169981372242,-0.6194488057366755,1.0909179582801567,0.10971826859143069,-0.544774682906941,-0.46152583876981906,0.0,,,,,1.4475132802501334,,J.J. Moser,Hagel Cream Cheese & Larks,Ilan Weintraub,1.5241168481673464,0.07660356791721296,40,48,True
Klingberg,John Klingberg,SJS,San Jose Sharks,D,27.0,24.888888888888886,21.777777777777775,21.777777777777775,0.0,2.0,124.44444444444444,0.0,43.55555555555555,0.0,65.33333333333333,,,,,johnklingberg,,24.888888888888886,21.777777777777775,0.0,43.55555555555555,21.777777777777775,0.0,124.44444444444444,0.0,65.33333333333333,,,,,,False,False,['D'],2,0.0,0.0,1.0328860165186136,0.07122613580207379,0.12843301412977468,0.11733876102630339,1.3492410179816816,-0.34202739709864877,0.10523756620200973,-0.544774682906941,-0.4389127777148136,0.0,,,,,1.4786476539400533,,,,,1.4610220542422874,-0.017625599697765833,41,48,True
Walman,Jake Walman,EDM,Edmonton Oilers,D,17.0,14.823529411764707,34.588235294117645,4.9411764705882355,4.9411764705882355,1.0,113.64705882352942,-14.823529411764707,39.529411764705884,0.0,34.588235294117645,,,,,jakewalman,,14.823529411764707,34.588235294117645,-14.823529411764707,39.529411764705884,4.9411764705882355,4.9411764705882355,113.64705882352942,0.0,34.588235294117645,,,,,,False,False,['D'],2,0.0,0.0,0.22143225680795547,0.7920404970955566,-0.4525735960804515,0.010587746042193966,-0.17277128270814063,2.439572410401386,-0.06581983678234993,-0.544774682906941,-0.8486082368290314,0.0,,,,,1.3790852750401772,,,,,1.3614596753424113,-0.017625599697765833,42,48,True
Burns,Brent Burns,COL,Colorado Avalanche,D,35.0,12.0,33.6,2.4,0.0,3.0,172.79999999999998,50.4,38.4,0.0,14.4,,,,,brentburns,,12.0,33.6,50.4,38.4,2.4,0.0,172.79999999999998,0.0,14.4,,,,,,False,False,['D'],2,0.0,0.0,-0.0061963303316578565,0.7364348177957738,2.1038554888445438,-0.019357993226075825,-0.4024911516942443,-0.34202739709864877,0.8713096547247018,-0.544774682906941,-1.1176276530943365,0.0,,,,,1.2791247530131153,,Brent Burns,Hagel Cream Cheese & Larks,Ilan Weintraub,1.2614991533153495,-0.017625599697765833,43,48,True
Faulk,Justin Faulk,STL,St. Louis Blues,D,37.0,20.432432432432435,22.702702702702705,15.891891891891893,0.0,3.0,156.64864864864865,-4.54054054054054,49.94594594594595,0.0,70.37837837837837,,,,,justinfaulk,,20.432432432432435,22.702702702702705,-4.54054054054054,49.94594594594595,15.891891891891893,0.0,156.64864864864865,0.0,70.37837837837837,,,,,,False,False,['D'],2,0.0,0.0,0.6736133690988091,0.12326948930086995,-0.04953297458326756,0.286776489969141,0.8171626872469906,-0.34202739709864877,0.6154321382730893,-0.544774682906941,-0.37168475836209447,0.0,,,,,1.208234360937948,,Justin Faulk,Oy Matvey,Henry,1.1906087612401821,-0.017625599697765833,44,48,True
Ekman-Larsson,Oliver Ekman-Larsson,TOR,Toronto Maple Leafs,D,35.0,14.4,38.4,7.2,0.0,0.0,124.80000000000001,-7.2,62.400000000000006,0.0,112.8,,,,,oliverekmanlarsson,,14.4,38.4,-7.2,62.400000000000006,7.2,0.0,124.80000000000001,0.0,112.8,,,,,,False,False,['D'],3,0.0,0.0,0.18728796873701345,1.006519545823291,-0.15377019654376375,0.6169889662246557,0.03142415639061815,-0.34202739709864877,0.11087044920585326,-0.544774682906941,0.19360684436662684,0.0,,,,,1.106125654198705,,Oliver Ekman-Larsson,KYYYYLE….,jeremy elgressy,1.182729222115918,0.07660356791721296,45,48,True
Warren,Marshall Warren,NYI,New York Islanders,D,3.0,0.0,56.0,0.0,0.0,0.0,28.0,28.0,112.0,0.0,84.0,,,,,marshallwarren,,0.0,56.0,28.0,112.0,0.0,0.0,28.0,0.0,84.0,,,,,,False,False,['D'],3,0.0,0.0,-0.9736178256750143,1.9968302152575208,1.2258899445268687,1.932106015756167,-0.6194488057366755,-0.34202739709864877,-1.4226819485904925,-0.544774682906941,-0.19016910610975268,0.0,,,,,1.0621064094230324,,,,,1.1387099773402454,0.07660356791721296,46,48,True
Hedman,Victor Hedman,TBL,Tampa Bay Lightning,D,18.0,0.0,56.0,28.0,0.0,0.0,116.66666666666666,0.0,28.0,0.0,37.33333333333333,,,,,victorhedman,,0.0,56.0,0.0,28.0,28.0,0.0,116.66666666666666,0.0,37.33333333333333,,,,,,False,False,['D'],3,0.0,0.0,-0.9736178256750143,1.9968302152575208,0.12843301412977468,-0.2951083423213927,1.9117238247583552,-0.34202739709864877,-0.017981749507063147,-0.544774682906941,-0.8120282851224048,0.0,,,,,1.051448771514186,,Victor Hedman,Filip Use the Forceberg,Philip,1.128052339431399,0.07660356791721296,47,48,True
Legault,Charles Alexis Legault,CAR,Carolina Hurricanes,D,8.0,10.5,10.5,0.0,0.0,0.0,105.0,42.0,105.0,0.0,94.5,,,,,charlesalexislegault,,10.5,10.5,42.0,105.0,0.0,0.0,105.0,0.0,94.5,,,,,,False,False,['D'],2,0.0,0.0,-0.12712401724957742,-0.5633479358366529,1.7746184097254156,1.7465048192497037,-0.6194488057366755,-0.34202739709864877,-0.20281072307067213,-0.544774682906941,-0.05025079083190597,0.0,,,,,1.0713388762440452,,,,,1.0537132765462793,-0.017625599697765833,48,48,True
Edvinsson,Simon Edvinsson,DET,Detroit Red Wings,D,34.0,9.882352941176471,19.764705882352942,0.0,0.0,1.0,106.23529411764706,14.823529411764707,118.58823529411765,0.0,101.29411764705881,,,,,simonedvinsson,,9.882352941176471,19.764705882352942,14.823529411764707,118.58823529411765,0.0,0.0,106.23529411764706,0.0,101.29411764705881,,,,,,False,False,['D'],3,0.0,0.0,-0.17691777068636777,-0.042044692401187585,0.7094396243400009,2.1067894948210735,-0.6194488057366755,-0.34202739709864877,-0.1832405964580547,-0.544774682906941,0.04028458964199469,0.0,,,,,0.9480597635151936,,Simon Edvinsson,KYYYYLE….,jeremy elgressy,1.0246633314324065,0.07660356791721296,49,48,False
Josi,Roman Josi,NSH,Nashville Predators,D,23.0,7.304347826086956,47.47826086956521,14.608695652173912,0.0,0.0,204.5217391304348,-25.56521739130435,58.43478260869565,0.0,29.217391304347824,,,,,romanjosi,,7.304347826086956,47.47826086956521,-25.56521739130435,58.43478260869565,14.608695652173912,0.0,204.5217391304348,0.0,29.217391304347824,,,,,,False,False,['D'],2,0.0,0.0,-0.3847525676399278,1.5173319662231601,-0.873592878841485,0.511853381619752,0.701163001478123,-0.34202739709864877,1.3738607818502027,-0.544774682906941,-0.9201777075593877,0.0,,,,,1.038883897124848,,Roman Josi,KYYYYLE….,jeremy elgressy,1.021258297427082,-0.017625599697765833,50,48,False
Nikishin,Alexander Nikishin,CAR,Carolina Hurricanes,D,34.0,9.882352941176471,22.235294117647058,2.4705882352941178,0.0,0.0,140.8235294117647,32.11764705882353,29.647058823529413,0.0,163.05882352941177,,,,,alexandernikishin,,9.882352941176471,22.235294117647058,32.11764705882353,29.647058823529413,2.4705882352941178,0.0,140.8235294117647,0.0,163.05882352941177,,,,,,False,False,['D'],2,0.0,0.0,-0.17691777068636777,0.09696950584826972,1.3872806695852649,-0.251437472555166,-0.39611004422240803,-0.34202739709864877,0.3647229486952334,-0.544774682906941,0.8633335030410932,0.0,,,,,1.0010392597003297,,Alexander Nikishin,Better Safe Than Sorokin,Harley Pesner,0.9834136600025639,-0.017625599697765833,51,48,False
Ristolainen,Rasmus Ristolainen,PHI,Philadelphia Flyers,D,3.0,0.0,0.0,0.0,0.0,0.0,168.0,0.0,112.0,0.0,224.0,,,,,rasmusristolainen,,0.0,0.0,0.0,112.0,0.0,0.0,168.0,0.0,224.0,,,,,,False,False,['D'],3,0.0,0.0,-0.9736178256750143,-1.1541582783968467,0.12843301412977468,1.932106015756167,-0.6194488057366755,-0.34202739709864877,0.7952657341728172,-0.544774682906941,1.6754084309282036,0.0,,,,,0.8971862051728359,,,,,0.9737897730900489,0.07660356791721296,52,48,False
Walker,Sean Walker,CAR,Carolina Hurricanes,D,35.0,9.6,16.8,2.4,2.4,0.0,192.0,-16.8,43.199999999999996,0.0,134.4,,,,,seanwalker,,9.6,16.8,-16.8,43.199999999999996,2.4,2.4,192.0,0.0,134.4,,,,,,False,False,['D'],2,0.0,0.0,-0.19968062940032916,-0.20886173030053645,-0.5300411441084817,0.10791139866407036,-0.4024911516942443,1.0090353665442249,1.1754853369322418,-0.544774682906941,0.48143880722391164,0.0,,,,,0.888021570953916,,,,,0.8703959712561502,-0.017625599697765833,53,48,False
Edmundson,Joel Edmundson,LAK,Los Angeles Kings,D,34.0,4.9411764705882355,27.176470588235297,2.4705882352941178,2.4705882352941178,0.0,111.17647058823529,14.823529411764707,42.0,0.0,111.17647058823529,,,,,joeledmundson,,4.9411764705882355,27.176470588235297,14.823529411764707,42.0,2.4705882352941178,2.4705882352941178,111.17647058823529,0.0,111.17647058823529,,,,,,False,False,['D'],3,0.0,0.0,-0.5752677981806911,0.3749979023471847,0.7094396243400009,0.07609405069153391,-0.39611004422240803,1.0487725066513685,-0.10496009000758501,-0.544774682906941,0.1719724157858505,0.0,,,,,0.7601638844983134,,,,,0.8367674524155264,0.07660356791721296,54,48,False
Letang,Kris Letang,PIT,Pittsburgh Penguins,D,35.0,4.8,36.0,16.8,0.0,1.0,136.8,2.4,38.4,0.0,98.4,,,,,krisletang,,4.8,36.0,2.4,38.4,16.8,0.0,136.8,0.0,98.4,,,,,,False,False,['D'],2,0.0,0.0,-0.5866492275376717,0.8714771818095324,0.22250075102095418,-0.019357993226075825,0.899254772560343,-0.34202739709864877,0.3009802505855655,-0.544774682906941,0.0017188691284371715,0.0,,,,,0.803122524335495,,,,,0.7854969246377292,-0.017625599697765833,55,48,False
Dillon,Brenden Dillon,NJD,New Jersey Devils,D,36.0,7.0,16.333333333333332,0.0,2.333333333333333,2.0,65.33333333333333,-4.666666666666666,77.0,0.0,210.0,,,,,brendendillon,,7.0,16.333333333333332,-4.666666666666666,77.0,0.0,2.333333333333333,65.33333333333333,0.0,210.0,,,,,,False,False,['D'],2,0.0,0.0,-0.4092886200580564,-0.23511996774765628,-0.054476474269740935,1.0041000332238503,-0.6194488057366755,0.9715058453319227,-0.8312292331869433,-0.544774682906941,1.488850677224408,0.0,,,,,0.7701187718741679,,,,,0.7524931721764021,-0.017625599697765833,56,48,False
Theodore,Shea Theodore,VGK,Vegas Golden Knights,D,31.0,10.838709677419354,43.354838709677416,10.838709677419354,0.0,2.0,200.51612903225808,13.548387096774194,16.258064516129032,0.0,2.7096774193548385,,,,,sheatheodore,,10.838709677419354,43.354838709677416,13.548387096774194,16.258064516129032,10.838709677419354,0.0,200.51612903225808,0.0,2.7096774193548385,,,,,,False,False,['D'],2,0.0,0.0,-0.09981776536488596,1.285316684432341,0.6594605610961104,-0.606439381622557,0.3603599544549492,-0.34202739709864877,1.3104019701694571,-0.544774682906941,-1.2734076760027595,0.0,,,,,0.7490722671570655,,Shea Theodore,Hintz 57,Ryan,0.7314466674592998,-0.017625599697765833,57,48,False
DeMelo,Dylan DeMelo,WPG,Winnipeg Jets,D,35.0,2.4,28.8,0.0,2.4,0.0,57.6,24.0,67.2,0.0,127.19999999999999,,,,,dylandemelo,,2.4,28.8,24.0,67.2,0.0,2.4,57.6,0.0,127.19999999999999,,,,,,False,False,['D'],1,0.0,0.0,-0.7801335266063429,0.4663500897682566,1.0691103830415696,0.7442583581148019,-0.6194488057366755,1.0090353665442249,-0.9537444385205355,-0.544774682906941,0.3854948196048165,0.0,,,,,0.7761475633031745,,,,,0.6642927959904299,-0.11185476731274463,58,48,False
Doughty,Drew Doughty,LAK,Los Angeles Kings,D,27.0,6.222222222222221,24.888888888888886,3.1111111111111107,3.1111111111111107,0.0,112.0,31.11111111111111,31.11111111111111,0.0,40.44444444444444,,,,,drewdoughty,,6.222222222222221,24.888888888888886,31.11111111111111,31.11111111111111,3.1111111111111107,3.1111111111111107,112.0,0.0,40.44444444444444,,,,,,False,False,['D'],3,0.0,0.0,-0.4719918651266073,0.2462810521162053,1.347829603459879,-0.21261892165185345,-0.33820740234833874,1.4093502594754466,-0.09191333893250665,-0.544774682906941,-0.7705710065215613,0.0,,,,,0.5733836975637222,,,,,0.6499872654809351,0.07660356791721296,59,48,False
Petrovic,Alexander Petrovic,DAL,Dallas Stars,D,35.0,4.8,16.8,0.0,0.0,0.0,98.4,14.4,112.8,0.0,134.4,,,,,alexanderpetrovic,,4.8,16.8,14.4,112.8,0.0,0.0,98.4,0.0,134.4,,,,,,False,False,['D'],2,0.0,0.0,-0.5866492275376717,-0.20886173030053645,0.6928394354768516,1.9533175810711911,-0.6194488057366755,-0.34202739709864877,-0.30737111382951376,-0.544774682906941,0.48143880722391164,0.0,,,,,0.5184628663619671,,,,,0.5008372666642014,-0.017625599697765833,60,48,False
Orlov,Dmitry Orlov,SJS,San Jose Sharks,D,36.0,2.333333333333333,39.666666666666664,16.333333333333332,0.0,0.0,95.66666666666666,-2.333333333333333,51.333333333333336,0.0,114.33333333333334,,,,,dmitryorlov,,2.333333333333333,39.666666666666664,-2.333333333333333,51.333333333333336,16.333333333333332,0.0,95.66666666666666,0.0,114.33333333333334,,,,,,False,False,['D'],2,0.0,0.0,-0.7855080904693615,1.0777919046083302,0.03697826993001688,0.3235623127001517,0.8570685620520924,-0.34202739709864877,-0.35067390192155956,-0.544774682906941,0.21403936024847128,0.0,,,,,0.48645633714255154,,,,,0.4688307374447857,-0.017625599697765833,61,48,False
Wotherspoon,Parker Wotherspoon,PIT,Pittsburgh Penguins,D,35.0,4.8,19.2,0.0,2.4,1.0,81.6,2.4,67.2,0.0,165.60000000000002,,,,,parkerwotherspoon,,4.8,19.2,2.4,67.2,0.0,2.4,81.6,0.0,165.60000000000002,,,,,,False,False,['D'],2,0.0,0.0,-0.5866492275376717,-0.07381936628677793,0.22250075102095418,0.7442583581148019,-0.6194488057366755,1.0090353665442249,-0.5735248357611111,-0.544774682906941,0.8971960869066564,0.0,,,,,0.4747736443574603,,,,,0.45714804465969444,-0.017625599697765833,62,48,False
Hamilton,Dougie Hamilton,NJD,New Jersey Devils,D,32.0,10.5,10.5,10.5,0.0,1.0,207.375,-7.875,63.0,0.0,86.625,,,,,dougiehamilton,,10.5,10.5,-7.875,63.0,10.5,0.0,207.375,0.0,86.625,,,,,,False,False,['D'],2,0.0,0.0,-0.12712401724957742,-0.5633479358366529,-0.18022674754440796,0.6328976402109238,0.32974093069896104,-0.34202739709864877,1.419063519949998,-0.544774682906941,-0.155189527290291,0.0,,,,,0.46901178293336376,,Dougie Hamilton,Slaffing From The Throne,Rob,0.4513861832355979,-0.017625599697765833,63,48,False
Hughes,Luke Hughes,NJD,New Jersey Devils,D,36.0,7.0,37.33333333333333,11.666666666666668,0.0,0.0,191.33333333333331,-7.0,51.333333333333336,0.0,23.333333333333336,,,,,lukehughes,,7.0,37.33333333333333,-7.0,51.333333333333336,11.666666666666668,0.0,191.33333333333331,0.0,23.333333333333336,,,,,,False,False,['D'],2,0.0,0.0,-0.4092886200580564,0.9465007173727313,-0.14593121846949877,0.3235623127001517,0.43520645696958743,-0.34202739709864877,1.1649236813000352,-0.544774682906941,-0.9985860388262002,0.0,,,,,0.4295852109831606,,Luke Hughes,Hintz 57,Ryan,0.41195961128539477,-0.017625599697765833,64,48,False
Gudas,Radko Gudas,ANA,Anaheim Ducks,D,25.0,3.36,23.520000000000003,0.0,0.0,0.0,117.6,-6.72,30.24,0.0,302.40000000000003,,,,,radkogudas,,3.36,23.520000000000003,-6.72,30.24,0.0,0.0,117.6,0.0,302.40000000000003,,,,,,False,False,['D'],2,0.0,0.0,-0.7027398069788745,0.1692568889379878,-0.13495664916552783,-0.23571595943932447,-0.6194488057366755,-0.34202739709864877,-0.003195431621974355,-0.544774682906941,2.7201318516694593,0.0,,,,,0.3065300076594806,,Radko Gudas,Oy Matvey,Henry,0.28890440796171474,-0.017625599697765833,65,48,False
Sanheim,Travis Sanheim,PHI,Philadelphia Flyers,D,34.0,7.411764705882353,32.11764705882353,7.411764705882353,2.4705882352941178,1.0,108.70588235294119,7.411764705882353,24.705882352941178,0.0,51.88235294117647,,,,,travissanheim,,7.411764705882353,32.11764705882353,7.411764705882353,24.705882352941178,7.411764705882353,2.4705882352941178,108.70588235294119,0.0,51.88235294117647,,,,,,False,False,['D'],3,0.0,0.0,-0.3760927844335294,0.6530262988460993,0.4189363192348878,-0.382450081853846,0.050567478806126796,1.0487725066513685,-0.14410034323281962,-0.544774682906941,-0.6181545410772838,0.0,,,,,0.10573017003406249,,,,,0.18233373795127544,0.07660356791721296,66,48,False
Lamoureux,Maveric Lamoureux,UTA,Utah Mammoth,D,5.0,0.0,16.8,0.0,0.0,0.0,67.2,67.2,33.6,0.0,184.8,,,,,mavericlamoureux,,0.0,16.8,67.2,33.6,0.0,0.0,67.2,0.0,184.8,,,,,,False,False,['D'],1,0.0,0.0,-0.9736178256750143,-0.20886173030053645,2.7623296470828,-0.146627385116222,-0.6194488057366755,-0.34202739709864877,-0.8016565974167656,-0.544774682906941,1.1530467205575758,0.0,,,,,0.2783619433895719,,,,,0.16650717607682725,-0.11185476731274463,67,48,False
Lilleberg,Emil Lilleberg,TBL,Tampa Bay Lightning,D,32.0,5.25,10.5,0.0,0.0,0.0,63.0,23.625,112.875,0.0,139.125,,,,,emillilleberg,,5.25,10.5,23.625,112.875,0.0,0.0,63.0,0.0,139.125,,,,,,False,False,['D'],3,0.0,0.0,-0.5503709214622958,-0.5633479358366529,1.0544122991523228,1.9553061653194748,-0.6194488057366755,-0.34202739709864877,-0.868195027899665,-0.544774682906941,0.5444020490989425,0.0,,,,,0.06595574262986093,,,,,0.14255931054707388,0.07660356791721296,68,48,False
Malinski,Sam Malinski,COL,Colorado Avalanche,D,35.0,7.2,36.0,2.4,0.0,1.0,141.6,36.0,28.8,0.0,45.599999999999994,,,,,sammalinski,,7.2,36.0,36.0,28.8,2.4,0.0,141.6,0.0,45.599999999999994,,,,,,False,False,['D'],2,0.0,0.0,-0.3931649284690004,0.8714771818095324,1.5394490674974668,-0.2738967770063683,-0.4024911516942443,-0.34202739709864877,0.3770241711374501,-0.544774682906941,-0.7018703734115922,0.0,,,,,0.12972510985765429,,,,,0.11209951015988845,-0.017625599697765833,69,48,False
Skinner,Hunter Skinner,STL,St. Louis Blues,D,1.0,0.0,0.0,0.0,0.0,0.0,0.0,84.0,0.0,0.0,336.0,,,,,hunterskinner,,0.0,0.0,84.0,0.0,0.0,0.0,0.0,0.0,336.0,,,,,,False,False,['D'],2,0.0,0.0,-0.9736178256750143,-1.1541582783968467,3.4208038053210563,-1.0375131283472458,-0.6194488057366755,-0.34202739709864877,-1.8662714851431543,-0.544774682906941,3.1678704605585684,0.0,,,,,0.05086266257509786,,,,,0.033237062877332024,-0.017625599697765833,70,48,False
Lindell,Esa Lindell,DAL,Dallas Stars,D,37.0,9.08108108108108,29.513513513513516,0.0,2.27027027027027,0.0,88.54054054054053,45.40540540540541,13.621621621621623,0.0,40.86486486486487,,,,,esalindell,,9.08108108108108,29.513513513513516,45.40540540540541,13.621621621621623,0.0,2.27027027027027,88.54054054054053,0.0,40.86486486486487,,,,,,False,False,['D'],2,0.0,0.0,-0.24151507244220405,0.5064978196101849,1.9080929012601975,-0.6763432324427767,-0.6194488057366755,0.9360049468878533,-0.46356943712527754,-0.544774682906941,-0.7649686715755013,0.0,,,,,0.03997576552885962,,,,,0.022350165831093786,-0.017625599697765833,71,48,False
Reilly,Mike Reilly,CAR,Carolina Hurricanes,D,22.0,3.8181818181818183,15.272727272727273,0.0,3.8181818181818183,0.0,137.45454545454547,26.727272727272727,30.545454545454547,0.0,30.545454545454547,,,,,mikereilly,,3.8181818181818183,15.272727272727273,26.727272727272727,30.545454545454547,0.0,3.8181818181818183,137.45454545454547,0.0,30.545454545454547,,,,,,False,False,['D'],2,0.0,0.0,-0.6658018953384918,-0.29479778012747376,1.176005538599728,-0.2276169981372242,-0.6194488057366755,1.8073906359695595,0.311349876115368,-0.544774682906941,-0.9024805293424268,0.0,,,,,0.0398253590954224,,,,,0.022199759397656563,-0.017625599697765833,72,48,False
Zellweger,Olen Zellweger,ANA,Anaheim Ducks,D,35.0,12.0,24.0,7.2,0.0,1.0,146.4,21.599999999999998,38.4,0.0,43.199999999999996,,,,,olenzellweger,,12.0,24.0,21.599999999999998,38.4,7.2,0.0,146.4,0.0,43.199999999999996,,,,,,False,False,['D'],2,0.0,0.0,-0.0061963303316578565,0.19626536174073933,0.9750426461503898,-0.019357993226075825,0.03142415639061815,-0.34202739709864877,0.4530680916893352,-0.544774682906941,-0.7338517026179572,0.0,,,,,0.00959214978980194,,Olen Zellweger,Filip Use the Forceberg,Philip,-0.008033449907963893,-0.017625599697765833,73,48,False
Pionk,Neal Pionk,WPG,Winnipeg Jets,D,31.0,5.419354838709677,10.838709677419354,5.419354838709677,0.0,1.0,184.25806451612902,2.7096774193548385,32.516129032258064,0.0,178.83870967741933,,,,,nealpionk,,5.419354838709677,10.838709677419354,2.7096774193548385,32.516129032258064,5.419354838709677,0.0,184.25806451612902,0.0,178.83870967741933,,,,,,False,False,['D'],1,0.0,0.0,-0.5367177955199501,-0.5442895376895499,0.23463852352304182,-0.175365634897868,-0.1295444256408631,-0.34202739709864877,1.052833852171137,-0.544774682906941,1.0736092254320884,0.0,,,,,0.0883621273724462,,Neal Pionk,Filip Use the Forceberg,Philip,-0.023492639940298432,-0.11185476731274463,74,48,False
Dobson,Noah Dobson,MTL,Montréal Canadiens,D,36.0,14.0,32.666666666666664,4.666666666666666,0.0,1.0,154.0,4.666666666666666,46.66666666666667,0.0,32.666666666666664,,,,,noahdobson,,14.0,32.666666666666664,4.666666666666666,46.66666666666667,4.666666666666666,0.0,154.0,0.0,32.666666666666664,,,,,,False,False,['D'],2,0.0,0.0,0.15504058555890154,0.6839183429015342,0.3113425025292903,0.1998281816958429,-0.19758670065417042,-0.34202739709864877,0.5734709658964863,-0.544774682906941,-0.8742142030236701,0.0,,,,,-0.0350024051013752,,Noah Dobson,Hagel Cream Cheese & Larks,Ilan Weintraub,-0.05262800479914104,-0.017625599697765833,75,48,False
Levshunov,Artyom Levshunov,CHI,Chicago Blackhawks,D,33.0,2.5454545454545454,35.63636363636364,22.909090909090907,0.0,0.0,104.36363636363636,-25.454545454545457,56.0,0.0,84.0,,,,,artyomlevshunov,,2.5454545454545454,35.63636363636364,-25.454545454545457,56.0,22.909090909090907,0.0,104.36363636363636,0.0,84.0,,,,,,False,False,['D'],3,0.0,0.0,-0.768407205450666,0.8510162175650237,-0.8692551044130381,0.4472964437044605,1.451510619213804,-0.34202739709864877,-0.21289230344686905,-0.544774682906941,-0.19016910610975268,0.0,,,,,-0.17770251894262729,,Artyom Levshunov,Filip Use the Forceberg,Philip,-0.10109895102541433,0.07660356791721296,76,48,False
Chiarot,Ben Chiarot,DET,Detroit Red Wings,D,37.0,9.08108108108108,9.08108108108108,0.0,0.0,0.0,97.62162162162161,2.27027027027027,81.72972972972974,0.0,186.16216216216216,,,,,benchiarot,,9.08108108108108,9.08108108108108,2.27027027027027,81.72972972972974,0.0,0.0,97.62162162162161,0.0,186.16216216216216,,,,,,False,False,['D'],3,0.0,0.0,-0.24151507244220405,-0.6431871713177602,0.2174160084862958,1.1295062470795691,-0.6194488057366755,-0.34202739709864877,-0.31970256040549533,-0.544774682906941,1.17119828578281,0.0,,,,,-0.19253514855905007,,Ben Chiarot,Slaffing From The Throne,Rob,-0.11593158064183712,0.07660356791721296,77,48,False
McCabe,Jake McCabe,TOR,Toronto Maple Leafs,D,35.0,7.2,28.8,0.0,0.0,0.0,57.6,28.8,60.0,0.0,122.39999999999999,,,,,jakemccabe,,7.2,28.8,28.8,60.0,0.0,0.0,57.6,0.0,122.39999999999999,,,,,,False,False,['D'],3,0.0,0.0,-0.3931649284690004,0.4663500897682566,1.2572458568239284,0.5533542702795824,-0.6194488057366755,-0.34202739709864877,-0.9537444385205355,-0.544774682906941,0.3215321611920866,0.0,,,,,-0.2546778746679471,,Jake McCabe,Hagel Cream Cheese & Larks,Ilan Weintraub,-0.17807430675073416,0.07660356791721296,78,48,False
Rielly,Morgan Rielly,TOR,Toronto Maple Leafs,D,34.0,12.352941176470589,46.94117647058824,9.882352941176471,0.0,2.0,172.94117647058823,-17.294117647058822,14.823529411764707,0.0,34.588235294117645,,,,,morganrielly,,12.352941176470589,46.94117647058824,-17.294117647058822,14.823529411764707,9.882352941176471,0.0,172.94117647058823,0.0,34.588235294117645,,,,,,False,False,['D'],3,0.0,0.0,0.022257243060793845,1.4871114883428438,-0.5494080311154892,-0.6444753004512059,0.27390624032039423,-0.34202739709864877,0.8735462406232869,-0.544774682906941,-0.8486082368290314,0.0,,,,,-0.2724724360539973,,Morgan Rielly,Hintz 57,Ryan,-0.19586886813678434,0.07660356791721296,79,48,False
Clarke,Brandt Clarke,LAK,Los Angeles Kings,D,34.0,12.352941176470589,24.705882352941178,4.9411764705882355,0.0,2.0,155.64705882352942,12.352941176470589,39.529411764705884,0.0,44.470588235294116,,,,,brandtclarke,,12.352941176470589,24.705882352941178,12.352941176470589,39.529411764705884,4.9411764705882355,0.0,155.64705882352942,0.0,44.470588235294116,,,,,,False,False,['D'],3,0.0,0.0,0.022257243060793845,0.2359837040977272,0.6126051893049632,0.010587746042193966,-0.17277128270814063,-0.34202739709864877,0.599564468046643,-0.544774682906941,-0.7169204106851756,0.0,,,,,-0.2954954228465848,,Brandt Clarke,The Makar Of The Devil,Lev,-0.21889185492937185,0.07660356791721296,80,48,False
Nemec,Simon Nemec,NJD,New Jersey Devils,D,31.0,18.967741935483872,29.806451612903228,2.7096774193548385,0.0,2.0,135.48387096774192,10.838709677419354,43.354838709677416,0.0,24.38709677419355,,,,,simonnemec,,18.967741935483872,29.806451612903228,10.838709677419354,43.354838709677416,2.7096774193548385,0.0,135.48387096774192,0.0,24.38709677419355,,,,,,False,False,['D'],2,0.0,0.0,0.5555322798677105,0.5229807585482199,0.5532550517028433,0.11201686291859124,-0.37449661568876924,-0.34202739709864877,0.2801294981761773,-0.544774682906941,-0.9845440573646244,0.0,,,,,-0.22192830184544088,,Simon Nemec,KYYYYLE….,jeremy elgressy,-0.23955390154320672,-0.017625599697765833,81,48,False
Ekholm,Mattias Ekholm,EDM,Edmonton Oilers,D,37.0,6.810810810810811,31.783783783783786,4.54054054054054,0.0,1.0,158.9189189189189,6.810810810810811,31.783783783783786,0.0,79.45945945945945,,,,,mattiasekholm,,6.810810810810811,31.783783783783786,6.810810810810811,31.783783783783786,4.54054054054054,0.0,158.9189189189189,0.0,79.45945945945945,,,,,,False,False,['D'],2,0.0,0.0,-0.42454076075040653,0.6342405963799566,0.39538199719933814,-0.19478337123681788,-0.20898837916991375,-0.34202739709864877,0.6513988574530347,-0.544774682906941,-0.2506743235272,0.0,,,,,-0.28476746365759853,,,,,-0.30239306335536437,-0.017625599697765833,82,48,False
Toews,Devon Toews,COL,Colorado Avalanche,D,35.0,2.4,26.4,0.0,0.0,0.0,144.0,55.2,33.6,0.0,28.8,,,,,devontoews,,2.4,26.4,55.2,33.6,0.0,0.0,144.0,0.0,28.8,,,,,,False,False,['D'],2,0.0,0.0,-0.7801335266063429,0.33130772575449785,2.291990962626903,-0.146627385116222,-0.6194488057366755,-0.34202739709864877,0.4150461314133927,-0.544774682906941,-0.9257396778561469,0.0,,,,,-0.32040665552618375,,Devon Toews,Slaffing From The Throne,Rob,-0.3380322552239496,-0.017625599697765833,83,48,False
Pachal,Brayden Pachal,CGY,Calgary Flames,D,21.0,0.0,12.0,0.0,0.0,0.0,52.0,0.0,132.0,0.0,180.0,,,,,braydenpachal,,0.0,12.0,0.0,132.0,0.0,0.0,52.0,0.0,180.0,,,,,,False,False,['D'],2,0.0,0.0,-0.9736178256750143,-0.4789464583280537,0.12843301412977468,2.462395148631776,-0.6194488057366755,-0.34202739709864877,-1.042462345831068,-0.544774682906941,1.0890840621448459,0.0,,,,,-0.32136529067000463,,,,,-0.33899089036777047,-0.017625599697765833,84,48,False
Bichsel,Lian Bichsel,DAL,Dallas Stars,D,26.0,3.230769230769231,6.461538461538462,0.0,0.0,0.0,29.076923076923077,19.384615384615387,71.07692307692308,0.0,274.6153846153846,,,,,lianbichsel,,3.230769230769231,6.461538461538462,19.384615384615387,71.07692307692308,0.0,0.0,29.076923076923077,0.0,274.6153846153846,,,,,,False,False,['D'],2,0.0,0.0,-0.7131581923133413,-0.790582682975189,0.8882108890200706,0.8470528669491507,-0.6194488057366755,-0.34202739709864877,-1.4056208125692362,-0.544774682906941,2.349886463549618,0.0,,,,,-0.3304623540811926,,,,,-0.34808795377895846,-0.017625599697765833,85,48,False
Samuelsson,Mattias Samuelsson,BUF,Buffalo Sabres,D,33.0,12.727272727272728,22.909090909090907,0.0,0.0,2.0,112.0,30.545454545454547,20.363636363636363,0.0,117.0909090909091,,,,,mattiassamuelsson,,12.727272727272728,22.909090909090907,30.545454545454547,20.363636363636363,0.0,0.0,112.0,0.0,117.0909090909091,,,,,,False,False,['D'],2,0.0,0.0,0.05243527544672747,0.13488246900721254,1.32565875638115,-0.4975823748738981,-0.6194488057366755,-0.34202739709864877,-0.09191333893250665,-0.544774682906941,0.2507855844628552,0.0,,,,,-0.3319845142507248,,,,,-0.3496101139484906,-0.017625599697765833,86,48,False
Blankenburg,Nick Blankenburg,NSH,Nashville Predators,D,25.0,13.44,33.6,20.16,0.0,0.0,131.04,-23.520000000000003,20.16,0.0,63.84,,,,,nickblankenburg,,13.44,33.6,-23.520000000000003,20.16,20.16,0.0,131.04,0.0,63.84,,,,,,False,False,['D'],2,0.0,0.0,0.10989424910954487,0.7364348177957738,-0.7934308074037842,-0.5029816824086316,1.2029954882197467,-0.34202739709864877,0.20972754592330334,-0.544774682906941,-0.45881227144321834,0.0,,,,,-0.38297474021285516,,,,,-0.400600339910621,-0.017625599697765833,87,48,False
Xhekaj,Arber Xhekaj,MTL,Montréal Canadiens,D,32.0,2.625,2.625,0.0,0.0,0.0,63.0,-15.75,154.875,0.0,186.375,,,,,arberxhekaj,,2.625,2.625,-15.75,154.875,0.0,0.0,63.0,0.0,186.375,,,,,,False,False,['D'],2,0.0,0.0,-0.7619943735686551,-1.0064556927567982,-0.4888865092185906,3.0689133443582546,-0.6194488057366755,-0.34202739709864877,-0.868195027899665,-0.544774682906941,1.1740344678492527,0.0,,,,,-0.38883467697846696,,,,,-0.4064602766762328,-0.017625599697765833,88,48,False
Crozier,Max Crozier,TBL,Tampa Bay Lightning,D,17.0,4.9411764705882355,24.705882352941178,0.0,0.0,0.0,123.52941176470588,14.823529411764707,64.23529411764706,0.0,84.0,,,,,maxcrozier,,4.9411764705882355,24.705882352941178,14.823529411764707,64.23529411764706,0.0,0.0,123.52941176470588,0.0,84.0,,,,,,False,False,['D'],3,0.0,0.0,-0.5752677981806911,0.2359837040977272,0.7094396243400009,0.6656507925355938,-0.6194488057366755,-0.34202739709864877,0.09074117611858946,-0.544774682906941,-0.19016910610975268,0.0,,,,,-0.5698724929407978,,,,,-0.4932689250235848,0.07660356791721296,89,48,False
Matheson,Mike Matheson,MTL,Montréal Canadiens,D,34.0,9.882352941176471,32.11764705882353,0.0,0.0,1.0,106.23529411764706,24.705882352941178,44.470588235294116,0.0,56.82352941176471,,,,,mikematheson,,9.882352941176471,32.11764705882353,24.705882352941178,44.470588235294116,0.0,0.0,106.23529411764706,0.0,56.82352941176471,,,,,,False,False,['D'],2,0.0,0.0,-0.17691777068636777,0.6530262988460993,1.0967773644801515,0.14160035534087384,-0.6194488057366755,-0.34202739709864877,-0.1832405964580547,-0.544774682906941,-0.5523106280053559,0.0,,,,,-0.5273158622249191,,Mike Matheson,KYYYYLE….,jeremy elgressy,-0.5449414619226849,-0.017625599697765833,90,48,False
D'Astous,Charle-Edouard D'Astous,TBL,Tampa Bay Lightning,D,28.0,9.0,24.0,3.0,0.0,2.0,99.0,-12.0,87.00000000000001,0.0,90.0,,,,,charleedouarddastous,,9.0,24.0,-12.0,87.00000000000001,3.0,0.0,99.0,0.0,90.0,,,,,,False,False,['D'],3,0.0,0.0,-0.24805170416749697,0.19626536174073933,-0.3419056703261227,1.2692445996616555,-0.3482517381836365,-0.34202739709864877,-0.2978656237605283,-0.544774682906941,-0.11021578309384028,0.0,,,,,-0.7675826381348196,,,,,-0.6909790702176066,0.07660356791721296,91,48,False
Ekblad,Aaron Ekblad,FLA,Florida Panthers,D,34.0,2.4705882352941178,24.705882352941178,4.9411764705882355,2.4705882352941178,1.0,126.0,-24.705882352941178,49.411764705882355,0.0,93.88235294117648,,,,,aaronekblad,,2.4705882352941178,24.705882352941178,-24.705882352941178,49.411764705882355,4.9411764705882355,2.4705882352941178,126.0,0.0,93.88235294117648,,,,,,False,False,['D'],2,0.0,0.0,-0.7744428119278527,0.2359837040977272,-0.8399113362206023,0.2726129646395539,-0.17277128270814063,1.0487725066513685,0.12988142934382432,-0.544774682906941,-0.05848127996589685,0.0,,,,,-0.7031307889969597,,Aaron Ekblad,Filip Use the Forceberg,Philip,-0.7207563886947255,-0.017625599697765833,92,48,False
Mikkola,Niko Mikkola,FLA,Florida Panthers,D,35.0,0.0,12.0,0.0,0.0,0.0,88.8,21.599999999999998,84.0,0.0,139.20000000000002,,,,,nikomikkola,,0.0,12.0,21.599999999999998,84.0,0.0,0.0,88.8,0.0,139.20000000000002,,,,,,False,False,['D'],2,0.0,0.0,-0.9736178256750143,-0.4789464583280537,0.9750426461503898,1.1897012297303138,-0.6194488057366755,-0.34202739709864877,-0.4594589549332837,-0.544774682906941,0.5454014656366417,0.0,,,,,-0.7081287831612717,,,,,-0.7257543828590375,-0.017625599697765833,93,48,False
Durzi,Sean Durzi,UTA,Utah Mammoth,D,17.0,4.9411764705882355,34.588235294117645,9.882352941176471,0.0,0.0,158.11764705882354,-54.352941176470594,108.70588235294119,0.0,44.470588235294116,,,,,seandurzi,,4.9411764705882355,34.588235294117645,-54.352941176470594,108.70588235294119,9.882352941176471,0.0,158.11764705882354,0.0,44.470588235294116,,,,,,False,False,['D'],1,0.0,0.0,-0.5752677981806911,0.7920404970955566,-2.001924556641055,1.844764276223714,0.27390624032039423,-0.34202739709864877,0.6387047212718778,-0.544774682906941,-0.7169204106851756,0.0,,,,,-0.6314991106009686,,,,,-0.7433538779137132,-0.11185476731274463,94,48,False
Pulock,Ryan Pulock,NYI,New York Islanders,D,36.0,2.333333333333333,35.0,2.333333333333333,2.333333333333333,0.0,112.0,11.666666666666668,4.666666666666666,0.0,63.0,,,,,ryanpulock,,2.333333333333333,35.0,11.666666666666668,4.666666666666666,2.333333333333333,2.333333333333333,112.0,0.0,63.0,,,,,,False,False,['D'],3,0.0,0.0,-0.7855080904693615,0.8152095301371329,0.5857067351285639,-0.9137789973429371,-0.40851775319542294,0.9715058453319227,-0.09191333893250665,-0.544774682906941,-0.4700057366654461,0.0,,,,,-0.8420764889149958,,,,,-0.7654729209977829,0.07660356791721296,95,48,False
Mayfield,Scott Mayfield,NYI,New York Islanders,D,34.0,2.4705882352941178,9.882352941176471,0.0,0.0,0.0,86.47058823529412,4.9411764705882355,130.94117647058823,0.0,71.6470588235294,,,,,scottmayfield,,2.4705882352941178,9.882352941176471,4.9411764705882355,130.94117647058823,0.0,0.0,86.47058823529412,0.0,71.6470588235294,,,,,,False,False,['D'],3,0.0,0.0,-0.7744428119278527,-0.5981014853990172,0.3221018841998501,2.4343210180677732,-0.6194488057366755,-0.34202739709864877,-0.4963626222599337,-0.544774682906941,-0.3547788887895724,0.0,,,,,-0.9735137918510175,,Scott Mayfield,Hintz 57,Ryan,-0.8969102239338045,0.07660356791721296,96,48,False
Fleury,Cale Fleury,SEA,Seattle Kraken,D,4.0,0.0,21.0,0.0,0.0,0.0,63.0,0.0,105.0,0.0,126.0,,,,,calefleury,,0.0,21.0,0.0,105.0,0.0,0.0,63.0,0.0,126.0,,,,,,False,False,['D'],3,0.0,0.0,-0.9736178256750143,0.027462406723541066,0.12843301412977468,1.7465048192497037,-0.6194488057366755,-0.34202739709864877,-0.868195027899665,-0.544774682906941,0.3695041550016342,0.0,,,,,-1.0761593442122908,,,,,-0.9995557762950777,0.07660356791721296,97,48,False
Middleton,Jake Middleton,MIN,Minnesota Wild,D,30.0,0.0,19.6,0.0,0.0,0.0,64.4,5.6,103.60000000000001,0.0,123.19999999999999,,,,,jakemiddleton,,0.0,19.6,5.6,103.60000000000001,0.0,0.0,64.4,0.0,123.19999999999999,,,,,,False,False,['D'],2,0.0,0.0,-0.9736178256750143,-0.05131230561781804,0.34792440020919346,1.709384579948411,-0.6194488057366755,-0.34202739709864877,-0.8460155510720319,-0.544774682906941,0.3321926042608749,0.0,,,,,-0.9876949836886495,,,,,-1.0053205833864154,-0.017625599697765833,98,48,False
Spence,Jordan Spence,OTT,Ottawa Senators,D,26.0,3.230769230769231,32.30769230769231,0.0,0.0,0.0,116.3076923076923,38.769230769230774,19.384615384615387,0.0,58.15384615384615,,,,,jordanspence,,3.230769230769231,32.30769230769231,38.769230769230774,19.384615384615387,0.0,0.0,116.3076923076923,0.0,58.15384615384615,,,,,,False,False,['D'],2,0.0,0.0,-0.7131581923133413,0.6637196987114421,1.6479887639103665,-0.5235405841755013,-0.6194488057366755,-0.34202739709864877,-0.023668794847481755,-0.544774682906941,-0.5345834206398369,0.0,,,,,-0.9894934150966178,,,,,-1.0071190147943836,-0.017625599697765833,99,48,False
Hanifin,Noah Hanifin,VGK,Vegas Golden Knights,D,24.0,7.0,28.0,14.0,0.0,0.0,227.5,-31.5,14.0,0.0,38.5,,,,,noahhanifin,,7.0,28.0,-31.5,14.0,14.0,0.0,227.5,0.0,38.5,,,,,,False,False,['D'],2,0.0,0.0,-0.4092886200580564,0.421335968430337,-1.1062060325669558,-0.6663107353343193,0.6461375095108398,-0.34202739709864877,1.7378934993472237,-0.544774682906941,-0.7964818056470885,0.0,,,,,-1.059722296323609,,,,,-1.077347896021375,-0.017625599697765833,100,48,False
Zub,Artem Zub,OTT,Ottawa Senators,D,34.0,7.411764705882353,22.235294117647058,0.0,0.0,0.0,96.35294117647058,14.823529411764707,49.411764705882355,0.0,103.76470588235294,,,,,artemzub,,7.411764705882353,22.235294117647058,14.823529411764707,49.411764705882355,0.0,0.0,96.35294117647058,0.0,103.76470588235294,,,,,,False,False,['D'],2,0.0,0.0,-0.3760927844335294,0.09696950584826972,0.7094396243400009,0.2726129646395539,-0.6194488057366755,-0.34202739709864877,-0.33980160935899434,-0.544774682906941,0.07320654617795878,0.0,,,,,-1.0699166385290058,,,,,-1.0875422382267717,-0.017625599697765833,101,48,False
Rinzel,Sam Rinzel,CHI,Chicago Blackhawks,D,28.0,3.0,21.0,0.0,0.0,0.0,117.0,0.0,84.0,0.0,78.0,,,,,samrinzel,,3.0,21.0,0.0,84.0,0.0,0.0,117.0,0.0,78.0,,,,,,False,False,['D'],3,0.0,0.0,-0.7317624518391752,0.027462406723541066,0.12843301412977468,1.1897012297303138,-0.6194488057366755,-0.34202739709864877,-0.012700921690959878,-0.544774682906941,-0.2701224291256651,0.0,,,,,-1.1752400378144359,,,,,-1.0986364698972229,0.07660356791721296,102,48,False
Andrae,Emil Andrae,PHI,Philadelphia Flyers,D,24.0,3.5,28.0,3.5,0.0,0.0,80.5,24.5,35.0,0.0,87.5,,,,,emilandrae,,3.5,28.0,24.5,35.0,3.5,0.0,80.5,0.0,87.5,,,,,,False,False,['D'],3,0.0,0.0,-0.6914532228665353,0.421335968430337,1.088707828227232,-0.10950714581492939,-0.3030522269247966,-0.34202739709864877,-0.5909515675542513,-0.544774682906941,-0.1435296676838038,0.0,,,,,-1.2152521141923371,,,,,-1.1386485462751241,0.07660356791721296,103,48,False
Clifton,Connor Clifton,PIT,Pittsburgh Penguins,D,15.0,0.0,0.0,0.0,0.0,0.0,67.2,-16.8,56.0,0.0,352.8,,,,,connorclifton,,0.0,0.0,-16.8,56.0,0.0,0.0,67.2,0.0,352.8,,,,,,False,False,['D'],2,0.0,0.0,-0.9736178256750143,-1.1541582783968467,-0.5300411441084817,0.4472964437044605,-0.6194488057366755,-0.34202739709864877,-0.8016565974167656,-0.544774682906941,3.3917397650031234,0.0,,,,,-1.12668852263179,,,,,-1.1443141223295559,-0.017625599697765833,104,48,False
Provorov,Ivan Provorov,CBJ,Columbus Blue Jackets,D,35.0,9.6,21.599999999999998,4.8,0.0,0.0,160.8,7.2,28.8,0.0,43.199999999999996,,,,,ivanprovorov,,9.6,21.599999999999998,7.2,28.8,4.8,0.0,160.8,0.0,43.199999999999996,,,,,,False,False,['D'],2,0.0,0.0,-0.19968062940032916,0.0612229977269806,0.41063622480331313,-0.2738967770063683,-0.18553349765181307,-0.34202739709864877,0.68119985334499,-0.544774682906941,-0.7338517026179572,0.0,,,,,-1.1267056108067737,,,,,-1.1443312105045396,-0.017625599697765833,105,48,False
Desharnais,Vincent Desharnais,SJS,San Jose Sharks,D,20.0,0.0,8.4,0.0,0.0,0.0,50.4,4.2,134.4,0.0,117.6,,,,,vincentdesharnais,,0.0,8.4,4.2,134.4,0.0,0.0,50.4,0.0,117.6,,,,,,False,False,['D'],2,0.0,0.0,-0.9736178256750143,-0.6815100043486916,0.2930515536893388,2.5260298445768496,-0.6194488057366755,-0.34202739709864877,-1.067810319348363,-0.544774682906941,0.25756950277935675,0.0,,,,,-1.152538134068789,,,,,-1.170163733766555,-0.017625599697765833,106,48,False
Kuznetsov,Yan Kuznetsov,CGY,Calgary Flames,D,22.0,7.636363636363637,15.272727272727273,0.0,3.8181818181818183,1.0,72.54545454545455,-7.636363636363637,7.636363636363637,0.0,141.27272727272728,,,,,yankuznetsov,,7.636363636363637,15.272727272727273,-7.636363636363637,7.636363636363637,0.0,3.8181818181818183,72.54545454545455,0.0,141.27272727272728,,,,,,False,False,['D'],2,0.0,0.0,-0.3579859650019693,-0.29479778012747376,-0.1708734214330691,-0.8350390957947404,-0.6194488057366755,1.8073906359695595,-0.716971322256712,-0.544774682906941,0.5730217044966841,0.0,,,,,-1.1594787327913376,,,,,-1.1771043324891035,-0.017625599697765833,107,48,False
Lindgren,Ryan Lindgren,SEA,Seattle Kraken,D,33.0,2.5454545454545454,10.181818181818182,0.0,2.5454545454545454,1.0,63.63636363636363,0.0,99.27272727272728,0.0,45.81818181818181,,,,,ryanlindgren,,2.5454545454545454,10.181818181818182,0.0,99.27272727272728,0.0,2.5454545454545454,63.63636363636363,0.0,45.81818181818181,,,,,,False,False,['D'],3,0.0,0.0,-0.768407205450666,-0.5812512795505981,0.12843301412977468,1.5946492948353248,-0.6194488057366755,1.0909179582801567,-0.8581134475234682,-0.544774682906941,-0.6989629798473772,0.0,,,,,-1.2569581337704696,,,,,-1.1803545658532566,0.07660356791721296,108,48,False
Power,Owen Power,BUF,Buffalo Sabres,D,34.0,7.411764705882353,17.294117647058822,0.0,4.9411764705882355,0.0,123.52941176470588,-14.823529411764707,9.882352941176471,0.0,42.0,,,,,owenpower,,7.411764705882353,17.294117647058822,-14.823529411764707,9.882352941176471,0.0,4.9411764705882355,123.52941176470588,0.0,42.0,,,,,,False,False,['D'],2,0.0,0.0,-0.3760927844335294,-0.1810588906506451,-0.4525735960804515,-0.7754879097498859,-0.6194488057366755,2.439572410401386,0.09074117611858946,-0.544774682906941,-0.7498423672211395,0.0,,,,,-1.1689654502592925,,,,,-1.1865910499570584,-0.017625599697765833,109,48,False
Fehervary,Martin Fehervary,WSH,Washington Capitals,D,36.0,7.0,18.666666666666664,0.0,0.0,0.0,93.33333333333334,28.0,39.666666666666664,0.0,98.0,,,,,martinfehervary,,7.0,18.666666666666664,28.0,39.666666666666664,0.0,0.0,93.33333333333334,0.0,98.0,,,,,,False,False,['D'],2,0.0,0.0,-0.4092886200580564,-0.10382878051205771,1.2258899445268687,0.014226985189379412,-0.6194488057366755,-0.34202739709864877,-0.3876396966342811,-0.544774682906941,-0.003611352405957065,0.0,,,,,-1.1705024056363693,,,,,-1.1881280053341352,-0.017625599697765833,110,48,False
Marino,John Marino,UTA,Utah Mammoth,D,38.0,4.421052631578947,33.1578947368421,0.0,2.2105263157894735,0.0,72.94736842105263,30.94736842105263,17.684210526315788,0.0,22.105263157894736,,,,,johnmarino,,4.421052631578947,33.1578947368421,30.94736842105263,17.684210526315788,0.0,2.2105263157894735,72.94736842105263,0.0,22.105263157894736,,,,,,False,False,['D'],1,0.0,0.0,-0.6171993800221988,0.7115585928458708,1.3414117266739312,-0.5686258950677597,-0.6194488057366755,0.9023725167829453,-0.7106040083349036,-0.544774682906941,-1.0149507540633753,0.0,,,,,-1.1202606898291068,,,,,-1.2321154571418513,-0.11185476731274463,111,48,False
Helleson,Drew Helleson,ANA,Anaheim Ducks,D,33.0,5.090909090909091,17.81818181818182,0.0,5.090909090909091,0.0,68.72727272727273,-15.272727272727273,20.363636363636363,0.0,89.0909090909091,,,,,drewhelleson,,5.090909090909091,17.81818181818182,-15.272727272727273,20.363636363636363,0.0,5.090909090909091,68.72727272727273,0.0,89.0909090909091,,,,,,False,False,['D'],2,0.0,0.0,-0.5631965852263177,-0.15157103041591152,-0.4701798569959129,-0.4975823748738981,-0.6194488057366755,2.5238633136589623,-0.7774608045138931,-0.544774682906941,-0.12232992294473606,0.0,,,,,-1.2226807499553234,,,,,-1.2403063496530893,-0.017625599697765833,112,48,False
Mahura,Josh Mahura,SEA,Seattle Kraken,D,18.0,4.666666666666666,4.666666666666666,0.0,0.0,1.0,56.0,37.33333333333333,74.66666666666666,0.0,102.66666666666667,,,,,joshmahura,,4.666666666666666,4.666666666666666,37.33333333333333,74.66666666666666,0.0,0.0,56.0,0.0,102.66666666666667,,,,,,False,False,['D'],3,0.0,0.0,-0.5973983552637091,-0.8915759039256494,1.5917089213258997,0.9422329677216957,-0.6194488057366755,-0.34202739709864877,-0.9790924120378305,-0.544774682906941,0.058574565495308206,0.0,,,,,-1.3818011024265509,,,,,-1.3051975345093378,0.07660356791721296,113,48,False
Roy,Matt Roy,WSH,Washington Capitals,D,36.0,2.333333333333333,21.0,0.0,0.0,0.0,109.66666666666667,44.333333333333336,9.333333333333332,0.0,100.33333333333333,,,,,mattroy,,2.333333333333333,21.0,44.333333333333336,9.333333333333332,0.0,0.0,109.66666666666667,0.0,100.33333333333333,,,,,,False,False,['D'],2,0.0,0.0,-0.7855080904693615,0.027462406723541066,1.8660731539251736,-0.7900448663386281,-0.6194488057366755,-0.34202739709864877,-0.1288791336452284,-0.544774682906941,0.027481606544675477,0.0,,,,,-1.2896658090020932,,Matt Roy,The Makar Of The Devil,Lev,-1.307291408699859,-0.017625599697765833,114,48,False
DeAngelo,Tony DeAngelo,NYI,New York Islanders,D,36.0,2.333333333333333,28.0,7.0,0.0,0.0,140.0,-14.0,63.0,0.0,37.33333333333333,,,,,tonydeangelo,,2.333333333333333,28.0,-14.0,63.0,7.0,0.0,140.0,0.0,37.33333333333333,,,,,,False,False,['D'],3,0.0,0.0,-0.7855080904693615,0.421335968430337,-0.42029545106877225,0.6328976402109238,0.013344351887082202,-0.34202739709864877,0.3516761976201553,-0.544774682906941,-0.8120282851224048,0.0,,,,,-1.48537974851763,,,,,-1.408776180600417,0.07660356791721296,115,48,False
Lindholm,Hampus Lindholm,BOS,Boston Bruins,D,29.0,5.793103448275862,26.06896551724138,8.689655172413794,0.0,1.0,139.0344827586207,-23.17241379310345,81.10344827586208,0.0,11.586206896551724,,,,,hampuslindholm,,5.793103448275862,26.06896551724138,-23.17241379310345,81.10344827586208,8.689655172413794,0.0,139.0344827586207,0.0,11.586206896551724,,,,,,False,False,['D'],2,0.0,0.0,-0.5065867589575319,0.31268119278708306,-0.7798072041298892,1.1129007346241913,0.16608752786523065,-0.34202739709864877,0.3363800067045464,-0.544774682906941,-1.155123004577661,0.0,,,,,-1.4002695856896206,,,,,-1.4178951853873865,-0.017625599697765833,116,48,False
Cole,Ian Cole,UTA,Utah Mammoth,D,38.0,4.421052631578947,22.105263157894736,0.0,0.0,0.0,59.68421052631579,35.368421052631575,44.21052631578947,0.0,95.05263157894737,,,,,iancole,,4.421052631578947,22.105263157894736,35.368421052631575,44.21052631578947,0.0,0.0,59.68421052631579,0.0,95.05263157894737,,,,,,False,False,['D'],1,0.0,0.0,-0.6171993800221988,0.08965296909829829,1.5146943998945248,0.13470495485146966,-0.6194488057366755,-0.34202739709864877,-0.9207253677545856,-0.544774682906941,-0.04288666897517718,0.0,,,,,-1.3480099786499342,,,,,-1.4598647459626788,-0.11185476731274463,117,48,False
York,Cam York,PHI,Philadelphia Flyers,D,27.0,6.222222222222221,37.33333333333333,18.666666666666664,0.0,0.0,74.66666666666666,-6.222222222222221,31.11111111111111,0.0,9.333333333333332,,,,,camyork,,6.222222222222221,37.33333333333333,-6.222222222222221,31.11111111111111,18.666666666666664,0.0,74.66666666666666,0.0,9.333333333333332,,,,,,False,False,['D'],3,0.0,0.0,-0.4719918651266073,0.9465007173727313,-0.11544630373624615,-0.21261892165185345,1.0679996145933448,-0.34202739709864877,-0.683366054336056,-0.544774682906941,-1.1851437925299961,0.0,,,,,-1.5408686854202727,,,,,-1.4642651175030597,0.07660356791721296,118,48,False
Buium,Zeev Buium,VAN,Vancouver Canucks,D,35.0,9.6,28.8,24.0,0.0,1.0,84.0,-16.8,24.0,0.0,26.4,,,,,zeevbuium,,9.6,28.8,-16.8,24.0,24.0,0.0,84.0,0.0,26.4,,,,,,False,False,['D'],2,0.0,0.0,-0.19968062940032916,0.4663500897682566,-0.5300411441084817,-0.4011661688965146,1.5501277346876365,-0.34202739709864877,-0.5355028754851686,-0.544774682906941,-0.9577210070625117,0.0,,,,,-1.4944360805027024,,Zeev Buium,Filip Use the Forceberg,Philip,-1.5120616802004683,-0.017625599697765833,119,48,False
Lyubushkin,Ilya Lyubushkin,DAL,Dallas Stars,D,26.0,3.230769230769231,19.384615384615387,0.0,0.0,0.0,54.92307692307693,6.461538461538462,74.3076923076923,0.0,129.23076923076923,,,,,ilyalyubushkin,,3.230769230769231,19.384615384615387,6.461538461538462,74.3076923076923,0.0,0.0,54.92307692307693,0.0,129.23076923076923,,,,,,False,False,['D'],2,0.0,0.0,-0.7131581923133413,-0.06343149213187325,0.3816923057598733,0.9327149576444415,-0.6194488057366755,-0.34202739709864877,-0.9961535480590866,-0.544774682906941,0.41255594431789466,0.0,,,,,-1.552030910524357,,,,,-1.569656510222123,-0.017625599697765833,120,48,False
Harley,Thomas Harley,DAL,Dallas Stars,D,25.0,6.72,40.32,10.08,0.0,1.0,97.44,-13.44,33.6,0.0,36.96,,,,,thomasharley,,6.72,40.32,-13.44,33.6,10.08,0.0,97.44,0.0,36.96,,,,,,False,False,['D'],2,0.0,0.0,-0.4318617882827347,1.114553437034298,-0.39834631246083035,-0.146627385116222,0.2917733412415356,-0.34202739709864877,-0.3225798979398909,-0.544774682906941,-0.817003158554506,0.0,,,,,-1.5968938440839402,,Thomas Harley,Filip Use the Forceberg,Philip,-1.614519443781706,-0.017625599697765833,121,48,False
Fowler,Cam Fowler,STL,St. Louis Blues,D,37.0,2.27027027027027,27.243243243243246,15.891891891891893,2.27027027027027,0.0,122.5945945945946,-27.243243243243246,22.702702702702705,0.0,9.08108108108108,,,,,camfowler,,2.27027027027027,27.243243243243246,-27.243243243243246,22.702702702702705,15.891891891891893,2.27027027027027,122.5945945945946,0.0,9.08108108108108,,,,,,False,False,['D'],2,0.0,0.0,-0.7905921373668118,0.3787550428404133,-0.9393629181484789,-0.4355633018397973,0.8171626872469906,0.9360049468878533,0.075931350573906,-0.544774682906941,-1.188505193497632,0.0,,,,,-1.690944206210498,,Cam Fowler,Hintz 57,Ryan,-1.708569805908264,-0.017625599697765833,122,48,False
Siegenthaler,Jonas Siegenthaler,NJD,New Jersey Devils,D,36.0,0.0,4.666666666666666,0.0,2.333333333333333,0.0,77.0,-7.0,67.66666666666667,0.0,123.66666666666667,,,,,jonassiegenthaler,,0.0,4.666666666666666,-7.0,67.66666666666667,0.0,2.333333333333333,77.0,0.0,123.66666666666667,,,,,,False,False,['D'],2,0.0,0.0,-0.9736178256750143,-0.8915759039256494,-0.14593121846949877,0.7566317712152328,-0.6194488057366755,0.9715058453319227,-0.646400259623334,-0.544774682906941,0.3384111960510016,0.0,,,,,-1.7551998837389557,,,,,-1.7728254834367216,-0.017625599697765833,123,48,False
Sebrango,Donovan Sebrango,FLA,Florida Panthers,D,12.0,0.0,14.0,0.0,0.0,0.0,56.0,0.0,98.0,0.0,126.0,,,,,donovansebrango,,0.0,14.0,0.0,98.0,0.0,0.0,56.0,0.0,126.0,,,,,,False,False,['D'],2,0.0,0.0,-0.9736178256750143,-0.3664111549832549,0.12843301412977468,1.5609036227432402,-0.6194488057366755,-0.34202739709864877,-0.9790924120378305,-0.544774682906941,0.3695041550016342,0.0,,,,,-1.766531486563716,,,,,-1.784157086261482,-0.017625599697765833,124,48,False
Evans,Ryker Evans,SEA,Seattle Kraken,D,19.0,13.26315789473684,22.105263157894736,4.421052631578947,0.0,0.0,79.57894736842105,0.0,44.21052631578947,0.0,53.05263157894736,,,,,rykerevans,,13.26315789473684,22.105263157894736,0.0,44.21052631578947,4.421052631578947,0.0,79.57894736842105,0.0,53.05263157894736,,,,,,False,False,['D'],3,0.0,0.0,0.09563751128343218,0.08965296909829829,0.12843301412977468,0.13470495485146966,-0.2197899693427233,-0.34202739709864877,-0.6055433286250625,-0.544774682906941,-0.6025599300865642,0.0,,,,,-1.866266858696965,,,,,-1.789663290779752,0.07660356791721296,125,48,False
Sandin,Rasmus Sandin,WSH,Washington Capitals,D,31.0,5.419354838709677,21.677419354838708,0.0,0.0,0.0,97.5483870967742,13.548387096774194,21.677419354838708,0.0,121.93548387096774,,,,,rasmussandin,,5.419354838709677,21.677419354838708,13.548387096774194,21.677419354838708,0.0,0.0,97.5483870967742,0.0,121.93548387096774,,,,,,False,False,['D'],2,0.0,0.0,-0.5367177955199501,0.06557920301774704,0.6594605610961104,-0.4627481327143273,-0.6194488057366755,-0.34202739709864877,-0.3208627771532352,-0.544774682906941,0.31534222650698385,0.0,,,,,-1.7861976005089366,,,,,-1.8038232002067025,-0.017625599697765833,126,48,False
Bahl,Kevin Bahl,CGY,Calgary Flames,D,35.0,7.2,7.2,0.0,0.0,2.0,74.39999999999999,28.8,52.8,0.0,91.19999999999999,,,,,kevinbahl,,7.2,7.2,28.8,52.8,0.0,0.0,74.39999999999999,0.0,91.19999999999999,,,,,,False,False,['D'],2,0.0,0.0,-0.3931649284690004,-0.749031186355571,1.2572458568239284,0.36245018244436294,-0.6194488057366755,-0.34202739709864877,-0.6875907165889386,-0.544774682906941,-0.09422511849065794,0.0,,,,,-1.810566796378142,,,,,-1.8281923960759079,-0.017625599697765833,127,48,False
Schenn,Luke Schenn,WPG,Winnipeg Jets,D,24.0,0.0,14.0,0.0,0.0,0.0,73.5,-21.0,73.5,0.0,213.5,,,,,lukeschenn,,0.0,14.0,-21.0,73.5,0.0,0.0,73.5,0.0,213.5,,,,,,False,False,['D'],1,0.0,0.0,-0.9736178256750143,-0.3664111549832549,-0.6946596836680456,0.9112994349706187,-0.6194488057366755,-0.34202739709864877,-0.7018489516924168,-0.544774682906941,1.5354901156503569,0.0,,,,,-1.7959989511400216,,,,,-1.9078537184527662,-0.11185476731274463,128,48,False
Drysdale,Jamie Drysdale,PHI,Philadelphia Flyers,D,34.0,7.411764705882353,32.11764705882353,2.4705882352941178,0.0,1.0,91.41176470588235,4.9411764705882355,44.470588235294116,0.0,17.294117647058822,,,,,jamiedrysdale,,7.411764705882353,32.11764705882353,4.9411764705882355,44.470588235294116,2.4705882352941178,0.0,91.41176470588235,0.0,17.294117647058822,,,,,,False,False,['D'],3,0.0,0.0,-0.3760927844335294,0.6530262988460993,0.3221018841998501,0.14160035534087384,-0.39611004422240803,-0.34202739709864877,-0.418082115809464,-0.544774682906941,-1.0790619325807789,0.0,,,,,-2.039420418664947,,,,,-1.962816850747734,0.07660356791721296,129,48,False
Korczak,Kaedan Korczak,VGK,Vegas Golden Knights,D,34.0,7.411764705882353,7.411764705882353,0.0,0.0,0.0,71.6470588235294,19.764705882352942,39.529411764705884,0.0,128.47058823529412,,,,,kaedankorczak,,7.411764705882353,7.411764705882353,19.764705882352942,39.529411764705884,0.0,0.0,71.6470588235294,0.0,128.47058823529412,,,,,,False,False,['D'],2,0.0,0.0,-0.3760927844335294,-0.7371156836484746,0.9031084944100763,0.010587746042193966,-0.6194488057366755,-0.34202739709864877,-0.7312041416113431,-0.544774682906941,0.4024261115375981,0.0,,,,,-2.034541143445744,,,,,-2.05216674314351,-0.017625599697765833,130,48,False
Grzelcyk,Matt Grzelcyk,CHI,Chicago Blackhawks,D,35.0,0.0,14.4,0.0,2.4,0.0,93.60000000000001,7.2,43.199999999999996,0.0,38.4,,,,,mattgrzelcyk,,0.0,14.4,7.2,43.199999999999996,0.0,2.4,93.60000000000001,0.0,38.4,,,,,,False,False,['D'],3,0.0,0.0,-0.9736178256750143,-0.3439040943142951,0.41063622480331313,0.10791139866407036,-0.6194488057366755,1.0090353665442249,-0.3834150343813986,-0.544774682906941,-0.797814361030687,0.0,,,,,-2.135391814033403,,,,,-2.0587882461161904,0.07660356791721296,131,48,False
Tucker,Tyler Tucker,STL,St. Louis Blues,D,32.0,2.625,10.5,0.0,0.0,0.0,91.875,-18.375,107.625,0.0,94.5,,,,,tylertucker,,2.625,10.5,-18.375,107.625,0.0,0.0,91.875,0.0,94.5,,,,,,False,False,['D'],2,0.0,0.0,-0.7619943735686551,-0.5633479358366529,-0.5917730964433182,1.8161052679396272,-0.6194488057366755,-0.34202739709864877,-0.4107433183297324,-0.544774682906941,-0.05025079083190597,0.0,,,,,-2.0682551328129026,,,,,-2.0858807325106685,-0.017625599697765833,132,48,False
Gavrikov,Vladislav Gavrikov,NYR,New York Rangers,D,38.0,13.26315789473684,17.684210526315788,0.0,0.0,1.0,112.73684210526315,4.421052631578947,39.78947368421053,0.0,42.0,,,,,vladislavgavrikov,,13.26315789473684,17.684210526315788,4.421052631578947,39.78947368421053,0.0,0.0,112.73684210526315,0.0,42.0,,,,,,False,False,['D'],2,0.0,0.0,0.09563751128343218,-0.1591092804007308,0.3017156873503684,0.01748314653159816,-0.6194488057366755,-0.34202739709864877,-0.08023993007585777,-0.544774682906941,-0.7498423672211395,0.0,,,,,-2.0806061182745945,,,,,-2.0982317179723604,-0.017625599697765833,133,48,False
Stecher,Troy Stecher,TOR,Toronto Maple Leafs,D,22.0,3.8181818181818183,19.09090909090909,0.0,0.0,0.0,68.72727272727273,38.18181818181818,38.18181818181818,0.0,42.0,,,,,troystecher,,3.8181818181818183,19.09090909090909,38.18181818181818,38.18181818181818,0.0,0.0,68.72727272727273,0.0,42.0,,,,,,False,False,['D'],3,0.0,0.0,-0.6658018953384918,-0.07995765556013061,1.6249651919439936,-0.02514296558471885,-0.6194488057366755,-0.34202739709864877,-0.7774608045138931,-0.544774682906941,-0.7498423672211395,0.0,,,,,-2.1794913820166455,,,,,-2.1028878140994327,0.07660356791721296,134,48,False
Borgen,Will Borgen,NYR,New York Rangers,D,31.0,5.419354838709677,5.419354838709677,0.0,0.0,2.0,81.29032258064517,8.129032258064516,54.193548387096776,0.0,135.48387096774192,,,,,willborgen,,5.419354838709677,5.419354838709677,8.129032258064516,54.193548387096776,0.0,0.0,81.29032258064517,0.0,135.48387096774192,,,,,,False,False,['D'],2,0.0,0.0,-0.5367177955199501,-0.8492239080431984,0.4470495423095761,0.39939936073505067,-0.6194488057366755,-0.34202739709864877,-0.5784308951515551,-0.544774682906941,0.49588198815581813,0.0,,,,,-2.128292593256524,,,,,-2.14591819295429,-0.017625599697765833,135,48,False
Harris,Jordan Harris,BOS,Boston Bruins,D,5.0,16.8,16.8,0.0,0.0,0.0,151.20000000000002,0.0,0.0,0.0,67.2,,,,,jordanharris,,16.8,16.8,0.0,0.0,0.0,0.0,151.20000000000002,0.0,67.2,,,,,,False,False,['D'],2,0.0,0.0,0.3807722678056848,-0.20886173030053645,0.12843301412977468,-1.0375131283472458,-0.6194488057366755,-0.34202739709864877,0.5291120122412203,-0.544774682906941,-0.4140384105543074,0.0,,,,,-2.1283468607676754,,,,,-2.1459724604654413,-0.017625599697765833,136,48,False
Shea,Ryan Shea,PIT,Pittsburgh Penguins,D,35.0,4.8,26.4,0.0,0.0,0.0,74.39999999999999,19.2,43.199999999999996,0.0,43.199999999999996,,,,,ryanshea,,4.8,26.4,19.2,43.199999999999996,0.0,0.0,74.39999999999999,0.0,43.199999999999996,,,,,,False,False,['D'],2,0.0,0.0,-0.5866492275376717,0.33130772575449785,0.8809749092592104,0.10791139866407036,-0.6194488057366755,-0.34202739709864877,-0.6875907165889386,-0.544774682906941,-0.7338517026179572,0.0,,,,,-2.1941484988090543,,,,,-2.21177409850682,-0.017625599697765833,137,48,False
Schmidt,Nate Schmidt,UTA,Utah Mammoth,D,38.0,4.421052631578947,22.105263157894736,0.0,0.0,0.0,88.42105263157895,24.315789473684212,17.684210526315788,0.0,88.42105263157895,,,,,nateschmidt,,4.421052631578947,22.105263157894736,24.315789473684212,17.684210526315788,0.0,0.0,88.42105263157895,0.0,88.42105263157895,,,,,,False,False,['D'],1,0.0,0.0,-0.6171993800221988,0.08965296909829829,1.0814877168430406,-0.5686258950677597,-0.6194488057366755,-0.34202739709864877,-0.46546242234527463,-0.544774682906941,-0.13125613125592253,0.0,,,,,-2.1176540284920824,,,,,-2.229508795804827,-0.11185476731274463,138,48,False
Severson,Damon Severson,CBJ,Columbus Blue Jackets,D,35.0,4.8,19.2,4.8,0.0,0.0,93.60000000000001,4.8,38.4,0.0,67.2,,,,,damonseverson,,4.8,19.2,4.8,38.4,4.8,0.0,93.60000000000001,0.0,67.2,,,,,,False,False,['D'],2,0.0,0.0,-0.5866492275376717,-0.07381936628677793,0.3165684879121336,-0.019357993226075825,-0.18553349765181307,-0.34202739709864877,-0.3834150343813986,-0.544774682906941,-0.4140384105543074,0.0,,,,,-2.233047121731501,,,,,-2.2506727214292668,-0.017625599697765833,139,48,False
Hutton,Ben Hutton,VGK,Vegas Golden Knights,D,27.0,12.444444444444443,15.555555555555555,0.0,0.0,1.0,130.66666666666666,3.1111111111111107,34.22222222222222,0.0,37.33333333333333,,,,,benhutton,,12.444444444444443,15.555555555555555,3.1111111111111107,34.22222222222222,0.0,0.0,130.66666666666666,0.0,37.33333333333333,,,,,,False,False,['D'],2,0.0,0.0,0.02963409542179966,-0.27888369682618913,0.2503726730627851,-0.1301295009823142,-0.6194488057366755,-0.34202739709864877,0.2038130187692678,-0.544774682906941,-0.8120282851224048,0.0,,,,,-2.243472581419321,,,,,-2.2610981811170867,-0.017625599697765833,140,48,False
Lohrei,Mason Lohrei,BOS,Boston Bruins,D,32.0,5.25,28.875,10.5,0.0,0.0,70.875,5.25,21.0,0.0,42.0,,,,,masonlohrei,,5.25,28.875,5.25,21.0,10.5,0.0,70.875,0.0,42.0,,,,,,False,False,['D'],2,0.0,0.0,-0.5503709214622958,0.4705701636436865,0.3342061885792298,-0.480709538827856,0.32974093069896104,-0.34202739709864877,-0.7434354707442289,-0.544774682906941,-0.7498423672211395,0.0,,,,,-2.2766430953392325,,,,,-2.2942686950369984,-0.017625599697765833,141,48,False
Aspirot,Jonathan Aspirot,BOS,Boston Bruins,D,19.0,4.421052631578947,0.0,0.0,0.0,0.0,53.05263157894736,35.368421052631575,35.368421052631575,0.0,141.4736842105263,,,,,jonathanaspirot,,4.421052631578947,0.0,35.368421052631575,35.368421052631575,0.0,0.0,53.05263157894736,0.0,141.4736842105263,,,,,,False,False,['D'],2,0.0,0.0,-0.6171993800221988,-1.1541582783968467,1.5146943998945248,-0.09973866178827352,-0.6194488057366755,-0.34202739709864877,-1.0257860474644267,-0.544774682906941,0.5756995669900397,0.0,,,,,-2.312739286529447,,,,,-2.330364886227213,-0.017625599697765833,142,48,False
Balinskis,Uvis Balinskis,FLA,Florida Panthers,D,26.0,3.230769230769231,19.384615384615387,0.0,0.0,0.0,67.84615384615385,9.692307692307693,38.769230769230774,0.0,116.3076923076923,,,,,uvisbalinskis,,3.230769230769231,19.384615384615387,9.692307692307693,38.769230769230774,0.0,0.0,67.84615384615385,0.0,116.3076923076923,,,,,,False,False,['D'],2,0.0,0.0,-0.7131581923133413,-0.06343149213187325,0.5083219515749227,-0.00956804000375673,-0.6194488057366755,-0.34202739709864877,-0.7914199158040118,-0.544774682906941,0.2403487870528526,0.0,,,,,-2.335157787367473,,,,,-2.352783387065239,-0.017625599697765833,143,48,False
Soucy,Carson Soucy,NYR,New York Rangers,D,34.0,7.411764705882353,7.411764705882353,0.0,0.0,0.0,69.17647058823529,19.764705882352942,29.647058823529413,0.0,126.0,,,,,carsonsoucy,,7.411764705882353,7.411764705882353,19.764705882352942,29.647058823529413,0.0,0.0,69.17647058823529,0.0,126.0,,,,,,False,False,['D'],2,0.0,0.0,-0.3760927844335294,-0.7371156836484746,0.9031084944100763,-0.251437472555166,-0.6194488057366755,-0.34202739709864877,-0.7703443948365779,-0.544774682906941,0.3695041550016342,0.0,,,,,-2.3686285718043028,,,,,-2.3862541715020686,-0.017625599697765833,144,48,False
Byram,Bowen Byram,BUF,Buffalo Sabres,D,35.0,14.4,19.2,7.2,0.0,2.0,110.4,-21.599999999999998,28.8,0.0,52.8,,,,,bowenbyram,,14.4,19.2,-21.599999999999998,28.8,7.2,0.0,110.4,0.0,52.8,,,,,,False,False,['D'],2,0.0,0.0,0.18728796873701345,-0.07381936628677793,-0.7181766178908405,-0.2738967770063683,0.03142415639061815,-0.34202739709864877,-0.11726131244980152,-0.544774682906941,-0.6059263857924972,0.0,,,,,-2.457170414304244,,,,,-2.4747960140020098,-0.017625599697765833,145,48,False
Oleksiak,Jamie Oleksiak,SEA,Seattle Kraken,D,31.0,5.419354838709677,8.129032258064516,0.0,0.0,0.0,92.12903225806451,10.838709677419354,27.096774193548388,0.0,124.64516129032258,,,,,jamieoleksiak,,5.419354838709677,8.129032258064516,10.838709677419354,27.096774193548388,0.0,0.0,92.12903225806451,0.0,124.64516129032258,,,,,,False,False,['D'],3,0.0,0.0,-0.5367177955199501,-0.696756722866374,0.5532550517028433,-0.3190568838060976,-0.6194488057366755,-0.34202739709864877,-0.4067188164860087,-0.544774682906941,0.35145017883675067,0.0,,,,,-2.5607958738811023,,,,,-2.4841923059638895,0.07660356791721296,146,48,False
Spurgeon,Jared Spurgeon,MIN,Minnesota Wild,D,37.0,4.54054054054054,13.621621621621623,9.08108108108108,0.0,0.0,93.08108108108108,0.0,13.621621621621623,0.0,108.97297297297298,,,,,jaredspurgeon,,4.54054054054054,13.621621621621623,0.0,13.621621621621623,9.08108108108108,0.0,93.08108108108108,0.0,108.97297297297298,,,,,,False,False,['D'],2,0.0,0.0,-0.6075664490586091,-0.38770161777821677,0.12843301412977468,-0.6763432324427767,0.20147204739684796,-0.34202739709864877,-0.39163599876538635,-0.544774682906941,0.1426095896862072,0.0,,,,,-2.477534726837749,,,,,-2.495160326535515,-0.017625599697765833,147,48,False
Skjei,Brady Skjei,NSH,Nashville Predators,D,35.0,2.4,26.4,4.8,0.0,0.0,132.0,-21.599999999999998,38.4,0.0,62.400000000000006,,,,,bradyskjei,,2.4,26.4,-21.599999999999998,38.4,4.8,0.0,132.0,0.0,62.400000000000006,,,,,,False,False,['D'],2,0.0,0.0,-0.7801335266063429,0.33130772575449785,-0.7181766178908405,-0.019357993226075825,-0.18553349765181307,-0.34202739709864877,0.22493633003368044,-0.544774682906941,-0.4780010689670373,0.0,,,,,-2.511760728559521,,,,,-2.529386328257287,-0.017625599697765833,148,48,False
Struble,Jayden Struble,MTL,Montréal Canadiens,D,28.0,0.0,15.0,0.0,0.0,0.0,33.0,-24.0,101.99999999999999,0.0,150.0,,,,,jaydenstruble,,0.0,15.0,-24.0,101.99999999999999,0.0,0.0,33.0,0.0,150.0,,,,,,False,False,['D'],2,0.0,0.0,-0.9736178256750143,-0.31014350331085544,-0.81224435478202,1.6669614493183618,-0.6194488057366755,-0.34202739709864877,-1.3434695313489455,-0.544774682906941,0.6893174470652839,0.0,,,,,-2.589447204475455,,,,,-2.607072804173221,-0.017625599697765833,149,48,False
McDonagh,Ryan McDonagh,TBL,Tampa Bay Lightning,D,17.0,19.764705882352942,19.764705882352942,0.0,0.0,0.0,84.0,9.882352941176471,0.0,0.0,44.470588235294116,,,,,ryanmcdonagh,,19.764705882352942,19.764705882352942,9.882352941176471,0.0,0.0,0.0,84.0,0.0,44.470588235294116,,,,,,False,False,['D'],3,0.0,0.0,0.6197822843022788,-0.042044692401187585,0.5157707542699255,-1.0375131283472458,-0.6194488057366755,-0.34202739709864877,-0.5355028754851686,-0.544774682906941,-0.7169204106851756,0.0,,,,,-2.7026789540888387,,,,,-2.626075386171626,0.07660356791721296,150,48,False
Lundkvist,Nils Lundkvist,DAL,Dallas Stars,D,10.0,8.4,16.8,0.0,0.0,0.0,58.8,33.6,16.8,0.0,58.8,,,,,nilslundkvist,,8.4,16.8,33.6,16.8,0.0,0.0,58.8,0.0,58.8,,,,,,False,False,['D'],2,0.0,0.0,-0.29642277893466473,-0.20886173030053645,1.4453813306062875,-0.592070256731734,-0.6194488057366755,-0.34202739709864877,-0.9347334583825644,-0.544774682906941,-0.5259730627765848,0.0,,,,,-2.618930842262062,,,,,-2.636556441959828,-0.017625599697765833,151,48,False
Hague,Nicolas Hague,NSH,Nashville Predators,D,27.0,3.1111111111111107,18.666666666666664,0.0,0.0,0.0,56.0,-24.888888888888886,77.77777777777777,0.0,133.77777777777777,,,,,nicolashague,,3.1111111111111107,18.666666666666664,-24.888888888888886,77.77777777777777,0.0,0.0,56.0,0.0,133.77777777777777,,,,,,False,False,['D'],2,0.0,0.0,-0.7228048454008108,-0.10382878051205771,-0.8470842573343086,1.024722388391235,-0.6194488057366755,-0.34202739709864877,-0.9790924120378305,-0.544774682906941,0.47314735150374276,0.0,,,,,-2.6611914411322957,,,,,-2.6788170408300616,-0.017625599697765833,152,48,False
Brodin,Jonas Brodin,MIN,Minnesota Wild,D,32.0,7.875,18.375,0.0,0.0,1.0,78.75,34.125,21.0,0.0,18.375,,,,,jonasbrodin,,7.875,18.375,34.125,21.0,0.0,0.0,78.75,0.0,18.375,,,,,,False,False,['D'],2,0.0,0.0,-0.33874746935593664,-0.12024017891650741,1.465958648051233,-0.480709538827856,-0.6194488057366755,-0.34202739709864877,-0.6186759135887927,-0.544774682906941,-1.0646585765962946,0.0,,,,,-2.6633239149764196,,,,,-2.6809495146741855,-0.017625599697765833,153,48,False
Juulsen,Noah Juulsen,PHI,Philadelphia Flyers,D,27.0,3.1111111111111107,12.444444444444443,0.0,0.0,0.0,52.88888888888889,9.333333333333332,24.888888888888886,0.0,158.66666666666666,,,,,noahjuulsen,,3.1111111111111107,12.444444444444443,9.333333333333332,24.888888888888886,0.0,0.0,52.88888888888889,0.0,158.66666666666666,,,,,,False,False,['D'],3,0.0,0.0,-0.7228048454008108,-0.45393861314032075,0.49425199092880595,-0.377597762990932,-0.6194488057366755,-0.34202739709864877,-1.0283801383214595,-0.544774682906941,0.8048055803104905,0.0,,,,,-2.789914674356492,,,,,-2.713311106439279,0.07660356791721296,154,48,False
Dumoulin,Brian Dumoulin,LAK,Los Angeles Kings,D,34.0,0.0,14.823529411764707,0.0,2.4705882352941178,0.0,88.94117647058823,2.4705882352941178,19.764705882352942,0.0,49.411764705882355,,,,,briandumoulin,,0.0,14.823529411764707,2.4705882352941178,19.764705882352942,0.0,2.4705882352941178,88.94117647058823,0.0,49.411764705882355,,,,,,False,False,['D'],3,0.0,0.0,-0.9736178256750143,-0.3200730889001024,0.2252674491648124,-0.513462691152526,-0.6194488057366755,1.0487725066513685,-0.4572223690346989,-0.544774682906941,-0.6510764976132477,0.0,,,,,-2.805636005203025,,,,,-2.729032437285812,0.07660356791721296,155,48,False
Benoit,Simon Benoit,TOR,Toronto Maple Leafs,D,33.0,0.0,7.636363636363637,0.0,0.0,0.0,50.909090909090914,-12.727272727272728,53.45454545454545,0.0,206.1818181818182,,,,,simonbenoit,,0.0,7.636363636363637,-12.727272727272728,53.45454545454545,0.0,0.0,50.909090909090914,0.0,206.1818181818182,,,,,,False,False,['D'],3,0.0,0.0,-0.9736178256750143,-0.7244780292621603,-0.37041104514163165,0.379805099520292,-0.6194488057366755,-0.34202739709864877,-1.0597450550474052,-0.544774682906941,1.4379712898506456,0.0,,,,,-2.816726451497539,,,,,-2.740122883580326,0.07660356791721296,156,48,False
Pettersson,Marcus Pettersson,VAN,Vancouver Canucks,D,35.0,2.4,14.4,0.0,0.0,0.0,62.400000000000006,2.4,84.0,0.0,48.0,,,,,marcuspettersson,,2.4,14.4,2.4,84.0,0.0,0.0,62.400000000000006,0.0,48.0,,,,,,False,False,['D'],2,0.0,0.0,-0.7801335266063429,-0.3439040943142951,0.22250075102095418,1.1897012297303138,-0.6194488057366755,-0.34202739709864877,-0.8777005179686506,-0.544774682906941,-0.6698890442052271,0.0,,,,,-2.7656760880855127,,,,,-2.7833016877832786,-0.017625599697765833,157,48,False
Pelech,Adam Pelech,NYI,New York Islanders,D,36.0,2.333333333333333,7.0,0.0,0.0,1.0,123.66666666666667,18.666666666666664,32.666666666666664,0.0,53.666666666666664,,,,,adampelech,,2.333333333333333,7.0,18.666666666666664,32.666666666666664,0.0,0.0,123.66666666666667,0.0,53.666666666666664,,,,,,False,False,['D'],3,0.0,0.0,-0.7855080904693615,-0.7602847166900508,0.8600709677278372,-0.17137421131708389,-0.6194488057366755,-0.34202739709864877,0.09291563463110256,-0.544774682906941,-0.5943775724679765,0.0,,,,,-2.8648088743277986,,,,,-2.788205306410586,0.07660356791721296,158,48,False
Ferraro,Mario Ferraro,SJS,San Jose Sharks,D,36.0,2.333333333333333,14.0,0.0,0.0,0.0,91.0,-2.333333333333333,18.666666666666664,0.0,158.66666666666666,,,,,marioferraro,,2.333333333333333,14.0,-2.333333333333333,18.666666666666664,0.0,0.0,91.0,0.0,158.66666666666666,,,,,,False,False,['D'],2,0.0,0.0,-0.7855080904693615,-0.3664111549832549,0.03697826993001688,-0.5425766043300104,-0.6194488057366755,-0.34202739709864877,-0.4246054913470031,-0.544774682906941,0.8048055803104905,0.0,,,,,-2.783568376631388,,,,,-2.801193976329154,-0.017625599697765833,159,48,False
Forsling,Gustav Forsling,FLA,Florida Panthers,D,35.0,2.4,31.200000000000003,0.0,0.0,0.0,98.4,-4.8,28.8,0.0,62.400000000000006,,,,,gustavforsling,,2.4,31.200000000000003,-4.8,28.8,0.0,0.0,98.4,0.0,62.400000000000006,,,,,,False,False,['D'],2,0.0,0.0,-0.7801335266063429,0.6013924537820153,-0.05970245965258426,-0.2738967770063683,-0.6194488057366755,-0.34202739709864877,-0.30737111382951376,-0.544774682906941,-0.4780010689670373,0.0,,,,,-2.8039633780220967,,Gustav Forsling,The Makar Of The Devil,Lev,-2.8215889777198626,-0.017625599697765833,160,48,False
Kolyachonok,Vladislav Kolyachonok,BOS,Boston Bruins,D,11.0,7.636363636363637,15.272727272727273,0.0,0.0,1.0,76.36363636363636,22.909090909090907,30.545454545454547,0.0,38.18181818181818,,,,,vladislavkolyachonok,,7.636363636363637,15.272727272727273,22.909090909090907,30.545454545454547,0.0,0.0,76.36363636363636,0.0,38.18181818181818,,,,,,False,False,['D'],2,0.0,0.0,-0.3579859650019693,-0.29479778012747376,1.026352320818306,-0.2276169981372242,-0.6194488057366755,-0.34202739709864877,-0.6564818399995309,-0.544774682906941,-0.800721754594902,0.0,,,,,-2.8175029027850593,,,,,-2.835128502482825,-0.017625599697765833,161,48,False
Robertson,Matthew Robertson,NYR,New York Rangers,D,29.0,5.793103448275862,11.586206896551724,0.0,0.0,0.0,86.89655172413794,-11.586206896551724,40.55172413793104,0.0,133.24137931034483,,,,,matthewrobertson,,5.793103448275862,11.586206896551724,-11.586206896551724,40.55172413793104,0.0,0.0,86.89655172413794,0.0,133.24137931034483,,,,,,False,False,['D'],2,0.0,0.0,-0.5065867589575319,-0.5022296245373224,-0.32568709500005727,0.03769380313847266,-0.6194488057366755,-0.34202739709864877,-0.4896143027383414,-0.544774682906941,0.465999544848425,0.0,,,,,-2.8266753189886207,,,,,-2.8443009186863866,-0.017625599697765833,162,48,False
Schneider,Braden Schneider,NYR,New York Rangers,D,38.0,2.2105263157894735,11.052631578947368,0.0,0.0,0.0,99.4736842105263,-8.842105263157894,17.684210526315788,0.0,179.0526315789474,,,,,bradenschneider,,2.2105263157894735,11.052631578947368,-8.842105263157894,17.684210526315788,0.0,0.0,99.4736842105263,0.0,179.0526315789474,,,,,,False,False,['D'],2,0.0,0.0,-0.7954086028486065,-0.5322526546492743,-0.21813233231141282,-0.5686258950677597,-0.6194488057366755,-0.34202739709864877,-0.29036128949553985,-0.544774682906941,1.0764598532475969,0.0,,,,,-2.834571806867262,,,,,-2.8521974065650277,-0.017625599697765833,163,48,False
Anderson,Mikey Anderson,LAK,Los Angeles Kings,D,34.0,4.9411764705882355,12.352941176470589,0.0,0.0,0.0,56.82352941176471,22.235294117647058,24.705882352941178,0.0,91.41176470588235,,,,,mikeyanderson,,4.9411764705882355,12.352941176470589,22.235294117647058,24.705882352941178,0.0,0.0,56.82352941176471,0.0,91.41176470588235,,,,,,False,False,['D'],3,0.0,0.0,-0.5752677981806911,-0.45908728714955976,0.999942929445114,-0.382450081853846,-0.6194488057366755,-0.34202739709864877,-0.9660456609627521,-0.544774682906941,-0.09140323650186095,0.0,,,,,-2.980562020945861,,,,,-2.903958453028648,0.07660356791721296,164,48,False
Emberson,Ty Emberson,EDM,Edmonton Oilers,D,32.0,2.625,15.75,0.0,0.0,1.0,57.75,13.125,26.25,0.0,120.75,,,,,tyemberson,,2.625,15.75,13.125,26.25,0.0,0.0,57.75,0.0,120.75,,,,,,False,False,['D'],2,0.0,0.0,-0.7619943735686551,-0.2679427645565559,0.6428659502534125,-0.3415086414480085,-0.6194488057366755,-0.34202739709864877,-0.9513680660032892,-0.544774682906941,0.29954499736271084,0.0,,,,,-2.8866537837026507,,,,,-2.9042793834004166,-0.017625599697765833,165,48,False
Mukhamadullin,Shakir Mukhamadullin,SJS,San Jose Sharks,D,18.0,9.333333333333332,18.666666666666664,0.0,0.0,0.0,65.33333333333333,9.333333333333332,37.33333333333333,0.0,46.66666666666667,,,,,shakirmukhamadullin,,9.333333333333332,18.666666666666664,9.333333333333332,37.33333333333333,0.0,0.0,65.33333333333333,0.0,46.66666666666667,,,,,,False,False,['D'],2,0.0,0.0,-0.22117888485240383,-0.10382878051205771,0.49425199092880595,-0.047640080312775085,-0.6194488057366755,-0.34202739709864877,-0.8312292331869433,-0.544774682906941,-0.6876564493198742,0.0,,,,,-2.9035323229975134,,,,,-2.9211579226952793,-0.017625599697765833,166,48,False
Larsson,Adam Larsson,SEA,Seattle Kraken,D,33.0,5.090909090909091,15.272727272727273,0.0,0.0,1.0,84.0,-15.272727272727273,45.81818181818181,0.0,112.0,,,,,adamlarsson,,5.090909090909091,15.272727272727273,-15.272727272727273,45.81818181818181,0.0,0.0,84.0,0.0,112.0,,,,,,False,False,['D'],3,0.0,0.0,-0.5631965852263177,-0.29479778012747376,-0.4701798569959129,0.17733106696778647,-0.6194488057366755,-0.34202739709864877,-0.5355028754851686,-0.544774682906941,0.18294640129783857,0.0,,,,,-3.009650515311513,,,,,-2.9330469473943004,0.07660356791721296,167,48,False
Moore,Ian Moore,ANA,Anaheim Ducks,D,22.0,7.636363636363637,11.454545454545453,0.0,0.0,1.0,80.18181818181819,11.454545454545453,45.81818181818181,0.0,42.0,,,,,ianmoore,,7.636363636363637,11.454545454545453,11.454545454545453,45.81818181818181,0.0,0.0,80.18181818181819,0.0,42.0,,,,,,False,False,['D'],2,0.0,0.0,-0.3579859650019693,-0.5096379046948171,0.5773926674740403,0.17733106696778647,-0.6194488057366755,-0.34202739709864877,-0.5959923577423496,-0.544774682906941,-0.7498423672211395,0.0,,,,,-2.9649857459607136,,,,,-2.9826113456584795,-0.017625599697765833,168,48,False
Kaiser,Wyatt Kaiser,CHI,Chicago Blackhawks,D,35.0,7.2,12.0,0.0,0.0,1.0,86.39999999999999,7.2,38.4,0.0,52.8,,,,,wyattkaiser,,7.2,12.0,7.2,38.4,0.0,0.0,86.39999999999999,0.0,52.8,,,,,,False,False,['D'],3,0.0,0.0,-0.3931649284690004,-0.4789464583280537,0.41063622480331313,-0.019357993226075825,-0.6194488057366755,-0.34202739709864877,-0.49748091520922627,-0.544774682906941,-0.6059263857924972,0.0,,,,,-3.0904913419638054,,,,,-3.0138877740465926,0.07660356791721296,169,48,False
Smith,Brendan Smith,CBJ,Columbus Blue Jackets,D,12.0,0.0,14.0,0.0,0.0,0.0,70.0,-7.0,77.0,0.0,77.0,,,,,brendansmith,,0.0,14.0,-7.0,77.0,0.0,0.0,70.0,0.0,77.0,,,,,,False,False,['D'],2,0.0,0.0,-0.9736178256750143,-0.3664111549832549,-0.14593121846949877,1.0041000332238503,-0.6194488057366755,-0.34202739709864877,-0.7572976437614996,-0.544774682906941,-0.2834479829616505,0.0,,,,,-3.0288566783693334,,,,,-3.0464822780670993,-0.017625599697765833,170,48,False
Dumba,Mathew Dumba,PIT,Pittsburgh Penguins,D,11.0,7.636363636363637,15.272727272727273,0.0,0.0,0.0,53.45454545454545,-38.18181818181818,84.0,0.0,122.18181818181819,,,,,mathewdumba,,7.636363636363637,15.272727272727273,-38.18181818181818,84.0,0.0,0.0,53.45454545454545,0.0,122.18181818181819,,,,,,False,False,['D'],2,0.0,0.0,-0.3579859650019693,-0.29479778012747376,-1.3680991636844442,1.1897012297303138,-0.6194488057366755,-0.34202739709864877,-1.019418733542618,-0.544774682906941,0.3186247676278718,0.0,,,,,-3.0382265307405847,,,,,-3.0558521304383506,-0.017625599697765833,171,48,False
Carlile,Declan Carlile,TBL,Tampa Bay Lightning,D,14.0,6.0,6.0,0.0,0.0,0.0,72.0,12.0,36.0,0.0,90.0,,,,,declancarlile,,6.0,6.0,12.0,36.0,0.0,0.0,72.0,0.0,90.0,,,,,,False,False,['D'],3,0.0,0.0,-0.48990707800333605,-0.8165523683624503,0.598771698585672,-0.08299268917114892,-0.6194488057366755,-0.34202739709864877,-0.7256126768648808,-0.544774682906941,-0.11021578309384028,0.0,,,,,-3.1327597826522497,,,,,-3.056156214735037,0.07660356791721296,172,48,False
Seeler,Nick Seeler,PHI,Philadelphia Flyers,D,34.0,0.0,9.882352941176471,0.0,0.0,0.0,103.76470588235294,-7.411764705882353,24.705882352941178,0.0,150.7058823529412,,,,,nickseeler,,0.0,9.882352941176471,-7.411764705882353,24.705882352941178,0.0,0.0,103.76470588235294,0.0,150.7058823529412,,,,,,False,False,['D'],3,0.0,0.0,-0.9736178256750143,-0.5981014853990172,-0.1620702909753384,-0.382450081853846,-0.6194488057366755,-0.34202739709864877,-0.22238084968328956,-0.544774682906941,0.6987237203612736,0.0,,,,,-3.1461476989674972,,,,,-3.0695441310502845,0.07660356791721296,173,48,False
Chatfield,Jalen Chatfield,CAR,Carolina Hurricanes,D,28.0,0.0,15.0,0.0,0.0,0.0,108.00000000000001,18.0,30.0,0.0,45.0,,,,,jalenchatfield,,0.0,15.0,18.0,30.0,0.0,0.0,108.00000000000001,0.0,45.0,,,,,,False,False,['D'],2,0.0,0.0,-0.9736178256750143,-0.31014350331085544,0.8339410408136209,-0.24207942903383176,-0.6194488057366755,-0.34202739709864877,-0.15528327272574383,-0.544774682906941,-0.7098657057131833,0.0,,,,,-3.0632995813872728,,,,,-3.0809251810850387,-0.017625599697765833,174,48,False
Lambos,Carson Lambos,MIN,Minnesota Wild,D,1.0,0.0,0.0,0.0,0.0,0.0,84.0,84.0,0.0,0.0,0.0,,,,,carsonlambos,,0.0,0.0,84.0,0.0,0.0,0.0,84.0,0.0,0.0,,,,,,False,False,['D'],2,0.0,0.0,-0.9736178256750143,-1.1541582783968467,3.4208038053210563,-1.0375131283472458,-0.6194488057366755,-0.34202739709864877,-0.5355028754851686,-0.544774682906941,-1.3095156283325264,0.0,,,,,-3.095754816658011,,,,,-3.113380416355777,-0.017625599697765833,175,48,False
Tanev,Chris Tanev,TOR,Toronto Maple Leafs,D,8.0,0.0,21.0,0.0,0.0,0.0,63.0,52.5,0.0,0.0,21.0,,,,,christanev,,0.0,21.0,52.5,0.0,0.0,0.0,63.0,0.0,21.0,,,,,,False,False,['D'],3,0.0,0.0,-0.9736178256750143,0.027462406723541066,2.186164758624326,-1.0375131283472458,-0.6194488057366755,-0.34202739709864877,-0.868195027899665,-0.544774682906941,-1.029678997776833,0.0,,,,,-3.2016287000931563,,Chris Tanev,Better Safe Than Sorokin,Harley Pesner,-3.1250251321759435,0.07660356791721296,176,48,False
Girard,Samuel Girard,COL,Colorado Avalanche,D,20.0,4.2,25.2,0.0,0.0,0.0,71.39999999999999,25.2,8.4,0.0,37.800000000000004,,,,,samuelgirard,,4.2,25.2,25.2,8.4,0.0,0.0,71.39999999999999,0.0,37.800000000000004,,,,,,False,False,['D'],2,0.0,0.0,-0.6350203023048395,0.2637865437476186,1.1161442514871591,-0.8147916925394899,-0.6194488057366755,-0.34202739709864877,-0.7351181669338666,-0.544774682906941,-0.8058096933322781,0.0,,,,,-3.1170599456179615,,,,,-3.1346855453157274,-0.017625599697765833,177,48,False
Mitchell,Travis Mitchell,NYI,New York Islanders,D,9.0,9.333333333333332,0.0,0.0,0.0,0.0,37.33333333333333,0.0,56.0,0.0,121.33333333333333,,,,,travismitchell,,9.333333333333332,0.0,0.0,56.0,0.0,0.0,37.33333333333333,0.0,121.33333333333333,,,,,,False,False,['D'],3,0.0,0.0,-0.22117888485240383,-1.1541582783968467,0.12843301412977468,0.4472964437044605,-0.6194488057366755,-0.34202739709864877,-1.2748187697396052,-0.544774682906941,0.30731823710036893,0.0,,,,,-3.273359123796517,,,,,-3.1967555558793044,0.07660356791721296,178,48,False
Stastney,Spencer Stastney,EDM,Edmonton Oilers,D,36.0,2.333333333333333,18.666666666666664,0.0,2.333333333333333,0.0,84.0,-4.666666666666666,23.333333333333336,0.0,16.333333333333332,,,,,spencerstastney,,2.333333333333333,18.666666666666664,-4.666666666666666,23.333333333333336,0.0,2.333333333333333,84.0,0.0,16.333333333333332,,,,,,False,False,['D'],2,0.0,0.0,-0.7855080904693615,-0.10382878051205771,-0.054476474269740935,-0.4188424733257015,-0.6194488057366755,0.9715058453319227,-0.5355028754851686,-0.544774682906941,-1.0918649156780982,0.0,,,,,-3.182741253051822,,,,,-3.200366852749588,-0.017625599697765833,179,48,False
Wilsby,Adam Wilsby,NSH,Nashville Predators,D,25.0,3.36,16.8,0.0,0.0,0.0,70.56,10.08,47.040000000000006,0.0,40.32,,,,,adamwilsby,,3.36,16.8,10.08,47.040000000000006,0.0,0.0,70.56,0.0,40.32,,,,,,False,False,['D'],2,0.0,0.0,-0.7027398069788745,-0.20886173030053645,0.5235175090727285,0.20972691217618764,-0.6194488057366755,-0.34202739709864877,-0.7484258530304463,-0.544774682906941,-0.772229297665595,0.0,,,,,-3.205263152468801,,,,,-3.222888752166567,-0.017625599697765833,180,48,False
Willander,Tom Willander,VAN,Vancouver Canucks,D,25.0,3.36,26.88,6.72,0.0,0.0,60.48,10.08,20.16,0.0,13.44,,,,,tomwillander,,3.36,26.88,10.08,20.16,6.72,0.0,60.48,0.0,13.44,,,,,,False,False,['D'],2,0.0,0.0,-0.7027398069788745,0.3583161985572496,0.5235175090727285,-0.5029816824086316,-0.011967374417868127,-0.34202739709864877,-0.9081180861894046,-0.544774682906941,-1.1304201847768827,0.0,,,,,-3.261195507147273,,,,,-3.278821106845039,-0.017625599697765833,181,48,False
Sandin-Pellikka,Axel Sandin-Pellikka,DET,Detroit Red Wings,D,37.0,9.08108108108108,22.702702702702705,11.351351351351353,0.0,0.0,93.08108108108108,-31.783783783783786,27.243243243243246,0.0,27.243243243243246,,,,,axelsandinpellikka,,9.08108108108108,22.702702702702705,-31.783783783783786,27.243243243243246,11.351351351351353,0.0,93.08108108108108,0.0,27.243243243243246,,,,,,False,False,['D'],3,0.0,0.0,-0.24151507244220405,0.12326948930086995,-1.1173289068615213,-0.3151733365383076,0.40670226068022897,-0.34202739709864877,-0.39163599876538635,-0.544774682906941,-0.9464843238278431,0.0,,,,,-3.3689679684597533,,,,,-3.2923644005425405,0.07660356791721296,182,48,False
DeSimone,Nick DeSimone,UTA,Utah Mammoth,D,13.0,12.923076923076923,6.461538461538462,0.0,0.0,1.0,116.3076923076923,12.923076923076923,12.923076923076923,0.0,32.30769230769231,,,,,nickdesimone,,12.923076923076923,6.461538461538462,12.923076923076923,12.923076923076923,0.0,0.0,116.3076923076923,0.0,32.30769230769231,,,,,,False,False,['D'],1,0.0,0.0,0.06822070777167727,-0.790582682975189,0.6349515973899718,-0.6948647655660829,-0.6194488057366755,-0.34202739709864877,-0.023668794847481755,-0.544774682906941,-0.8789977351699212,0.0,,,,,-3.1911925591392913,,,,,-3.303047326452036,-0.11185476731274463,183,48,False
Bogosian,Zach Bogosian,MIN,Minnesota Wild,D,17.0,4.9411764705882355,4.9411764705882355,0.0,0.0,0.0,74.11764705882352,34.588235294117645,9.882352941176471,0.0,69.17647058823529,,,,,zachbogosian,,4.9411764705882355,4.9411764705882355,34.588235294117645,9.882352941176471,0.0,0.0,74.11764705882352,0.0,69.17647058823529,,,,,,False,False,['D'],2,0.0,0.0,-0.5752677981806911,-0.876129881897932,1.4841151046203025,-0.7754879097498859,-0.6194488057366755,-0.34202739709864877,-0.6920638883861082,-0.544774682906941,-0.38770084532553634,0.0,,,,,-3.3287861046621163,,,,,-3.3464117043598822,-0.017625599697765833,184,48,False
Samberg,Dylan Samberg,WPG,Winnipeg Jets,D,19.0,0.0,22.105263157894736,0.0,0.0,0.0,110.5263157894737,4.421052631578947,8.842105263157894,0.0,79.57894736842105,,,,,dylansamberg,,0.0,22.105263157894736,4.421052631578947,8.842105263157894,0.0,0.0,110.5263157894737,0.0,79.57894736842105,,,,,,False,False,['D'],1,0.0,0.0,-0.9736178256750143,0.08965296909829829,0.3017156873503684,-0.8030695117075027,-0.6194488057366755,-0.34202739709864877,-0.11526015664580441,-0.544774682906941,-0.24908208096358286,0.0,,,,,-3.255911804285503,,,,,-3.3677665715982474,-0.11185476731274463,185,48,False
Ahcan,Jack Ahcan,COL,Colorado Avalanche,D,6.0,0.0,14.0,0.0,0.0,0.0,28.0,56.0,0.0,0.0,70.0,,,,,jackahcan,,0.0,14.0,56.0,0.0,0.0,0.0,28.0,0.0,70.0,,,,,,False,False,['D'],2,0.0,0.0,-0.9736178256750143,-0.3664111549832549,2.3233468749239625,-1.0375131283472458,-0.6194488057366755,-0.34202739709864877,-1.4226819485904925,-0.544774682906941,-0.3767268598135483,0.0,,,,,-3.359854928227859,,,,,-3.377480527925625,-0.017625599697765833,186,48,False
Petry,Jeff Petry,FLA,Florida Panthers,D,33.0,0.0,17.81818181818182,5.090909090909091,0.0,0.0,68.72727272727273,-2.5454545454545454,35.63636363636364,0.0,68.72727272727273,,,,,jeffpetry,,0.0,17.81818181818182,-2.5454545454545454,35.63636363636364,5.090909090909091,0.0,68.72727272727273,0.0,68.72727272727273,,,,,,False,False,['D'],2,0.0,0.0,-0.9736178256750143,-0.15157103041591152,0.028664202275493426,-0.09263430976888717,-0.15923560019212443,-0.34202739709864877,-0.7774608045138931,-0.544774682906941,-0.39368665560480237,0.0,,,,,-3.4063441039007287,,,,,-3.4239697035984946,-0.017625599697765833,187,48,False
Mateychuk,Denton Mateychuk,CBJ,Columbus Blue Jackets,D,34.0,14.823529411764707,17.294117647058822,2.4705882352941178,0.0,0.0,93.88235294117648,-7.411764705882353,4.9411764705882355,0.0,44.470588235294116,,,,,dentonmateychuk,,14.823529411764707,17.294117647058822,-7.411764705882353,4.9411764705882355,2.4705882352941178,0.0,93.88235294117648,0.0,44.470588235294116,,,,,,False,False,['D'],2,0.0,0.0,0.22143225680795547,-0.1810588906506451,-0.1620702909753384,-0.906500519048566,-0.39611004422240803,-0.34202739709864877,-0.37894186258422896,-0.544774682906941,-0.7169204106851756,0.0,,,,,-3.4069718413639967,,,,,-3.4245974410617626,-0.017625599697765833,188,48,False
Ceci,Cody Ceci,LAK,Los Angeles Kings,D,34.0,2.4705882352941178,12.352941176470589,0.0,2.4705882352941178,0.0,74.11764705882352,-7.411764705882353,19.764705882352942,0.0,37.05882352941176,,,,,codyceci,,2.4705882352941178,12.352941176470589,-7.411764705882353,19.764705882352942,0.0,2.4705882352941178,74.11764705882352,0.0,37.05882352941176,,,,,,False,False,['D'],3,0.0,0.0,-0.7744428119278527,-0.45908728714955976,-0.1620702909753384,-0.513462691152526,-0.6194488057366755,1.0487725066513685,-0.6920638883861082,-0.544774682906941,-0.8156862802930674,0.0,,,,,-3.5322642318767006,,,,,-3.455660663959488,0.07660356791721296,189,48,False
Myers,Tyler Myers,VAN,Vancouver Canucks,D,35.0,2.4,14.4,0.0,0.0,0.0,86.39999999999999,-28.8,62.400000000000006,0.0,100.8,,,,,tylermyers,,2.4,14.4,-28.8,62.400000000000006,0.0,0.0,86.39999999999999,0.0,100.8,,,,,,False,False,['D'],2,0.0,0.0,-0.7801335266063429,-0.3439040943142951,-1.000379828564379,0.6169889662246557,-0.6194488057366755,-0.34202739709864877,-0.49748091520922627,-0.544774682906941,0.03370019833480202,0.0,,,,,-3.4774600858770506,,Tyler Myers,Hagel Cream Cheese & Larks,Ilan Weintraub,-3.4950856855748165,-0.017625599697765833,190,48,False
Carlo,Brandon Carlo,TOR,Toronto Maple Leafs,D,18.0,0.0,9.333333333333332,0.0,0.0,0.0,107.33333333333333,9.333333333333332,28.0,0.0,56.0,,,,,brandoncarlo,,0.0,9.333333333333332,9.333333333333332,28.0,0.0,0.0,107.33333333333333,0.0,56.0,,,,,,False,False,['D'],3,0.0,0.0,-0.9736178256750143,-0.6289935294544522,0.49425199092880595,-0.2951083423213927,-0.6194488057366755,-0.34202739709864877,-0.16584492835795037,-0.544774682906941,-0.5632846135173439,0.0,,,,,-3.638848134139613,,,,,-3.5622445662224003,0.07660356791721296,191,48,False
White,Colton White,NJD,New Jersey Devils,D,16.0,0.0,21.0,0.0,0.0,0.0,42.0,31.5,0.0,0.0,78.75,,,,,coltonwhite,,0.0,21.0,31.5,0.0,0.0,0.0,42.0,0.0,78.75,,,,,,False,False,['D'],2,0.0,0.0,-0.9736178256750143,0.027462406723541066,1.3630720608265054,-1.0375131283472458,-0.6194488057366755,-0.34202739709864877,-1.2008871803141614,-0.544774682906941,-0.26012826374867604,0.0,,,,,-3.5878628162773163,,,,,-3.605488415975082,-0.017625599697765833,192,48,False
Peeke,Andrew Peeke,BOS,Boston Bruins,D,37.0,6.810810810810811,11.351351351351353,0.0,0.0,0.0,99.8918918918919,-22.702702702702705,27.243243243243246,0.0,113.51351351351352,,,,,andrewpeeke,,6.810810810810811,11.351351351351353,-22.702702702702705,27.243243243243246,0.0,0.0,99.8918918918919,0.0,113.51351351351352,,,,,,False,False,['D'],2,0.0,0.0,-0.42454076075040653,-0.5154443945479884,-0.7613969294354367,-0.3151733365383076,-0.6194488057366755,-0.34202739709864877,-0.28373584122554946,-0.544774682906941,0.20311480710365434,0.0,,,,,-3.6034273411362996,,,,,-3.6210529408340655,-0.017625599697765833,193,48,False
McNabb,Brayden McNabb,VGK,Vegas Golden Knights,D,34.0,2.4705882352941178,2.4705882352941178,0.0,0.0,1.0,71.6470588235294,-12.352941176470589,44.470588235294116,0.0,145.76470588235296,,,,,braydenmcnabb,,2.4705882352941178,2.4705882352941178,-12.352941176470589,44.470588235294116,0.0,0.0,71.6470588235294,0.0,145.76470588235296,,,,,,False,False,['D'],2,0.0,0.0,-0.7744428119278527,-1.0151440801473894,-0.3557391610454138,0.14160035534087384,-0.6194488057366755,-0.34202739709864877,-0.7312041416113431,-0.544774682906941,0.6328798072893459,0.0,,,,,-3.6083009178440446,,,,,-3.6259265175418105,-0.017625599697765833,194,48,False
Gudbranson,Erik Gudbranson,CBJ,Columbus Blue Jackets,D,4.0,0.0,0.0,0.0,0.0,0.0,63.0,-42.0,126.0,0.0,105.0,,,,,erikgudbranson,,0.0,0.0,-42.0,126.0,0.0,0.0,63.0,0.0,105.0,,,,,,False,False,['D'],2,0.0,0.0,-0.9736178256750143,-1.1541582783968467,-1.517752381465866,2.3033084087690936,-0.6194488057366755,-0.34202739709864877,-0.868195027899665,-0.544774682906941,0.08966752444594074,0.0,,,,,-3.6269984659646233,,,,,-3.644624065662389,-0.017625599697765833,195,48,False
Forbort,Derek Forbort,VAN,Vancouver Canucks,D,2.0,0.0,0.0,0.0,0.0,0.0,42.0,0.0,84.0,0.0,84.0,,,,,derekforbort,,0.0,0.0,0.0,84.0,0.0,0.0,42.0,0.0,84.0,,,,,,False,False,['D'],2,0.0,0.0,-0.9736178256750143,-1.1541582783968467,0.12843301412977468,1.1897012297303138,-0.6194488057366755,-0.34202739709864877,-1.2008871803141614,-0.544774682906941,-0.19016910610975268,0.0,,,,,-3.706949032377952,,,,,-3.724574632075718,-0.017625599697765833,196,48,False
Murphy,Connor Murphy,CHI,Chicago Blackhawks,D,35.0,0.0,7.2,0.0,0.0,0.0,72.0,-14.4,67.2,0.0,86.39999999999999,,,,,connormurphy,,0.0,7.2,-14.4,67.2,0.0,0.0,72.0,0.0,86.39999999999999,,,,,,False,False,['D'],3,0.0,0.0,-0.9736178256750143,-0.749031186355571,-0.43597340721730216,0.7442583581148019,-0.6194488057366755,-0.34202739709864877,-0.7256126768648808,-0.544774682906941,-0.15818777690338784,0.0,,,,,-3.8044154006436197,,,,,-3.727811832726407,0.07660356791721296,197,48,False
Broberg,Philip Broberg,STL,St. Louis Blues,D,37.0,4.54054054054054,22.702702702702705,0.0,0.0,0.0,111.24324324324324,-4.54054054054054,9.08108108108108,0.0,38.5945945945946,,,,,philipbroberg,,4.54054054054054,22.702702702702705,-4.54054054054054,9.08108108108108,0.0,0.0,111.24324324324324,0.0,38.5945945945946,,,,,,False,False,['D'],2,0.0,0.0,-0.6075664490586091,0.12326948930086995,-0.04953297458326756,-0.7967331977442664,-0.6194488057366755,-0.34202739709864877,-0.10390224532582186,-0.544774682906941,-0.7952212802842249,0.0,,,,,-3.735937543437585,,,,,-3.753563143135351,-0.017625599697765833,198,48,False
Parayko,Colton Parayko,STL,St. Louis Blues,D,37.0,0.0,22.702702702702705,0.0,0.0,0.0,102.16216216216216,-20.432432432432435,27.243243243243246,0.0,79.45945945945945,,,,,coltonparayko,,0.0,22.702702702702705,-20.432432432432435,27.243243243243246,0.0,0.0,102.16216216216216,0.0,79.45945945945945,,,,,,False,False,['D'],2,0.0,0.0,-0.9736178256750143,0.12326948930086995,-0.6724139350789154,-0.3151733365383076,-0.6194488057366755,-0.34202739709864877,-0.24776912204560408,-0.544774682906941,-0.2506743235272,0.0,,,,,-3.8426299393064367,,Colton Parayko,Better Safe Than Sorokin,Harley Pesner,-3.8602555390042026,-0.017625599697765833,199,48,False
Del Mastro,Ethan Del Mastro,CHI,Chicago Blackhawks,D,2.0,0.0,0.0,0.0,0.0,0.0,126.0,-42.0,0.0,0.0,252.0,,,,,ethandelmastro,,0.0,0.0,-42.0,0.0,0.0,0.0,126.0,0.0,252.0,,,,,,False,False,['D'],3,0.0,0.0,-0.9736178256750143,-1.1541582783968467,-1.517752381465866,-1.0375131283472458,-0.6194488057366755,-0.34202739709864877,0.12988142934382432,-0.544774682906941,2.0485239383357947,0.0,,,,,-4.010887131947619,,,,,-3.9342835640304066,0.07660356791721296,200,48,False
Nystrom,Joel Nystrom,CAR,Carolina Hurricanes,D,24.0,0.0,17.5,0.0,0.0,0.0,108.5,10.5,14.0,0.0,21.0,,,,,joelnystrom,,0.0,17.5,10.5,14.0,0.0,0.0,108.5,0.0,21.0,,,,,,False,False,['D'],2,0.0,0.0,-0.9736178256750143,-0.16947437412985691,0.5399793630286849,-0.6663107353343193,-0.6194488057366755,-0.34202739709864877,-0.1473620310015894,-0.544774682906941,-1.029678997776833,0.0,,,,,-3.9527154866311935,,,,,-3.9703410863289594,-0.017625599697765833,201,48,False
Jokiharju,Henri Jokiharju,BOS,Boston Bruins,D,25.0,0.0,20.16,6.72,0.0,0.0,73.92,-16.8,33.6,0.0,43.68,,,,,henrijokiharju,,0.0,20.16,-16.8,33.6,6.72,0.0,73.92,0.0,43.68,,,,,,False,False,['D'],2,0.0,0.0,-0.9736178256750143,-0.019802420681274437,-0.5300411441084817,-0.146627385116222,-0.011967374417868127,-0.34202739709864877,-0.6951951086441268,-0.544774682906941,-0.7274554367766841,0.0,,,,,-3.9915087754252614,,,,,-4.009134375123027,-0.017625599697765833,202,48,False
Hunt,Daemon Hunt,MIN,Minnesota Wild,D,12.0,0.0,14.0,0.0,0.0,0.0,21.0,21.0,28.0,0.0,77.0,,,,,daemonhunt,,0.0,14.0,21.0,28.0,0.0,0.0,21.0,0.0,77.0,,,,,,False,False,['D'],2,0.0,0.0,-0.9736178256750143,-0.3664111549832549,0.9515257119275952,-0.2951083423213927,-0.6194488057366755,-0.34202739709864877,-1.533579332728658,-0.544774682906941,-0.2834479829616505,0.0,,,,,-4.006889812484641,,,,,-4.0245154121824065,-0.017625599697765833,203,48,False
Jones,Caleb Jones,PIT,Pittsburgh Penguins,D,7.0,0.0,12.0,0.0,0.0,0.0,60.0,12.0,0.0,0.0,120.0,,,,,calebjones,,0.0,12.0,12.0,0.0,0.0,0.0,60.0,0.0,120.0,,,,,,False,False,['D'],2,0.0,0.0,-0.9736178256750143,-0.4789464583280537,0.598771698585672,-1.0375131283472458,-0.6194488057366755,-0.34202739709864877,-0.9157224782445931,-0.544774682906941,0.2895508319857218,0.0,,,,,-4.023728245765779,,,,,-4.0413538454635445,-0.017625599697765833,204,48,False
McIlrath,Dylan McIlrath,WSH,Washington Capitals,D,4.0,0.0,0.0,0.0,0.0,0.0,21.0,21.0,0.0,0.0,189.0,,,,,dylanmcilrath,,0.0,0.0,21.0,0.0,0.0,0.0,21.0,0.0,189.0,,,,,,False,False,['D'],2,0.0,0.0,-0.9736178256750143,-1.1541582783968467,0.9515257119275952,-1.0375131283472458,-0.6194488057366755,-0.34202739709864877,-1.533579332728658,-0.544774682906941,1.2090140466687145,0.0,,,,,-4.04457969229372,,,,,-4.062205291991486,-0.017625599697765833,205,48,False
Whitecloud,Zach Whitecloud,VGK,Vegas Golden Knights,D,34.0,2.4705882352941178,9.882352941176471,0.0,0.0,0.0,61.76470588235294,-22.235294117647058,34.588235294117645,0.0,138.35294117647058,,,,,zachwhitecloud,,2.4705882352941178,9.882352941176471,-22.235294117647058,34.588235294117645,0.0,0.0,61.76470588235294,0.0,138.35294117647058,,,,,,False,False,['D'],2,0.0,0.0,-0.7744428119278527,-0.5981014853990172,-0.7430769011855645,-0.1204248632564861,-0.6194488057366755,-0.34202739709864877,-0.8877651545122824,-0.544774682906941,0.5341139376814538,0.0,,,,,-4.095948164342015,,,,,-4.1135737640397805,-0.017625599697765833,206,48,False
Mintyukov,Pavel Mintyukov,ANA,Anaheim Ducks,D,32.0,10.5,13.125,0.0,0.0,2.0,73.5,2.625,5.25,0.0,47.25,,,,,pavelmintyukov,,10.5,13.125,2.625,5.25,0.0,0.0,73.5,0.0,47.25,,,,,,False,False,['D'],2,0.0,0.0,-0.12712401724957742,-0.41564535019660437,0.23131960135450225,-0.8983122309673984,-0.6194488057366755,-0.34202739709864877,-0.7018489516924168,-0.544774682906941,-0.6798832095822162,0.0,,,,,-4.097745044075976,,,,,-4.115370643773742,-0.017625599697765833,207,48,False
St. Ivany,Jack St. Ivany,PIT,Pittsburgh Penguins,D,3.0,0.0,0.0,0.0,0.0,0.0,84.0,-56.0,0.0,0.0,336.0,,,,,jackstivany,,0.0,0.0,-56.0,0.0,0.0,0.0,84.0,0.0,336.0,,,,,,False,False,['D'],2,0.0,0.0,-0.9736178256750143,-1.1541582783968467,-2.066480846664413,-1.0375131283472458,-0.6194488057366755,-0.34202739709864877,-0.5355028754851686,-0.544774682906941,3.1678704605585684,0.0,,,,,-4.105653379752386,,,,,-4.123278979450152,-0.017625599697765833,208,48,False
Romanov,Alexander Romanov,NYI,New York Islanders,D,15.0,0.0,5.6,0.0,0.0,0.0,95.2,-39.2,33.6,0.0,173.60000000000002,,,,,alexanderromanov,,0.0,5.6,-39.2,33.6,0.0,0.0,95.2,0.0,173.60000000000002,,,,,,False,False,['D'],3,0.0,0.0,-0.9736178256750143,-0.8390594290314101,-1.4080066884261568,-0.146627385116222,-0.6194488057366755,-0.34202739709864877,-0.3580670608641037,-0.544774682906941,1.0038005175945397,0.0,,,,,-4.227828757260633,,,,,-4.151225189343419,0.07660356791721296,209,48,False
Kleven,Tyler Kleven,OTT,Ottawa Senators,D,32.0,0.0,13.125,0.0,0.0,0.0,102.375,-28.875,34.125,0.0,107.625,,,,,tylerkleven,,0.0,13.125,-28.875,34.125,0.0,0.0,102.375,0.0,107.625,,,,,,False,False,['D'],2,0.0,0.0,-0.9736178256750143,-0.41564535019660437,-1.0033194453422283,-0.1327072953782373,-0.6194488057366755,-0.34202739709864877,-0.24439724212248418,-0.544774682906941,0.12464710326540243,0.0,,,,,-4.151290941191431,,,,,-4.168916540889197,-0.017625599697765833,210,48,False
Pesce,Brett Pesce,NJD,New Jersey Devils,D,12.0,0.0,21.0,0.0,0.0,0.0,77.0,7.0,14.0,0.0,35.0,,,,,brettpesce,,0.0,21.0,7.0,14.0,0.0,0.0,77.0,0.0,35.0,,,,,,False,False,['D'],2,0.0,0.0,-0.9736178256750143,0.027462406723541066,0.40279724672904815,-0.6663107353343193,-0.6194488057366755,-0.34202739709864877,-0.646400259623334,-0.544774682906941,-0.8431212440730373,0.0,,,,,-4.205441296995381,,,,,-4.223066896693147,-0.017625599697765833,211,48,False
Murchison,Ty Murchison,PHI,Philadelphia Flyers,D,3.0,0.0,0.0,0.0,0.0,0.0,28.0,28.0,0.0,0.0,140.0,,,,,tymurchison,,0.0,0.0,28.0,0.0,0.0,0.0,28.0,0.0,140.0,,,,,,False,False,['D'],3,0.0,0.0,-0.9736178256750143,-1.1541582783968467,1.2258899445268687,-1.0375131283472458,-0.6194488057366755,-0.34202739709864877,-1.4226819485904925,-0.544774682906941,0.5560619087054298,0.0,,,,,-4.312270213519566,,,,,-4.235666645602353,0.07660356791721296,212,48,False
Mailloux,Logan Mailloux,STL,St. Louis Blues,D,24.0,3.5,3.5,0.0,0.0,0.0,98.0,-52.5,80.5,0.0,101.5,,,,,loganmailloux,,3.5,3.5,-52.5,80.5,0.0,0.0,98.0,0.0,101.5,,,,,,False,False,['D'],2,0.0,0.0,-0.6914532228665353,-0.9572214975434488,-1.9292987303647762,1.096900631477082,-0.6194488057366755,-0.34202739709864877,-0.3137081072088376,-0.544774682906941,0.04302808601999184,0.0,,,,,-4.2580037262287895,,,,,-4.275629325926555,-0.017625599697765833,213,48,False
Mermis,Dakota Mermis,TOR,Toronto Maple Leafs,D,11.0,7.636363636363637,0.0,0.0,0.0,0.0,38.18181818181818,-22.909090909090907,84.0,0.0,61.09090909090909,,,,,dakotamermis,,7.636363636363637,0.0,-22.909090909090907,84.0,0.0,0.0,38.18181818181818,0.0,61.09090909090909,,,,,,False,False,['D'],3,0.0,0.0,-0.3579859650019693,-1.1541582783968467,-0.7694862925587564,1.1897012297303138,-0.6194488057366755,-0.34202739709864877,-1.2613766625713427,-0.544774682906941,-0.4954454303523273,0.0,,,,,-4.355002284893194,,,,,-4.278398716975981,0.07660356791721296,214,48,False
Metsa,Zach Metsa,BUF,Buffalo Sabres,D,6.0,0.0,0.0,0.0,0.0,0.0,42.0,42.0,28.0,0.0,28.0,,,,,zachmetsa,,0.0,0.0,42.0,28.0,0.0,0.0,42.0,0.0,28.0,,,,,,False,False,['D'],2,0.0,0.0,-0.9736178256750143,-1.1541582783968467,1.7746184097254156,-0.2951083423213927,-0.6194488057366755,-0.34202739709864877,-1.2008871803141614,-0.544774682906941,-0.9364001209249352,0.0,,,,,-4.2918042236492,,,,,-4.3094298233469654,-0.017625599697765833,215,48,False
Myers,Philippe Myers,TOR,Toronto Maple Leafs,D,16.0,0.0,5.25,0.0,0.0,0.0,78.75,-26.25,42.0,0.0,126.0,,,,,philippemyers,,0.0,5.25,-26.25,42.0,0.0,0.0,78.75,0.0,126.0,,,,,,False,False,['D'],3,0.0,0.0,-0.9736178256750143,-0.8587531071167498,-0.9004328581175007,0.07609405069153391,-0.6194488057366755,-0.34202739709864877,-0.6186759135887927,-0.544774682906941,0.3695041550016342,0.0,,,,,-4.412132384547155,,,,,-4.3355288166299415,0.07660356791721296,216,48,False
Hanley,Joel Hanley,CGY,Calgary Flames,D,33.0,0.0,12.727272727272728,0.0,0.0,0.0,63.63636363636363,0.0,33.090909090909086,0.0,56.0,,,,,joelhanley,,0.0,12.727272727272728,0.0,33.090909090909086,0.0,0.0,63.63636363636363,0.0,56.0,,,,,,False,False,['D'],2,0.0,0.0,-0.9736178256750143,-0.4380245298390359,0.12843301412977468,-0.16012565395305586,-0.6194488057366755,-0.34202739709864877,-0.8581134475234682,-0.544774682906941,-0.5632846135173439,0.0,,,,,-4.370983942120409,,,,,-4.388609541818175,-0.017625599697765833,217,48,False
Barron,Justin Barron,NSH,Nashville Predators,D,19.0,0.0,17.684210526315788,0.0,0.0,0.0,66.3157894736842,-4.421052631578947,26.52631578947368,0.0,57.473684210526315,,,,,justinbarron,,0.0,17.684210526315788,-4.421052631578947,26.52631578947368,0.0,0.0,66.3157894736842,0.0,57.473684210526315,,,,,,False,False,['D'],2,0.0,0.0,-0.9736178256750143,-0.1591092804007308,-0.04484965909081907,-0.3341822784280166,-0.6194488057366755,-0.34202739709864877,-0.8156646880447446,-0.544774682906941,-0.5436469552327339,0.0,,,,,-4.377321572614324,,,,,-4.39494717231209,-0.017625599697765833,218,48,False
Matinpalo,Nikolas Matinpalo,OTT,Ottawa Senators,D,25.0,0.0,13.44,0.0,0.0,0.0,53.76,0.0,26.88,0.0,73.92,,,,,nikolasmatinpalo,,0.0,13.44,0.0,26.88,0.0,0.0,53.76,0.0,73.92,,,,,,False,False,['D'],2,0.0,0.0,-0.9736178256750143,-0.3979210399197986,0.12843301412977468,-0.32480453376242685,-0.6194488057366755,-0.34202739709864877,-1.0145795749620434,-0.544774682906941,-0.3244906887764855,0.0,,,,,-4.41323153470826,,,,,-4.4308571344060255,-0.017625599697765833,219,48,False
Bernard-Docker,Jacob Bernard-Docker,DET,Detroit Red Wings,D,21.0,0.0,4.0,0.0,0.0,0.0,84.0,-4.0,16.0,0.0,104.0,,,,,jacobbernarddocker,,0.0,4.0,-4.0,16.0,0.0,0.0,84.0,0.0,104.0,,,,,,False,False,['D'],3,0.0,0.0,-0.9736178256750143,-0.929087671707249,-0.02834654735552444,-0.6132818220467583,-0.6194488057366755,-0.34202739709864877,-0.5355028754851686,-0.544774682906941,0.07634197060995535,0.0,,,,,-4.509745657402025,,,,,-4.433142089484812,0.07660356791721296,220,48,False
Soderstrom,Victor Soderstrom,BOS,Boston Bruins,D,8.0,0.0,10.5,0.0,0.0,0.0,84.0,31.5,0.0,0.0,10.5,,,,,victorsoderstrom,,0.0,10.5,31.5,0.0,0.0,0.0,84.0,0.0,10.5,,,,,,False,False,['D'],2,0.0,0.0,-0.9736178256750143,-0.5633479358366529,1.3630720608265054,-1.0375131283472458,-0.6194488057366755,-0.34202739709864877,-0.5355028754851686,-0.544774682906941,-1.1695973130546797,0.0,,,,,-4.422757903314521,,,,,-4.440383503012287,-0.017625599697765833,221,48,False
Zamula,Egor Zamula,PHI,Philadelphia Flyers,D,13.0,0.0,6.461538461538462,0.0,0.0,0.0,58.15384615384615,25.846153846153847,25.846153846153847,0.0,12.923076923076923,,,,,egorzamula,,0.0,6.461538461538462,25.846153846153847,25.846153846153847,0.0,0.0,58.15384615384615,0.0,12.923076923076923,,,,,,False,False,['D'],3,0.0,0.0,-0.9736178256750143,-0.790582682975189,1.141470180650169,-0.35221640278491984,-0.6194488057366755,-0.34202739709864877,-0.944970139995318,-0.544774682906941,-1.1373084710674843,0.0,,,,,-4.563476227590021,,,,,-4.486872659672808,0.07660356791721296,222,48,False
Jensen,Nick Jensen,OTT,Ottawa Senators,D,35.0,2.4,16.8,0.0,0.0,0.0,52.8,-19.2,48.0,0.0,55.2,,,,,nickjensen,,2.4,16.8,-19.2,48.0,0.0,0.0,52.8,0.0,55.2,,,,,,False,False,['D'],2,0.0,0.0,-0.7801335266063429,-0.20886173030053645,-0.6241088809996611,0.23518079055421673,-0.6194488057366755,-0.34202739709864877,-1.0297883590724204,-0.544774682906941,-0.5739450565861323,0.0,,,,,-4.487907648753142,,,,,-4.505533248450908,-0.017625599697765833,223,48,False
Brzustewicz,Hunter Brzustewicz,CGY,Calgary Flames,D,5.0,0.0,0.0,0.0,0.0,0.0,117.6,16.8,0.0,0.0,50.4,,,,,hunterbrzustewicz,,0.0,0.0,16.8,0.0,0.0,0.0,117.6,0.0,50.4,,,,,,False,False,['D'],2,0.0,0.0,-0.9736178256750143,-1.1541582783968467,0.786907172368031,-1.0375131283472458,-0.6194488057366755,-0.34202739709864877,-0.003195431621974355,-0.544774682906941,-0.6379077149988622,0.0,,,,,-4.525736092414178,,,,,-4.543361692111944,-0.017625599697765833,224,48,False
Mancini,Victor Mancini,VAN,Vancouver Canucks,D,5.0,0.0,0.0,0.0,0.0,0.0,50.4,-33.6,84.0,0.0,100.8,,,,,victormancini,,0.0,0.0,-33.6,84.0,0.0,0.0,50.4,0.0,100.8,,,,,,False,False,['D'],2,0.0,0.0,-0.9736178256750143,-1.1541582783968467,-1.1885153023467379,1.1897012297303138,-0.6194488057366755,-0.34202739709864877,-1.067810319348363,-0.544774682906941,0.03370019833480202,0.0,,,,,-4.6669511834441115,,,,,-4.684576783141877,-0.017625599697765833,225,48,False
Bean,Jake Bean,CGY,Calgary Flames,D,16.0,5.25,5.25,0.0,0.0,0.0,84.0,-36.75,84.0,0.0,15.75,,,,,jakebean,,5.25,5.25,-36.75,84.0,0.0,0.0,84.0,0.0,15.75,,,,,,False,False,['D'],2,0.0,0.0,-0.5503709214622958,-0.8587531071167498,-1.311979207016411,1.1897012297303138,-0.6194488057366755,-0.34202739709864877,-0.5355028754851686,-0.544774682906941,-1.0996381554157564,0.0,,,,,-4.672793922508333,,,,,-4.690419522206099,-0.017625599697765833,226,48,False
Timmins,Conor Timmins,BUF,Buffalo Sabres,D,33.0,0.0,15.272727272727273,0.0,0.0,0.0,84.0,-28.0,40.72727272727273,0.0,63.63636363636363,,,,,conortimmins,,0.0,15.272727272727273,-28.0,40.72727272727273,0.0,0.0,84.0,0.0,63.63636363636363,,,,,,False,False,['D'],2,0.0,0.0,-0.9736178256750143,-0.29479778012747376,-0.9690239162673191,0.042348378599449656,-0.6194488057366755,-0.34202739709864877,-0.5355028754851686,-0.544774682906941,-0.46152583876981906,0.0,,,,,-4.698370743467611,,,,,-4.715996343165377,-0.017625599697765833,227,48,False
Graves,Ryan Graves,PIT,Pittsburgh Penguins,D,17.0,4.9411764705882355,0.0,0.0,0.0,0.0,93.88235294117648,-19.764705882352942,39.529411764705884,0.0,64.23529411764706,,,,,ryangraves,,4.9411764705882355,0.0,-19.764705882352942,39.529411764705884,0.0,0.0,93.88235294117648,0.0,64.23529411764706,,,,,,False,False,['D'],2,0.0,0.0,-0.5752677981806911,-1.1541582783968467,-0.6462424661505268,0.010587746042193966,-0.6194488057366755,-0.34202739709864877,-0.37894186258422896,-0.544774682906941,-0.45354475839746416,0.0,,,,,-4.703818303409829,,,,,-4.721443903107595,-0.017625599697765833,228,48,False
Regula,Alec Regula,EDM,Edmonton Oilers,D,21.0,0.0,12.0,0.0,0.0,0.0,52.0,-32.0,76.0,0.0,56.0,,,,,alecregula,,0.0,12.0,-32.0,76.0,0.0,0.0,52.0,0.0,56.0,,,,,,False,False,['D'],2,0.0,0.0,-0.9736178256750143,-0.4789464583280537,-1.1258034777526182,0.97758557658007,-0.6194488057366755,-0.34202739709864877,-1.042462345831068,-0.544774682906941,-0.5632846135173439,0.0,,,,,-4.712780030266294,,,,,-4.73040562996406,-0.017625599697765833,229,48,False
Chisholm,Declan Chisholm,WSH,Washington Capitals,D,14.0,0.0,18.0,0.0,0.0,0.0,48.0,12.0,12.0,0.0,30.0,,,,,declanchisholm,,0.0,18.0,12.0,12.0,0.0,0.0,48.0,0.0,30.0,,,,,,False,False,['D'],2,0.0,0.0,-0.9736178256750143,-0.1413405482936572,0.598771698585672,-0.7193396486218803,-0.6194488057366755,-0.34202739709864877,-1.1058322796243054,-0.544774682906941,-0.9097490132529644,0.0,,,,,-4.757358502624415,,,,,-4.774984102322181,-0.017625599697765833,230,48,False
Parekh,Zayne Parekh,CGY,Calgary Flames,D,11.0,0.0,7.636363636363637,7.636363636363637,0.0,0.0,84.0,0.0,0.0,0.0,38.18181818181818,,,,,zayneparekh,,0.0,7.636363636363637,0.0,0.0,7.636363636363637,0.0,84.0,0.0,38.18181818181818,,,,,,False,False,['D'],2,0.0,0.0,-0.9736178256750143,-0.7244780292621603,0.12843301412977468,-1.0375131283472458,0.07087100258015111,-0.34202739709864877,-0.5355028754851686,-0.544774682906941,-0.800721754594902,0.0,,,,,-4.759331676660156,,,,,-4.776957276357922,-0.017625599697765833,231,48,False
Vaakanainen,Urho Vaakanainen,NYR,New York Rangers,D,19.0,0.0,13.26315789473684,0.0,0.0,0.0,53.05263157894736,-4.421052631578947,44.21052631578947,0.0,26.52631578947368,,,,,urhovaakanainen,,0.0,13.26315789473684,-4.421052631578947,44.21052631578947,0.0,0.0,53.05263157894736,0.0,26.52631578947368,,,,,,False,False,['D'],2,0.0,0.0,-0.9736178256750143,-0.4078715298997598,-0.04484965909081907,0.13470495485146966,-0.6194488057366755,-0.34202739709864877,-1.0257860474644267,-0.544774682906941,-0.9560377792095452,0.0,,,,,-4.779708772230361,,,,,-4.797334371928127,-0.017625599697765833,232,48,False
Morrow,Scott Morrow,NYR,New York Rangers,D,13.0,0.0,12.923076923076923,6.461538461538462,0.0,0.0,90.46153846153845,-12.923076923076923,12.923076923076923,0.0,25.846153846153847,,,,,scottmorrow,,0.0,12.923076923076923,-12.923076923076923,12.923076923076923,6.461538461538462,0.0,90.46153846153845,0.0,25.846153846153847,,,,,,False,False,['D'],2,0.0,0.0,-0.9736178256750143,-0.4270070875535312,-0.3780855691304225,-0.6948647655660829,-0.03533204485320684,-0.34202739709864877,-0.43313605935763133,-0.544774682906941,-0.9651013138024422,0.0,,,,,-4.793946745943921,,,,,-4.811572345641687,-0.017625599697765833,233,48,False
Capobianco,Kyle Capobianco,DAL,Dallas Stars,D,18.0,4.666666666666666,14.0,0.0,0.0,0.0,51.333333333333336,0.0,18.666666666666664,0.0,28.0,,,,,kylecapobianco,,4.666666666666666,14.0,0.0,18.666666666666664,0.0,0.0,51.333333333333336,0.0,28.0,,,,,,False,False,['D'],2,0.0,0.0,-0.5973983552637091,-0.3664111549832549,0.12843301412977468,-0.5425766043300104,-0.6194488057366755,-0.34202739709864877,-1.0530240014632741,-0.544774682906941,-0.9364001209249352,0.0,,,,,-4.873628108577674,,,,,-4.89125370827544,-0.017625599697765833,234,48,False
Carrier,Alexandre Carrier,MTL,Montréal Canadiens,D,36.0,2.333333333333333,18.666666666666664,0.0,0.0,0.0,58.33333333333333,-21.0,37.33333333333333,0.0,37.33333333333333,,,,,alexandrecarrier,,2.333333333333333,18.666666666666664,-21.0,37.33333333333333,0.0,0.0,58.33333333333333,0.0,37.33333333333333,,,,,,False,False,['D'],2,0.0,0.0,-0.7855080904693615,-0.10382878051205771,-0.6946596836680456,-0.047640080312775085,-0.6194488057366755,-0.34202739709864877,-0.9421266173251087,-0.544774682906941,-0.8120282851224048,0.0,,,,,-4.892042423152019,,,,,-4.909668022849785,-0.017625599697765833,235,48,False
Jiricek,David Jiricek,MIN,Minnesota Wild,D,18.0,0.0,0.0,0.0,0.0,0.0,51.333333333333336,4.666666666666666,56.0,0.0,23.333333333333336,,,,,davidjiricek,,0.0,0.0,4.666666666666666,56.0,0.0,0.0,51.333333333333336,0.0,23.333333333333336,,,,,,False,False,['D'],2,0.0,0.0,-0.9736178256750143,-1.1541582783968467,0.3113425025292903,0.4472964437044605,-0.6194488057366755,-0.34202739709864877,-1.0530240014632741,-0.544774682906941,-0.9985860388262002,0.0,,,,,-4.92699808386985,,,,,-4.944623683567616,-0.017625599697765833,236,48,False
Hamonic,Travis Hamonic,DET,Detroit Red Wings,D,19.0,0.0,4.421052631578947,0.0,0.0,0.0,70.73684210526315,-48.631578947368425,79.57894736842105,0.0,84.0,,,,,travishamonic,,0.0,4.421052631578947,-48.631578947368425,79.57894736842105,0.0,0.0,70.73684210526315,0.0,84.0,,,,,,False,False,['D'],3,0.0,0.0,-0.9736178256750143,-0.9053960288978179,-1.7776763912967568,1.0724794214104423,-0.6194488057366755,-0.34202739709864877,-0.7456242349048506,-0.544774682906941,-0.19016910610975268,0.0,,,,,-5.026255051216015,,,,,-4.949651483298802,0.07660356791721296,237,48,False
Liljegren,Timothy Liljegren,SJS,San Jose Sharks,D,28.0,0.0,12.0,0.0,0.0,0.0,54.00000000000001,-30.0,54.00000000000001,0.0,75.0,,,,,timothyliljegren,,0.0,12.0,-30.0,54.00000000000001,0.0,0.0,54.00000000000001,0.0,75.0,,,,,,False,False,['D'],2,0.0,0.0,-0.9736178256750143,-0.4789464583280537,-1.0474136970099688,0.39426753041689977,-0.6194488057366755,-0.34202739709864877,-1.010777378934449,-0.544774682906941,-0.3100990906336213,0.0,,,,,-4.932837805906472,,,,,-4.950463405604238,-0.017625599697765833,238,48,False
Perbix,Nick Perbix,NSH,Nashville Predators,D,32.0,5.25,10.5,0.0,0.0,0.0,94.5,-26.25,26.25,0.0,44.625,,,,,nickperbix,,5.25,10.5,-26.25,26.25,0.0,0.0,94.5,0.0,44.625,,,,,,False,False,['D'],2,0.0,0.0,-0.5503709214622958,-0.5633479358366529,-0.9004328581175007,-0.3415086414480085,-0.6194488057366755,-0.34202739709864877,-0.36915679927792033,-0.544774682906941,-0.7148627884016778,0.0,,,,,-4.945930830286322,,,,,-4.963556429984088,-0.017625599697765833,239,48,False
Engstrom,Adam Engstrom,MTL,Montréal Canadiens,D,9.0,0.0,0.0,0.0,0.0,0.0,56.0,9.333333333333332,37.33333333333333,0.0,37.33333333333333,,,,,adamengstrom,,0.0,0.0,9.333333333333332,37.33333333333333,0.0,0.0,56.0,0.0,37.33333333333333,,,,,,False,False,['D'],2,0.0,0.0,-0.9736178256750143,-1.1541582783968467,0.49425199092880595,-0.047640080312775085,-0.6194488057366755,-0.34202739709864877,-0.9790924120378305,-0.544774682906941,-0.8120282851224048,0.0,,,,,-4.9785357763583304,,,,,-4.996161376056096,-0.017625599697765833,240,48,False
van Riemsdyk,Trevor van Riemsdyk,WSH,Washington Capitals,D,27.0,3.1111111111111107,12.444444444444443,0.0,0.0,0.0,49.77777777777777,0.0,31.11111111111111,0.0,9.333333333333332,,,,,trevorvanriemsdyk,,3.1111111111111107,12.444444444444443,0.0,31.11111111111111,0.0,0.0,49.77777777777777,0.0,9.333333333333332,,,,,,False,False,['D'],2,0.0,0.0,-0.7228048454008108,-0.45393861314032075,0.12843301412977468,-0.21261892165185345,-0.6194488057366755,-0.34202739709864877,-1.0776678646050888,-0.544774682906941,-1.1851437925299961,0.0,,,,,-5.029991908940561,,,,,-5.047617508638327,-0.017625599697765833,241,48,False
Dickinson,Sam Dickinson,SJS,San Jose Sharks,D,27.0,3.1111111111111107,6.222222222222221,0.0,0.0,0.0,74.66666666666666,-15.555555555555555,18.666666666666664,0.0,74.66666666666666,,,,,samdickinson,,3.1111111111111107,6.222222222222221,-15.555555555555555,18.666666666666664,0.0,0.0,74.66666666666666,0.0,74.66666666666666,,,,,,False,False,['D'],2,0.0,0.0,-0.7228048454008108,-0.8040484457685837,-0.48126528053527745,-0.5425766043300104,-0.6194488057366755,-0.34202739709864877,-0.683366054336056,-0.544774682906941,-0.3145409419122832,0.0,,,,,-5.054853058025286,,,,,-5.072478657723052,-0.017625599697765833,242,48,False
Brunicke,Harrison Brunicke,PIT,Pittsburgh Penguins,D,9.0,9.333333333333332,0.0,0.0,0.0,0.0,74.66666666666666,-37.33333333333333,56.0,0.0,37.33333333333333,,,,,harrisonbrunicke,,9.333333333333332,0.0,-37.33333333333333,56.0,0.0,0.0,74.66666666666666,0.0,37.33333333333333,,,,,,False,False,['D'],2,0.0,0.0,-0.22117888485240383,-1.1541582783968467,-1.3348428930663503,0.4472964437044605,-0.6194488057366755,-0.34202739709864877,-0.683366054336056,-0.544774682906941,-0.8120282851224048,0.0,,,,,-5.264528837811866,,,,,-5.282154437509632,-0.017625599697765833,243,48,False
Fabbro,Dante Fabbro,CBJ,Columbus Blue Jackets,D,35.0,4.8,9.6,0.0,0.0,0.0,84.0,-28.8,14.4,0.0,60.0,,,,,dantefabbro,,4.8,9.6,-28.8,14.4,0.0,0.0,84.0,0.0,60.0,,,,,,False,False,['D'],2,0.0,0.0,-0.5866492275376717,-0.6139888223418124,-1.000379828564379,-0.6557049526768072,-0.6194488057366755,-0.34202739709864877,-0.5355028754851686,-0.544774682906941,-0.5099823981734023,0.0,,,,,-5.408458990521507,,,,,-5.426084590219273,-0.017625599697765833,244,48,False
Kessel,Matthew Kessel,STL,St. Louis Blues,D,18.0,9.333333333333332,0.0,0.0,0.0,1.0,46.66666666666667,0.0,18.666666666666664,0.0,23.333333333333336,,,,,matthewkessel,,9.333333333333332,0.0,0.0,18.666666666666664,0.0,0.0,46.66666666666667,0.0,23.333333333333336,,,,,,False,False,['D'],2,0.0,0.0,-0.22117888485240383,-1.1541582783968467,0.12843301412977468,-0.5425766043300104,-0.6194488057366755,-0.34202739709864877,-1.1269555908887177,-0.544774682906941,-0.9985860388262002,0.0,,,,,-5.42127326890667,,,,,-5.4388988686044355,-0.017625599697765833,245,48,False
Johnson,Ryan Johnson,BUF,Buffalo Sabres,D,3.0,0.0,0.0,0.0,0.0,0.0,0.0,0.0,56.0,0.0,56.0,,,,,ryanjohnson,,0.0,0.0,0.0,56.0,0.0,0.0,0.0,0.0,56.0,,,,,,False,False,['D'],2,0.0,0.0,-0.9736178256750143,-1.1541582783968467,0.12843301412977468,0.4472964437044605,-0.6194488057366755,-0.34202739709864877,-1.8662714851431543,-0.544774682906941,-0.5632846135173439,0.0,,,,,-5.48785363064039,,,,,-5.505479230338156,-0.017625599697765833,246,48,False
Solovyov,Ilya Solovyov,COL,Colorado Avalanche,D,9.0,0.0,0.0,0.0,0.0,0.0,84.0,-37.33333333333333,37.33333333333333,0.0,102.66666666666667,,,,,ilyasolovyov,,0.0,0.0,-37.33333333333333,37.33333333333333,0.0,0.0,84.0,0.0,102.66666666666667,,,,,,False,False,['D'],2,0.0,0.0,-0.9736178256750143,-1.1541582783968467,-1.3348428930663503,-0.047640080312775085,-0.6194488057366755,-0.34202739709864877,-0.5355028754851686,-0.544774682906941,0.058574565495308206,0.0,,,,,-5.493438273183112,,,,,-5.511063872880878,-0.017625599697765833,247,48,False
Simashev,Dmitri Simashev,UTA,Utah Mammoth,D,24.0,0.0,3.5,0.0,0.0,0.0,80.5,-31.5,63.0,0.0,28.0,,,,,dmitrisimashev,,0.0,3.5,-31.5,63.0,0.0,0.0,80.5,0.0,28.0,,,,,,False,False,['D'],1,0.0,0.0,-0.9736178256750143,-0.9572214975434488,-1.1062060325669558,0.6328976402109238,-0.6194488057366755,-0.34202739709864877,-0.5909515675542513,-0.544774682906941,-0.9364001209249352,0.0,,,,,-5.437750289795947,,,,,-5.549605057108692,-0.11185476731274463,248,48,False
Miller,Colin Miller,WPG,Winnipeg Jets,D,11.0,0.0,0.0,0.0,0.0,0.0,91.63636363636363,-61.09090909090909,45.81818181818181,0.0,145.0909090909091,,,,,colinmiller,,0.0,0.0,-61.09090909090909,45.81818181818181,0.0,0.0,91.63636363636363,0.0,145.0909090909091,,,,,,False,False,['D'],1,0.0,0.0,-0.9736178256750143,-1.1541582783968467,-2.2660184703729755,0.17733106696778647,-0.6194488057366755,-0.34202739709864877,-0.4145239109708064,-0.544774682906941,0.6239010918704464,0.0,,,,,-5.5133372123196756,,,,,-5.625191979632421,-0.11185476731274463,249,48,False
Vlasic,Alex Vlasic,CHI,Chicago Blackhawks,D,34.0,4.9411764705882355,9.882352941176471,0.0,0.0,0.0,79.05882352941177,-29.647058823529413,17.294117647058822,0.0,37.05882352941176,,,,,alexvlasic,,4.9411764705882355,9.882352941176471,-29.647058823529413,17.294117647058822,0.0,0.0,79.05882352941177,0.0,37.05882352941176,,,,,,False,False,['D'],3,0.0,0.0,-0.5752677981806911,-0.5981014853990172,-1.0335802062906776,-0.578968995801866,-0.6194488057366755,-0.34202739709864877,-0.6137833819356383,-0.544774682906941,-0.8156862802930674,0.0,,,,,-5.721639033643222,,,,,-5.645035465726009,0.07660356791721296,250,48,False
Santini,Steven Santini,TBL,Tampa Bay Lightning,D,8.0,0.0,10.5,0.0,0.0,0.0,31.5,0.0,0.0,0.0,63.0,,,,,stevensantini,,0.0,10.5,0.0,0.0,0.0,0.0,31.5,0.0,63.0,,,,,,False,False,['D'],3,0.0,0.0,-0.9736178256750143,-0.5633479358366529,0.12843301412977468,-1.0375131283472458,-0.6194488057366755,-0.34202739709864877,-1.3672332565214096,-0.544774682906941,-0.4700057366654461,0.0,,,,,-5.789535754658259,,,,,-5.712932186741046,0.07660356791721296,251,48,False
Kesselring,Michael Kesselring,BUF,Buffalo Sabres,D,12.0,0.0,0.0,0.0,0.0,0.0,105.0,-35.0,28.0,0.0,70.0,,,,,michaelkesselring,,0.0,0.0,-35.0,28.0,0.0,0.0,105.0,0.0,70.0,,,,,,False,False,['D'],2,0.0,0.0,-0.9736178256750143,-1.1541582783968467,-1.2433881488665925,-0.2951083423213927,-0.6194488057366755,-0.34202739709864877,-0.20281072307067213,-0.544774682906941,-0.3767268598135483,0.0,,,,,-5.752061063886332,,,,,-5.769686663584098,-0.017625599697765833,252,48,False
Kulak,Brett Kulak,PIT,Pittsburgh Penguins,D,35.0,0.0,4.8,0.0,0.0,0.0,84.0,-16.8,28.8,0.0,12.0,,,,,brettkulak,,0.0,4.8,-16.8,28.8,0.0,0.0,84.0,0.0,12.0,,,,,,False,False,['D'],2,0.0,0.0,-0.9736178256750143,-0.8840735503693296,-0.5300411441084817,-0.2738967770063683,-0.6194488057366755,-0.34202739709864877,-0.5355028754851686,-0.544774682906941,-1.1496089823007016,0.0,,,,,-5.8529920406873295,,,,,-5.870617640385095,-0.017625599697765833,253,48,False
Fleury,Haydn Fleury,WPG,Winnipeg Jets,D,16.0,0.0,0.0,0.0,0.0,0.0,57.75,-36.75,31.5,0.0,120.75,,,,,haydnfleury,,0.0,0.0,-36.75,31.5,0.0,0.0,57.75,0.0,120.75,,,,,,False,False,['D'],1,0.0,0.0,-0.9736178256750143,-1.1541582783968467,-1.311979207016411,-0.20230774406816104,-0.6194488057366755,-0.34202739709864877,-0.9513680660032892,-0.544774682906941,0.29954499736271084,0.0,,,,,-5.800137009539277,,,,,-5.911991776852022,-0.11185476731274463,254,48,False
Bryson,Jacob Bryson,BUF,Buffalo Sabres,D,22.0,3.8181818181818183,11.454545454545453,0.0,0.0,0.0,26.727272727272727,-11.454545454545453,15.272727272727273,0.0,22.909090909090907,,,,,jacobbryson,,3.8181818181818183,11.454545454545453,-11.454545454545453,15.272727272727273,0.0,0.0,26.727272727272727,0.0,22.909090909090907,,,,,,False,False,['D'],2,0.0,0.0,-0.6658018953384918,-0.5096379046948171,-0.3205266392144909,-0.632565063242235,-0.6194488057366755,-0.34202739709864877,-1.442845109342886,-0.544774682906941,-1.0042393040899518,0.0,,,,,-6.081866801665138,,,,,-6.0994924013629035,-0.017625599697765833,255,48,False
Johansson,Albert Johansson,DET,Detroit Red Wings,D,37.0,0.0,9.08108108108108,0.0,0.0,0.0,56.75675675675676,-31.783783783783786,9.08108108108108,0.0,77.1891891891892,,,,,albertjohansson,,0.0,9.08108108108108,-31.783783783783786,9.08108108108108,0.0,0.0,56.75675675675676,0.0,77.1891891891892,,,,,,False,False,['D'],3,0.0,0.0,-0.9736178256750143,-0.6431871713177602,-1.1173289068615213,-0.7967331977442664,-0.6194488057366755,-0.34202739709864877,-0.9671035056445153,-0.544774682906941,-0.28092693223592347,0.0,,,,,-6.285148425221266,,,,,-6.2085448573040525,0.07660356791721296,256,48,False
Ginning,Adam Ginning,PHI,Philadelphia Flyers,D,5.0,0.0,0.0,0.0,0.0,0.0,33.6,0.0,0.0,0.0,67.2,,,,,adamginning,,0.0,0.0,0.0,0.0,0.0,0.0,33.6,0.0,67.2,,,,,,False,False,['D'],3,0.0,0.0,-0.9736178256750143,-1.1541582783968467,0.12843301412977468,-1.0375131283472458,-0.6194488057366755,-0.34202739709864877,-1.3339640412799598,-0.544774682906941,-0.4140384105543074,0.0,,,,,-6.291109555865865,,,,,-6.214505987948652,0.07660356791721296,257,48,False
Boqvist,Adam Boqvist,NYI,New York Islanders,D,12.0,0.0,7.0,0.0,0.0,0.0,35.0,-7.0,14.0,0.0,28.0,,,,,adamboqvist,,0.0,7.0,-7.0,14.0,0.0,0.0,35.0,0.0,28.0,,,,,,False,False,['D'],3,0.0,0.0,-0.9736178256750143,-0.7602847166900508,-0.14593121846949877,-0.6663107353343193,-0.6194488057366755,-0.34202739709864877,-1.311784564452327,-0.544774682906941,-0.9364001209249352,0.0,,,,,-6.3005800672884105,,,,,-6.223976499371197,0.07660356791721296,258,48,False
Thrun,Henry Thrun,TOR,Toronto Maple Leafs,D,4.0,0.0,0.0,0.0,0.0,0.0,84.0,-21.0,0.0,0.0,63.0,,,,,henrythrun,,0.0,0.0,-21.0,0.0,0.0,0.0,84.0,0.0,63.0,,,,,,False,False,['D'],3,0.0,0.0,-0.9736178256750143,-1.1541582783968467,-0.6946596836680456,-1.0375131283472458,-0.6194488057366755,-0.34202739709864877,-0.5355028754851686,-0.544774682906941,-0.4700057366654461,0.0,,,,,-6.371708413980033,,,,,-6.29510484606282,0.07660356791721296,259,48,False
Iorio,Vincent Iorio,SJS,San Jose Sharks,D,12.0,0.0,7.0,0.0,0.0,0.0,28.0,-35.0,42.0,0.0,63.0,,,,,vincentiorio,,0.0,7.0,-35.0,42.0,0.0,0.0,28.0,0.0,63.0,,,,,,False,False,['D'],2,0.0,0.0,-0.9736178256750143,-0.7602847166900508,-1.2433881488665925,0.07609405069153391,-0.6194488057366755,-0.34202739709864877,-1.4226819485904925,-0.544774682906941,-0.4700057366654461,0.0,,,,,-6.300135211538328,,,,,-6.317760811236094,-0.017625599697765833,260,48,False
Joseph,Pierre-Olivier Joseph,VAN,Vancouver Canucks,D,11.0,0.0,7.636363636363637,0.0,0.0,0.0,76.36363636363636,-30.545454545454547,15.272727272727273,0.0,30.545454545454547,,,,,pierreolivierjoseph,,0.0,7.636363636363637,-30.545454545454547,15.272727272727273,0.0,0.0,76.36363636363636,0.0,30.545454545454547,,,,,,False,False,['D'],2,0.0,0.0,-0.9736178256750143,-0.7244780292621603,-1.0687927281216005,-0.632565063242235,-0.6194488057366755,-0.34202739709864877,-0.6564818399995309,-0.544774682906941,-0.9024805293424268,0.0,,,,,-6.4646669013852325,,,,,-6.482292501082998,-0.017625599697765833,261,48,False
Christiansen,Jake Christiansen,CBJ,Columbus Blue Jackets,D,19.0,0.0,4.421052631578947,0.0,0.0,0.0,70.73684210526315,-39.78947368421053,17.684210526315788,0.0,66.3157894736842,,,,,jakechristiansen,,0.0,4.421052631578947,-39.78947368421053,17.684210526315788,0.0,0.0,70.73684210526315,0.0,66.3157894736842,,,,,,False,False,['D'],2,0.0,0.0,-0.9736178256750143,-0.9053960288978179,-1.4311110448555693,-0.5686258950677597,-0.6194488057366755,-0.34202739709864877,-0.7456242349048506,-0.544774682906941,-0.4258210055250735,0.0,,,,,-6.556446920668351,,,,,-6.574072520366117,-0.017625599697765833,262,48,False
Leddy,Nick Leddy,SJS,San Jose Sharks,D,14.0,0.0,18.0,0.0,0.0,0.0,36.0,-42.0,36.0,0.0,12.0,,,,,nickleddy,,0.0,18.0,-42.0,36.0,0.0,0.0,36.0,0.0,12.0,,,,,,False,False,['D'],2,0.0,0.0,-0.9736178256750143,-0.1413405482936572,-1.517752381465866,-0.08299268917114892,-0.6194488057366755,-0.34202739709864877,-1.2959420810040176,-0.544774682906941,-1.1496089823007016,0.0,,,,,-6.667505393652672,,,,,-6.6851309933504375,-0.017625599697765833,263,48,False
Callahan,Michael Callahan,BOS,Boston Bruins,D,5.0,0.0,0.0,0.0,0.0,0.0,50.4,-16.8,0.0,0.0,50.4,,,,,michaelcallahan,,0.0,0.0,-16.8,0.0,0.0,0.0,50.4,0.0,50.4,,,,,,False,False,['D'],2,0.0,0.0,-0.9736178256750143,-1.1541582783968467,-0.5300411441084817,-1.0375131283472458,-0.6194488057366755,-0.34202739709864877,-1.067810319348363,-0.544774682906941,-0.6379077149988622,0.0,,,,,-6.907299296617079,,,,,-6.924924896314845,-0.017625599697765833,264,48,False
Mayo,Dysin Mayo,CBJ,Columbus Blue Jackets,D,1.0,0.0,0.0,0.0,0.0,0.0,252.0,-84.0,0.0,0.0,0.0,,,,,dysinmayo,,0.0,0.0,-84.0,0.0,0.0,0.0,252.0,0.0,0.0,,,,,,False,False,['D'],2,0.0,0.0,-0.9736178256750143,-1.1541582783968467,-3.163937777061507,-1.0375131283472458,-0.6194488057366755,-0.34202739709864877,2.1260343438308027,-0.544774682906941,-1.3095156283325264,0.0,,,,,-7.018959179724604,,,,,-7.03658477942237,-0.017625599697765833,265,48,False
Cholowski,Dennis Cholowski,NJD,New Jersey Devils,D,15.0,0.0,5.6,0.0,0.0,0.0,56.0,-28.0,11.2,0.0,16.8,,,,,dennischolowski,,0.0,5.6,-28.0,11.2,0.0,0.0,56.0,0.0,16.8,,,,,,False,False,['D'],2,0.0,0.0,-0.9736178256750143,-0.8390594290314101,-0.9690239162673191,-0.7405512139369046,-0.6194488057366755,-0.34202739709864877,-0.9790924120378305,-0.544774682906941,-1.0856463238879717,0.0,,,,,-7.093242006578716,,,,,-7.110867606276482,-0.017625599697765833,266,48,False
Gustafsson,Erik Gustafsson,DET,Detroit Red Wings,D,1.0,0.0,0.0,0.0,0.0,0.0,168.0,-84.0,0.0,0.0,84.0,,,,,erikgustafsson,,0.0,0.0,-84.0,0.0,0.0,0.0,168.0,0.0,84.0,,,,,,False,False,['D'],3,0.0,0.0,-0.9736178256750143,-1.1541582783968467,-3.163937777061507,-1.0375131283472458,-0.6194488057366755,-0.34202739709864877,0.7952657341728172,-0.544774682906941,-0.19016910610975268,0.0,,,,,-7.2303812671598156,,,,,-7.153777699242602,0.07660356791721296,267,48,False
Määttä,Olli Maatta,UTA,Utah Mammoth,D,19.0,0.0,4.421052631578947,0.0,0.0,0.0,39.78947368421053,-17.684210526315788,8.842105263157894,0.0,4.421052631578947,,,,,ollimaatta,,0.0,4.421052631578947,-17.684210526315788,8.842105263157894,0.0,0.0,39.78947368421053,0.0,4.421052631578947,,,,,,False,False,['D'],1,0.0,0.0,-0.9736178256750143,-0.9053960288978179,-0.5646976787526004,-0.8030695117075027,-0.6194488057366755,-0.34202739709864877,-1.2359074068841083,-0.544774682906941,-1.2506026534786963,0.0,,,,,-7.239541991138005,,,,,-7.35139675845075,-0.11185476731274463,268,48,False
Moverare,Jacob Moverare,LAK,Los Angeles Kings,D,8.0,0.0,0.0,0.0,0.0,0.0,42.0,-21.0,0.0,0.0,31.5,,,,,jacobmoverare,,0.0,0.0,-21.0,0.0,0.0,0.0,42.0,0.0,31.5,,,,,,False,False,['D'],3,0.0,0.0,-0.9736178256750143,-1.1541582783968467,-0.6946596836680456,-1.0375131283472458,-0.6194488057366755,-0.34202739709864877,-1.2008871803141614,-0.544774682906941,-0.8897606824989863,0.0,,,,,-7.456847664642566,,,,,-7.380244096725352,0.07660356791721296,269,48,False
Stillman,Riley Stillman,EDM,Edmonton Oilers,D,2.0,0.0,0.0,0.0,0.0,0.0,42.0,-42.0,0.0,0.0,84.0,,,,,rileystillman,,0.0,0.0,-42.0,0.0,0.0,0.0,42.0,0.0,84.0,,,,,,False,False,['D'],2,0.0,0.0,-0.9736178256750143,-1.1541582783968467,-1.517752381465866,-1.0375131283472458,-0.6194488057366755,-0.34202739709864877,-1.2008871803141614,-0.544774682906941,-0.19016910610975268,0.0,,,,,-7.580348786051153,,,,,-7.597974385748919,-0.017625599697765833,270,48,False
Miromanov,Daniil Miromanov,CGY,Calgary Flames,D,1.0,0.0,0.0,0.0,0.0,0.0,0.0,0.0,0.0,0.0,0.0,,,,,daniilmiromanov,,0.0,0.0,0.0,0.0,0.0,0.0,0.0,0.0,0.0,,,,,,False,False,['D'],2,0.0,0.0,-0.9736178256750143,-1.1541582783968467,0.12843301412977468,-1.0375131283472458,-0.6194488057366755,-0.34202739709864877,-1.8662714851431543,-0.544774682906941,-1.3095156283325264,0.0,,,,,-7.7188942175072786,,,,,-7.7365198172050444,-0.017625599697765833,271,48,False
Slavin,Jaccob Slavin,CAR,Carolina Hurricanes,D,5.0,0.0,0.0,0.0,0.0,0.0,67.2,-33.6,0.0,0.0,0.0,,,,,jaccobslavin,,0.0,0.0,-33.6,0.0,0.0,0.0,67.2,0.0,0.0,,,,,,False,False,['D'],2,0.0,0.0,-0.9736178256750143,-1.1541582783968467,-1.1885153023467379,-1.0375131283472458,-0.6194488057366755,-0.34202739709864877,-0.8016565974167656,-0.544774682906941,-1.3095156283325264,0.0,,,,,-7.971227646257403,,,,,-7.988853245955169,-0.017625599697765833,272,48,False
Kulikov,Dmitry Kulikov,FLA,Florida Panthers,D,2.0,0.0,0.0,0.0,0.0,0.0,42.0,-42.0,0.0,0.0,42.0,,,,,dmitrykulikov,,0.0,0.0,-42.0,0.0,0.0,0.0,42.0,0.0,42.0,,,,,,False,False,['D'],2,0.0,0.0,-0.9736178256750143,-1.1541582783968467,-1.517752381465866,-1.0375131283472458,-0.6194488057366755,-0.34202739709864877,-1.2008871803141614,-0.544774682906941,-0.7498423672211395,0.0,,,,,-8.140022047162539,,,,,-8.157647646860305,-0.017625599697765833,273,48,False
Pickering,Owen Pickering,PIT,Pittsburgh Penguins,D,4.0,0.0,0.0,0.0,0.0,0.0,21.0,-63.0,42.0,0.0,21.0,,,,,owenpickering,,0.0,0.0,-63.0,42.0,0.0,0.0,21.0,0.0,21.0,,,,,,False,False,['D'],2,0.0,0.0,-0.9736178256750143,-1.1541582783968467,-2.3408450792636866,0.07609405069153391,-0.6194488057366755,-0.34202739709864877,-1.533579332728658,-0.544774682906941,-1.029678997776833,0.0,,,,,-8.46203634889177,,,,,-8.479661948589536,-0.017625599697765833,274,48,False
Salomonsson,Elias Salomonsson,WPG,Winnipeg Jets,D,4.0,0.0,0.0,0.0,0.0,0.0,63.0,-84.0,0.0,0.0,105.0,,,,,eliassalomonsson,,0.0,0.0,-84.0,0.0,0.0,0.0,63.0,0.0,105.0,,,,,,False,False,['D'],1,0.0,0.0,-0.9736178256750143,-1.1541582783968467,-3.163937777061507,-1.0375131283472458,-0.6194488057366755,-0.34202739709864877,-0.868195027899665,-0.544774682906941,0.08966752444594074,0.0,,,,,-8.614005398676603,,,,,-8.725860165989348,-0.11185476731274463,275,48,False
Casey,Seamus Casey,NJD,New Jersey Devils,D,2.0,0.0,0.0,0.0,0.0,0.0,168.0,-126.0,0.0,0.0,0.0,,,,,seamuscasey,,0.0,0.0,-126.0,0.0,0.0,0.0,168.0,0.0,0.0,,,,,,False,False,['D'],2,0.0,0.0,-0.9736178256750143,-1.1541582783968467,-4.810123172657148,-1.0375131283472458,-0.6194488057366755,-0.34202739709864877,0.7952657341728172,-0.544774682906941,-1.3095156283325264,0.0,,,,,-9.99591318497823,,,,,-10.013538784675996,-0.017625599697765833,276,48,False
Fensore,Domenick Fensore,CAR,Carolina Hurricanes,D,1.0,0.0,0.0,0.0,0.0,0.0,168.0,-168.0,0.0,0.0,84.0,,,,,domenickfensore,,0.0,0.0,-168.0,0.0,0.0,0.0,168.0,0.0,84.0,,,,,,False,False,['D'],2,0.0,0.0,-0.9736178256750143,-1.1541582783968467,-6.456308568252789,-1.0375131283472458,-0.6194488057366755,-0.34202739709864877,0.7952657341728172,-0.544774682906941,-0.19016910610975268,0.0,,,,,-10.522752058351097,,,,,-10.540377658048863,-0.017625599697765833,277,48,False
Gilbert,Dennis Gilbert,OTT,Ottawa Senators,D,1.0,0.0,0.0,0.0,0.0,0.0,0.0,-84.0,0.0,0.0,0.0,,,,,dennisgilbert,,0.0,0.0,-84.0,0.0,0.0,0.0,0.0,0.0,0.0,,,,,,False,False,['D'],2,0.0,0.0,-0.9736178256750143,-1.1541582783968467,-3.163937777061507,-1.0375131283472458,-0.6194488057366755,-0.34202739709864877,-1.8662714851431543,-0.544774682906941,-1.3095156283325264,0.0,,,,,-11.01126500869856,,,,,-11.028890608396326,-0.017625599697765833,278,48,False
